{
"type": "FeatureCollection",
"name": "accessibility",
"crs": { "type": "name", "properties": { "name": "urn:ogc:def:crs:OGC:1.3:CRS84" } },
"features": [
{ "type": "Feature", "properties": { "GEOID": "261635417003", "NAME": "15000US261635417003", "population": 489, "acs_year": "2020-2024", "ALAND": 491921, "AWATER": 0, "walk_minutes": 46.130781018743633, "access_bin": "> 20 min", "within_15": false, "tract": "26163541700" }, "geometry": { "type": "Polygon", "coordinates": [ [ [ -83.278621, 42.441536 ], [ -83.278462, 42.442118 ], [ -83.278377, 42.442431 ], [ -83.278325, 42.442643 ], [ -83.278301, 42.442739 ], [ -83.278263, 42.442868 ], [ -83.278191, 42.44287 ], [ -83.277532, 42.44289 ], [ -83.277002, 42.442907 ], [ -83.276863, 42.44291 ], [ -83.275694, 42.442945 ], [ -83.273373, 42.443015 ], [ -83.273252, 42.443019 ], [ -83.270183, 42.443112 ], [ -83.269345, 42.443135 ], [ -83.269253, 42.443137 ], [ -83.268549, 42.443155 ], [ -83.268509, 42.443156 ], [ -83.26847, 42.442995 ], [ -83.268449, 42.442694 ], [ -83.268395, 42.44183 ], [ -83.268382, 42.441034 ], [ -83.268342, 42.440234 ], [ -83.268307, 42.439453 ], [ -83.26827, 42.438646 ], [ -83.268231, 42.437851 ], [ -83.268194, 42.437056 ], [ -83.268156, 42.436251 ], [ -83.268268, 42.436238 ], [ -83.271272, 42.436189 ], [ -83.273724, 42.435936 ], [ -83.273806, 42.436121 ], [ -83.27391, 42.436297 ], [ -83.273962, 42.436451 ], [ -83.273995, 42.436638 ], [ -83.27399, 42.436755 ], [ -83.273962, 42.436916 ], [ -83.273908, 42.437014 ], [ -83.273784, 42.437109 ], [ -83.273695, 42.437203 ], [ -83.273562, 42.437325 ], [ -83.273521, 42.437427 ], [ -83.273512, 42.437533 ], [ -83.273573, 42.437659 ], [ -83.273669, 42.437738 ], [ -83.273845, 42.437783 ], [ -83.273995, 42.437772 ], [ -83.274121, 42.437708 ], [ -83.274327, 42.437703 ], [ -83.274521, 42.43769 ], [ -83.274771, 42.437709 ], [ -83.274862, 42.437803 ], [ -83.274862, 42.437903 ], [ -83.274674, 42.438219 ], [ -83.274174, 42.438509 ], [ -83.274125, 42.438825 ], [ -83.274458, 42.439474 ], [ -83.274596, 42.439462 ], [ -83.27474, 42.43934 ], [ -83.274985, 42.439196 ], [ -83.275174, 42.439029 ], [ -83.275661, 42.438922 ], [ -83.275863, 42.438921 ], [ -83.275997, 42.43902 ], [ -83.276111, 42.439193 ], [ -83.276279, 42.439257 ], [ -83.276479, 42.439269 ], [ -83.276764, 42.439348 ], [ -83.276963, 42.439489 ], [ -83.277206, 42.439644 ], [ -83.277329, 42.439841 ], [ -83.277444, 42.440097 ], [ -83.277636, 42.440205 ], [ -83.277739, 42.440368 ], [ -83.277378, 42.44062 ], [ -83.276933, 42.440802 ], [ -83.276606, 42.440901 ], [ -83.276566, 42.44104 ], [ -83.276746, 42.441126 ], [ -83.277142, 42.441111 ], [ -83.2775, 42.441167 ], [ -83.278232, 42.441389 ], [ -83.278639, 42.441474 ], [ -83.278621, 42.441536 ] ] ] } },
{ "type": "Feature", "properties": { "GEOID": "261635170002", "NAME": "15000US261635170002", "population": 983, "acs_year": "2020-2024", "ALAND": 371561, "AWATER": 0, "walk_minutes": 17.374848553422169, "access_bin": "<= 20 min", "within_15": false, "tract": "26163517000" }, "geometry": { "type": "Polygon", "coordinates": [ [ [ -83.041093, 42.340478 ], [ -83.041007, 42.340596 ], [ -83.040665, 42.341038 ], [ -83.040594, 42.341125 ], [ -83.039936, 42.341981 ], [ -83.039921, 42.342 ], [ -83.03962, 42.342394 ], [ -83.038708, 42.343584 ], [ -83.037706, 42.344887 ], [ -83.037585, 42.345045 ], [ -83.037508, 42.345135 ], [ -83.037367, 42.345327 ], [ -83.037029, 42.345765 ], [ -83.036664, 42.346234 ], [ -83.036602, 42.346321 ], [ -83.036303, 42.346709 ], [ -83.036227, 42.346803 ], [ -83.035962, 42.347141 ], [ -83.035904, 42.347216 ], [ -83.035153, 42.346028 ], [ -83.034732, 42.345362 ], [ -83.034976, 42.345258 ], [ -83.035699, 42.344925 ], [ -83.036198, 42.344699 ], [ -83.036391, 42.344597 ], [ -83.036499, 42.34453 ], [ -83.036601, 42.344457 ], [ -83.036697, 42.34438 ], [ -83.036787, 42.344299 ], [ -83.036869, 42.344213 ], [ -83.036945, 42.344124 ], [ -83.037036, 42.344002 ], [ -83.037113, 42.343884 ], [ -83.037224, 42.343683 ], [ -83.037395, 42.343294 ], [ -83.037462, 42.343127 ], [ -83.037477, 42.343089 ], [ -83.037542, 42.3429 ], [ -83.037599, 42.342711 ], [ -83.037674, 42.342391 ], [ -83.037677, 42.342286 ], [ -83.036218, 42.342965 ], [ -83.035023, 42.340911 ], [ -83.032877, 42.337966 ], [ -83.03376, 42.337586 ], [ -83.036317, 42.336485 ], [ -83.037444, 42.335969 ], [ -83.03783, 42.335795 ], [ -83.038403, 42.336704 ], [ -83.038844, 42.337378 ], [ -83.039169, 42.337869 ], [ -83.039623, 42.338522 ], [ -83.039932, 42.338927 ], [ -83.040083, 42.339093 ], [ -83.040244, 42.339252 ], [ -83.040454, 42.339434 ], [ -83.040541, 42.339531 ], [ -83.041344, 42.340161 ], [ -83.041093, 42.340478 ] ] ] } },
{ "type": "Feature", "properties": { "GEOID": "261635223003", "NAME": "15000US261635223003", "population": 19, "acs_year": "2020-2024", "ALAND": 378900, "AWATER": 0, "walk_minutes": 33.173843240242896, "access_bin": "> 20 min", "within_15": false, "tract": "26163522300" }, "geometry": { "type": "Polygon", "coordinates": [ [ [ -83.110723, 42.356216 ], [ -83.110675, 42.356298 ], [ -83.110492, 42.356427 ], [ -83.110323, 42.356526 ], [ -83.11021, 42.356584 ], [ -83.109852, 42.356739 ], [ -83.109559, 42.356857 ], [ -83.109286, 42.356966 ], [ -83.108843, 42.357133 ], [ -83.105565, 42.358351 ], [ -83.102866, 42.359352 ], [ -83.102401, 42.359526 ], [ -83.102264, 42.359334 ], [ -83.102178, 42.359214 ], [ -83.101554, 42.358278 ], [ -83.101423, 42.358084 ], [ -83.100997, 42.357461 ], [ -83.10092, 42.357347 ], [ -83.100523, 42.356761 ], [ -83.100333, 42.35648 ], [ -83.100263, 42.356378 ], [ -83.099982, 42.356014 ], [ -83.09942, 42.355282 ], [ -83.098927, 42.35463 ], [ -83.098881, 42.354562 ], [ -83.099821, 42.354037 ], [ -83.100409, 42.353704 ], [ -83.100926, 42.35337 ], [ -83.101006, 42.353283 ], [ -83.101094, 42.353219 ], [ -83.101264, 42.353114 ], [ -83.101868, 42.352784 ], [ -83.102094, 42.352653 ], [ -83.102328, 42.352793 ], [ -83.102784, 42.353044 ], [ -83.103365, 42.353323 ], [ -83.103828, 42.353533 ], [ -83.104106, 42.353648 ], [ -83.104292, 42.353726 ], [ -83.104733, 42.353892 ], [ -83.105575, 42.354151 ], [ -83.106845, 42.354522 ], [ -83.107481, 42.354712 ], [ -83.108007, 42.354883 ], [ -83.108982, 42.355247 ], [ -83.10943, 42.355427 ], [ -83.109868, 42.355636 ], [ -83.11041, 42.355937 ], [ -83.110799, 42.356125 ], [ -83.110723, 42.356216 ] ] ] } },
{ "type": "Feature", "properties": { "GEOID": "261635057005", "NAME": "15000US261635057005", "population": 871, "acs_year": "2020-2024", "ALAND": 1905283, "AWATER": 0, "walk_minutes": 9.2347235168561301, "access_bin": "<= 10 min", "within_15": true, "tract": "26163505700" }, "geometry": { "type": "Polygon", "coordinates": [ [ [ -83.013123, 42.401069 ], [ -83.008595, 42.401229 ], [ -83.004069, 42.401361 ], [ -83.003794, 42.401361 ], [ -83.001527, 42.401437 ], [ -83.000724, 42.400644 ], [ -83.00046, 42.400381 ], [ -82.999745, 42.401478 ], [ -82.998785, 42.402949 ], [ -82.998633, 42.403181 ], [ -82.99805, 42.40408 ], [ -82.997504, 42.404909 ], [ -82.997245, 42.40471 ], [ -82.996273, 42.40395 ], [ -82.99528, 42.403162 ], [ -82.994762, 42.402745 ], [ -82.994358, 42.402324 ], [ -82.993525, 42.401458 ], [ -82.992775, 42.400674 ], [ -82.992111, 42.399981 ], [ -82.991466, 42.399306 ], [ -82.990822, 42.398639 ], [ -82.990208, 42.39797 ], [ -82.990044, 42.397855 ], [ -82.989517, 42.39731 ], [ -82.989321, 42.397179 ], [ -82.989199, 42.397104 ], [ -82.98907, 42.397034 ], [ -82.988932, 42.396968 ], [ -82.988845, 42.396934 ], [ -82.988722, 42.396898 ], [ -82.988436, 42.396841 ], [ -82.988254, 42.396806 ], [ -82.988067, 42.396759 ], [ -82.98787, 42.39668 ], [ -82.987766, 42.396638 ], [ -82.988138, 42.396362 ], [ -82.988185, 42.396326 ], [ -82.988577, 42.396036 ], [ -82.988757, 42.395903 ], [ -82.989223, 42.395557 ], [ -82.989428, 42.395403 ], [ -82.990168, 42.394844 ], [ -82.990838, 42.394363 ], [ -82.990892, 42.394322 ], [ -82.991187, 42.394124 ], [ -82.991544, 42.39392 ], [ -82.991817, 42.393774 ], [ -82.992054, 42.393643 ], [ -82.992398, 42.393465 ], [ -82.992897, 42.393236 ], [ -82.993337, 42.393063 ], [ -82.993861, 42.392883 ], [ -82.994211, 42.392776 ], [ -82.994582, 42.392673 ], [ -82.994873, 42.392601 ], [ -82.9953, 42.392508 ], [ -82.995926, 42.392393 ], [ -82.996735, 42.392284 ], [ -82.997168, 42.392248 ], [ -82.997221, 42.392244 ], [ -82.997551, 42.39223 ], [ -82.997886, 42.392221 ], [ -82.998534, 42.392226 ], [ -82.998819, 42.392228 ], [ -82.99927, 42.392221 ], [ -82.999563, 42.392223 ], [ -82.999754, 42.392226 ], [ -83.000477, 42.392237 ], [ -83.001025, 42.392235 ], [ -83.001625, 42.392223 ], [ -83.001951, 42.392204 ], [ -83.00272, 42.392139 ], [ -83.003352, 42.392073 ], [ -83.003915, 42.391981 ], [ -83.004417, 42.391901 ], [ -83.004522, 42.391884 ], [ -83.005278, 42.391751 ], [ -83.005801, 42.391645 ], [ -83.005886, 42.391626 ], [ -83.006248, 42.391544 ], [ -83.006277, 42.391537 ], [ -83.006323, 42.391524 ], [ -83.006474, 42.391483 ], [ -83.007018, 42.391328 ], [ -83.007368, 42.391228 ], [ -83.008099, 42.391006 ], [ -83.008292, 42.390947 ], [ -83.008376, 42.390991 ], [ -83.008441, 42.391024 ], [ -83.009328, 42.391484 ], [ -83.009691, 42.391671 ], [ -83.010579, 42.39213 ], [ -83.010807, 42.392082 ], [ -83.011241, 42.393269 ], [ -83.011475, 42.393981 ], [ -83.011693, 42.394678 ], [ -83.011995, 42.394624 ], [ -83.012331, 42.396691 ], [ -83.01253, 42.396674 ], [ -83.012648, 42.39781 ], [ -83.012904, 42.397794 ], [ -83.012955, 42.398552 ], [ -83.013011, 42.399368 ], [ -83.013067, 42.400208 ], [ -83.013123, 42.401069 ] ] ] } },
{ "type": "Feature", "properties": { "GEOID": "261635418002", "NAME": "15000US261635418002", "population": 1419, "acs_year": "2020-2024", "ALAND": 559994, "AWATER": 0, "walk_minutes": 39.658173204285269, "access_bin": "> 20 min", "within_15": false, "tract": "26163541800" }, "geometry": { "type": "Polygon", "coordinates": [ [ [ -83.287527, 42.434882 ], [ -83.287136, 42.434895 ], [ -83.286932, 42.434902 ], [ -83.28511, 42.434967 ], [ -83.283799, 42.435011 ], [ -83.281444, 42.435088 ], [ -83.280082, 42.43513 ], [ -83.279007, 42.435149 ], [ -83.27836, 42.435159 ], [ -83.277964, 42.435164 ], [ -83.27779, 42.433868 ], [ -83.277756, 42.433521 ], [ -83.277737, 42.433226 ], [ -83.277639, 42.430503 ], [ -83.277561, 42.428939 ], [ -83.277991, 42.428927 ], [ -83.278773, 42.428898 ], [ -83.279325, 42.428876 ], [ -83.280552, 42.428823 ], [ -83.281201, 42.428796 ], [ -83.281762, 42.428774 ], [ -83.282993, 42.428725 ], [ -83.283639, 42.428699 ], [ -83.284183, 42.428675 ], [ -83.284925, 42.428644 ], [ -83.285352, 42.428628 ], [ -83.286059, 42.428599 ], [ -83.286609, 42.428577 ], [ -83.287207, 42.428554 ], [ -83.287341, 42.428554 ], [ -83.287343, 42.428609 ], [ -83.287356, 42.42912 ], [ -83.287447, 42.432239 ], [ -83.287527, 42.434882 ] ] ] } },
{ "type": "Feature", "properties": { "GEOID": "261635363002", "NAME": "15000US261635363002", "population": 861, "acs_year": "2020-2024", "ALAND": 408051, "AWATER": 0, "walk_minutes": 22.841359329858435, "access_bin": "> 20 min", "within_15": false, "tract": "26163536300" }, "geometry": { "type": "Polygon", "coordinates": [ [ [ -83.159824, 42.405324 ], [ -83.159618, 42.405251 ], [ -83.159243, 42.405146 ], [ -83.159112, 42.405113 ], [ -83.158598, 42.404984 ], [ -83.157975, 42.404871 ], [ -83.157588, 42.404826 ], [ -83.157367, 42.40481 ], [ -83.157133, 42.404801 ], [ -83.156414, 42.404789 ], [ -83.156254, 42.404791 ], [ -83.155497, 42.404802 ], [ -83.15369, 42.404829 ], [ -83.153456, 42.404827 ], [ -83.152873, 42.404825 ], [ -83.150612, 42.404868 ], [ -83.148462, 42.404864 ], [ -83.147305, 42.404863 ], [ -83.146209, 42.404874 ], [ -83.146083, 42.404876 ], [ -83.145628, 42.404879 ], [ -83.143724, 42.40489 ], [ -83.141777, 42.404928 ], [ -83.14083, 42.404947 ], [ -83.140349, 42.404957 ], [ -83.140343, 42.404807 ], [ -83.140331, 42.404503 ], [ -83.140255, 42.402664 ], [ -83.14131, 42.402654 ], [ -83.142377, 42.402645 ], [ -83.143594, 42.402635 ], [ -83.144842, 42.402625 ], [ -83.146055, 42.402615 ], [ -83.146749, 42.402609 ], [ -83.147233, 42.402605 ], [ -83.148374, 42.402595 ], [ -83.149483, 42.402585 ], [ -83.149877, 42.402583 ], [ -83.15053, 42.402578 ], [ -83.151511, 42.402572 ], [ -83.152387, 42.402566 ], [ -83.153373, 42.40256 ], [ -83.154356, 42.402554 ], [ -83.154815, 42.402551 ], [ -83.155326, 42.402548 ], [ -83.156415, 42.40254 ], [ -83.157525, 42.402533 ], [ -83.158608, 42.402526 ], [ -83.159688, 42.402515 ], [ -83.159701, 42.402602 ], [ -83.159728, 42.403582 ], [ -83.159775, 42.404324 ], [ -83.159795, 42.404694 ], [ -83.159809, 42.405003 ], [ -83.159816, 42.405163 ], [ -83.159824, 42.405324 ] ] ] } },
{ "type": "Feature", "properties": { "GEOID": "261635448001", "NAME": "15000US261635448001", "population": 551, "acs_year": "2020-2024", "ALAND": 1008968, "AWATER": 0, "walk_minutes": 35.396728186961354, "access_bin": "> 20 min", "within_15": false, "tract": "26163544800" }, "geometry": { "type": "Polygon", "coordinates": [ [ [ -83.261519, 42.393034 ], [ -83.260283, 42.393047 ], [ -83.259074, 42.393057 ], [ -83.257868, 42.393068 ], [ -83.257282, 42.393074 ], [ -83.256695, 42.393079 ], [ -83.256419, 42.393083 ], [ -83.255324, 42.393098 ], [ -83.254122, 42.393114 ], [ -83.252921, 42.393137 ], [ -83.251708, 42.393159 ], [ -83.250374, 42.393185 ], [ -83.249049, 42.393211 ], [ -83.247969, 42.393232 ], [ -83.246827, 42.393267 ], [ -83.24681, 42.391883 ], [ -83.246774, 42.39086 ], [ -83.246688, 42.388465 ], [ -83.246601, 42.386075 ], [ -83.246595, 42.385781 ], [ -83.246592, 42.38561 ], [ -83.250405, 42.385553 ], [ -83.250506, 42.385551 ], [ -83.251973, 42.385545 ], [ -83.254913, 42.385602 ], [ -83.256033, 42.385615 ], [ -83.256112, 42.385616 ], [ -83.256192, 42.385616 ], [ -83.256421, 42.385619 ], [ -83.2565, 42.38562 ], [ -83.25658, 42.38562 ], [ -83.25776, 42.385651 ], [ -83.257932, 42.385655 ], [ -83.258782, 42.38569 ], [ -83.259819, 42.385734 ], [ -83.260571, 42.385765 ], [ -83.261097, 42.385781 ], [ -83.261314, 42.385788 ], [ -83.261302, 42.386073 ], [ -83.26132, 42.386513 ], [ -83.261317, 42.386562 ], [ -83.261343, 42.387318 ], [ -83.261371, 42.388199 ], [ -83.261393, 42.388941 ], [ -83.261421, 42.38976 ], [ -83.261444, 42.3906 ], [ -83.261468, 42.391378 ], [ -83.261492, 42.39219 ], [ -83.261519, 42.393034 ] ] ] } },
{ "type": "Feature", "properties": { "GEOID": "261635462011", "NAME": "15000US261635462011", "population": 2276, "acs_year": "2020-2024", "ALAND": 698987, "AWATER": 0, "walk_minutes": 35.927323377447166, "access_bin": "> 20 min", "within_15": false, "tract": "26163546201" }, "geometry": { "type": "Polygon", "coordinates": [ [ [ -83.264864, 42.34893 ], [ -83.264141, 42.348944 ], [ -83.26295, 42.34901 ], [ -83.261741, 42.349079 ], [ -83.260533, 42.349148 ], [ -83.259324, 42.349217 ], [ -83.258116, 42.349286 ], [ -83.256909, 42.349356 ], [ -83.256272, 42.349392 ], [ -83.255155, 42.348433 ], [ -83.254295, 42.347696 ], [ -83.25426, 42.347652 ], [ -83.254247, 42.347611 ], [ -83.254145, 42.346611 ], [ -83.253903, 42.344242 ], [ -83.253705, 42.342355 ], [ -83.253623, 42.341893 ], [ -83.253839, 42.341874 ], [ -83.254857, 42.341832 ], [ -83.256078, 42.341797 ], [ -83.257288, 42.341763 ], [ -83.258514, 42.341732 ], [ -83.25977, 42.341705 ], [ -83.260817, 42.341697 ], [ -83.260986, 42.3417 ], [ -83.262238, 42.341729 ], [ -83.262466, 42.341733 ], [ -83.263186, 42.341714 ], [ -83.263708, 42.3417 ], [ -83.264045, 42.341691 ], [ -83.264022, 42.341749 ], [ -83.263986, 42.342058 ], [ -83.263987, 42.342152 ], [ -83.264106, 42.342584 ], [ -83.26425, 42.342795 ], [ -83.264353, 42.343089 ], [ -83.26439, 42.343324 ], [ -83.264342, 42.343572 ], [ -83.264416, 42.344377 ], [ -83.264612, 42.3463 ], [ -83.264864, 42.34893 ] ] ] } },
{ "type": "Feature", "properties": { "GEOID": "261635462012", "NAME": "15000US261635462012", "population": 1196, "acs_year": "2020-2024", "ALAND": 324874, "AWATER": 0, "walk_minutes": 36.776214312912529, "access_bin": "> 20 min", "within_15": false, "tract": "26163546201" }, "geometry": { "type": "Polygon", "coordinates": [ [ [ -83.265656, 42.357055 ], [ -83.265246, 42.357065 ], [ -83.26499, 42.357073 ], [ -83.264883, 42.356567 ], [ -83.264777, 42.355072 ], [ -83.263587, 42.355114 ], [ -83.263252, 42.355127 ], [ -83.263155, 42.355123 ], [ -83.263061, 42.355108 ], [ -83.262993, 42.355089 ], [ -83.262928, 42.355065 ], [ -83.262868, 42.355035 ], [ -83.262796, 42.354987 ], [ -83.261702, 42.354049 ], [ -83.260495, 42.353014 ], [ -83.259156, 42.351867 ], [ -83.257824, 42.350723 ], [ -83.256823, 42.349872 ], [ -83.256272, 42.349392 ], [ -83.256909, 42.349356 ], [ -83.258116, 42.349286 ], [ -83.259324, 42.349217 ], [ -83.260533, 42.349148 ], [ -83.261741, 42.349079 ], [ -83.26295, 42.34901 ], [ -83.264141, 42.348944 ], [ -83.264864, 42.34893 ], [ -83.265144, 42.35173 ], [ -83.265334, 42.353539 ], [ -83.265493, 42.35507 ], [ -83.265656, 42.357055 ] ] ] } },
{ "type": "Feature", "properties": { "GEOID": "261635433004", "NAME": "15000US261635433004", "population": 831, "acs_year": "2020-2024", "ALAND": 1414948, "AWATER": 0, "walk_minutes": 19.420961745509906, "access_bin": "<= 20 min", "within_15": false, "tract": "26163543300" }, "geometry": { "type": "Polygon", "coordinates": [ [ [ -83.236851, 42.386254 ], [ -83.235648, 42.386279 ], [ -83.23442, 42.386307 ], [ -83.233241, 42.386333 ], [ -83.232007, 42.386361 ], [ -83.230859, 42.386385 ], [ -83.229684, 42.386413 ], [ -83.228425, 42.38644 ], [ -83.227167, 42.386468 ], [ -83.226003, 42.386497 ], [ -83.224769, 42.386525 ], [ -83.223555, 42.386552 ], [ -83.222304, 42.38658 ], [ -83.221025, 42.386609 ], [ -83.21984, 42.386635 ], [ -83.219046, 42.386652 ], [ -83.21864, 42.386667 ], [ -83.218058, 42.386694 ], [ -83.217735, 42.38671 ], [ -83.21755, 42.386712 ], [ -83.217508, 42.385732 ], [ -83.217503, 42.385455 ], [ -83.217445, 42.384361 ], [ -83.217428, 42.384036 ], [ -83.217409, 42.383676 ], [ -83.21738, 42.383019 ], [ -83.217352, 42.382672 ], [ -83.217286, 42.382046 ], [ -83.217039, 42.3797 ], [ -83.217013, 42.379456 ], [ -83.216963, 42.379047 ], [ -83.216951, 42.378951 ], [ -83.216931, 42.378803 ], [ -83.216979, 42.378803 ], [ -83.217054, 42.378805 ], [ -83.217117, 42.378804 ], [ -83.217209, 42.378803 ], [ -83.217343, 42.378801 ], [ -83.217861, 42.378798 ], [ -83.217893, 42.378798 ], [ -83.21852, 42.378777 ], [ -83.218989, 42.378753 ], [ -83.219614, 42.378711 ], [ -83.22117, 42.378545 ], [ -83.222515, 42.378381 ], [ -83.222932, 42.378325 ], [ -83.223442, 42.378264 ], [ -83.224015, 42.378205 ], [ -83.224488, 42.378163 ], [ -83.224978, 42.378126 ], [ -83.225541, 42.37809 ], [ -83.226084, 42.378063 ], [ -83.226626, 42.378041 ], [ -83.227126, 42.378028 ], [ -83.227648, 42.37802 ], [ -83.22817, 42.378019 ], [ -83.228692, 42.378024 ], [ -83.2293, 42.378037 ], [ -83.229755, 42.378052 ], [ -83.23036, 42.378082 ], [ -83.230807, 42.378112 ], [ -83.231265, 42.378149 ], [ -83.231472, 42.378171 ], [ -83.231853, 42.378223 ], [ -83.23218, 42.37829 ], [ -83.232461, 42.378354 ], [ -83.232808, 42.37844 ], [ -83.233185, 42.378558 ], [ -83.233884, 42.378839 ], [ -83.234199, 42.379 ], [ -83.234494, 42.37914 ], [ -83.234897, 42.37936 ], [ -83.235494, 42.379708 ], [ -83.236506, 42.380366 ], [ -83.236653, 42.380462 ], [ -83.236658, 42.380548 ], [ -83.236665, 42.380667 ], [ -83.23667, 42.380769 ], [ -83.236673, 42.380825 ], [ -83.23669, 42.381196 ], [ -83.236698, 42.38204 ], [ -83.236717, 42.382444 ], [ -83.236727, 42.382654 ], [ -83.236774, 42.383952 ], [ -83.236807, 42.384687 ], [ -83.236815, 42.38551 ], [ -83.236851, 42.386254 ] ] ] } },
{ "type": "Feature", "properties": { "GEOID": "261635471004", "NAME": "15000US261635471004", "population": 491, "acs_year": "2020-2024", "ALAND": 354632, "AWATER": 0, "walk_minutes": 22.91295312201726, "access_bin": "> 20 min", "within_15": false, "tract": "26163547100" }, "geometry": { "type": "Polygon", "coordinates": [ [ [ -83.236559, 42.378718 ], [ -83.236076, 42.378579 ], [ -83.235485, 42.378399 ], [ -83.234941, 42.378191 ], [ -83.234356, 42.377944 ], [ -83.233846, 42.377695 ], [ -83.233474, 42.377513 ], [ -83.232994, 42.377223 ], [ -83.232662, 42.377001 ], [ -83.232173, 42.376632 ], [ -83.231398, 42.376033 ], [ -83.229083, 42.374257 ], [ -83.226748, 42.372447 ], [ -83.226453, 42.372255 ], [ -83.226218, 42.372078 ], [ -83.227562, 42.372031 ], [ -83.227696, 42.372029 ], [ -83.228969, 42.372008 ], [ -83.23018, 42.371984 ], [ -83.231398, 42.371966 ], [ -83.232599, 42.37195 ], [ -83.233821, 42.371925 ], [ -83.235036, 42.371906 ], [ -83.236257, 42.371891 ], [ -83.236329, 42.374069 ], [ -83.236404, 42.37637 ], [ -83.23641, 42.376555 ], [ -83.236457, 42.377209 ], [ -83.236505, 42.377747 ], [ -83.23651, 42.377765 ], [ -83.236556, 42.378664 ], [ -83.236559, 42.378718 ] ] ] } },
{ "type": "Feature", "properties": { "GEOID": "261635470001", "NAME": "15000US261635470001", "population": 1050, "acs_year": "2020-2024", "ALAND": 331383, "AWATER": 0, "walk_minutes": 20.362145904648091, "access_bin": "> 20 min", "within_15": false, "tract": "26163547000" }, "geometry": { "type": "Polygon", "coordinates": [ [ [ -83.246228, 42.371829 ], [ -83.244983, 42.371845 ], [ -83.243717, 42.371861 ], [ -83.242458, 42.371872 ], [ -83.24181, 42.371875 ], [ -83.241228, 42.371873 ], [ -83.241213, 42.371741 ], [ -83.241207, 42.370991 ], [ -83.241156, 42.36952 ], [ -83.241073, 42.367041 ], [ -83.240995, 42.364622 ], [ -83.242217, 42.364608 ], [ -83.243487, 42.364593 ], [ -83.244759, 42.364575 ], [ -83.245947, 42.364559 ], [ -83.245963, 42.364643 ], [ -83.246052, 42.366971 ], [ -83.246144, 42.369479 ], [ -83.246228, 42.371829 ] ] ] } },
{ "type": "Feature", "properties": { "GEOID": "261635470002", "NAME": "15000US261635470002", "population": 832, "acs_year": "2020-2024", "ALAND": 327812, "AWATER": 0, "walk_minutes": 15.808067613890733, "access_bin": "<= 20 min", "within_15": false, "tract": "26163547000" }, "geometry": { "type": "Polygon", "coordinates": [ [ [ -83.241228, 42.371873 ], [ -83.240003, 42.37187 ], [ -83.238781, 42.371873 ], [ -83.237529, 42.371879 ], [ -83.236257, 42.371891 ], [ -83.236185, 42.369517 ], [ -83.236112, 42.367126 ], [ -83.236039, 42.364704 ], [ -83.237272, 42.364684 ], [ -83.238492, 42.364663 ], [ -83.239719, 42.364642 ], [ -83.240995, 42.364622 ], [ -83.241073, 42.367041 ], [ -83.241156, 42.36952 ], [ -83.241207, 42.370991 ], [ -83.241213, 42.371741 ], [ -83.241228, 42.371873 ] ] ] } },
{ "type": "Feature", "properties": { "GEOID": "261635437001", "NAME": "15000US261635437001", "population": 271, "acs_year": "2020-2024", "ALAND": 499663, "AWATER": 0, "walk_minutes": 28.121178325776235, "access_bin": "> 20 min", "within_15": false, "tract": "26163543700" }, "geometry": { "type": "Polygon", "coordinates": [ [ [ -83.237231, 42.395796 ], [ -83.232358, 42.395825 ], [ -83.232282, 42.393589 ], [ -83.231261, 42.393602 ], [ -83.231092, 42.393609 ], [ -83.231014, 42.391189 ], [ -83.230934, 42.388794 ], [ -83.230856, 42.386537 ], [ -83.230859, 42.386385 ], [ -83.232007, 42.386361 ], [ -83.233241, 42.386333 ], [ -83.23442, 42.386307 ], [ -83.235648, 42.386279 ], [ -83.236851, 42.386254 ], [ -83.236871, 42.386688 ], [ -83.236904, 42.387691 ], [ -83.236924, 42.388014 ], [ -83.236947, 42.388658 ], [ -83.237041, 42.391055 ], [ -83.237067, 42.391709 ], [ -83.237138, 42.393478 ], [ -83.237231, 42.395796 ] ] ] } },
{ "type": "Feature", "properties": { "GEOID": "261635433002", "NAME": "15000US261635433002", "population": 653, "acs_year": "2020-2024", "ALAND": 243536, "AWATER": 0, "walk_minutes": 20.371639464754349, "access_bin": "> 20 min", "within_15": false, "tract": "26163543300" }, "geometry": { "type": "Polygon", "coordinates": [ [ [ -83.231092, 42.393609 ], [ -83.229929, 42.39363 ], [ -83.228668, 42.393661 ], [ -83.227407, 42.39369 ], [ -83.227408, 42.393576 ], [ -83.227329, 42.391275 ], [ -83.227247, 42.388878 ], [ -83.227167, 42.386468 ], [ -83.228425, 42.38644 ], [ -83.229684, 42.386413 ], [ -83.230859, 42.386385 ], [ -83.230856, 42.386537 ], [ -83.230934, 42.388794 ], [ -83.231014, 42.391189 ], [ -83.231092, 42.393609 ] ] ] } },
{ "type": "Feature", "properties": { "GEOID": "261635191002", "NAME": "15000US261635191002", "population": 237, "acs_year": "2020-2024", "ALAND": 1058805, "AWATER": 0, "walk_minutes": 27.970009552063797, "access_bin": "> 20 min", "within_15": false, "tract": "26163519100" }, "geometry": { "type": "Polygon", "coordinates": [ [ [ -83.052355, 42.372208 ], [ -83.051847, 42.372453 ], [ -83.051643, 42.372541 ], [ -83.051144, 42.372758 ], [ -83.05014, 42.373096 ], [ -83.050003, 42.373145 ], [ -83.04988, 42.37319 ], [ -83.049353, 42.373383 ], [ -83.048377, 42.373726 ], [ -83.047512, 42.37403 ], [ -83.04719, 42.374146 ], [ -83.046396, 42.374432 ], [ -83.043254, 42.375577 ], [ -83.041786, 42.376137 ], [ -83.041681, 42.376018 ], [ -83.041494, 42.375752 ], [ -83.040829, 42.374745 ], [ -83.040348, 42.373978 ], [ -83.040287, 42.373907 ], [ -83.040221, 42.373856 ], [ -83.040077, 42.373724 ], [ -83.039935, 42.373564 ], [ -83.039748, 42.373366 ], [ -83.039311, 42.372708 ], [ -83.038624, 42.371672 ], [ -83.037932, 42.370625 ], [ -83.037327, 42.369717 ], [ -83.036805, 42.368932 ], [ -83.036332, 42.368212 ], [ -83.035857, 42.367492 ], [ -83.036827, 42.36714 ], [ -83.037787, 42.366792 ], [ -83.038751, 42.366439 ], [ -83.040322, 42.365864 ], [ -83.040792, 42.365697 ], [ -83.042807, 42.364966 ], [ -83.04435, 42.364406 ], [ -83.045107, 42.364132 ], [ -83.046102, 42.363773 ], [ -83.046309, 42.363698 ], [ -83.046634, 42.36358 ], [ -83.046843, 42.363848 ], [ -83.047125, 42.364275 ], [ -83.04733, 42.364624 ], [ -83.047479, 42.364868 ], [ -83.047582, 42.365015 ], [ -83.048102, 42.365795 ], [ -83.049384, 42.367757 ], [ -83.049432, 42.367827 ], [ -83.051904, 42.37154 ], [ -83.052261, 42.372049 ], [ -83.052355, 42.372208 ] ] ] } },
{ "type": "Feature", "properties": { "GEOID": "261635058002", "NAME": "15000US261635058002", "population": 1875, "acs_year": "2020-2024", "ALAND": 265510, "AWATER": 0, "walk_minutes": 32.507549595318558, "access_bin": "> 20 min", "within_15": false, "tract": "26163505800" }, "geometry": { "type": "Polygon", "coordinates": [ [ [ -83.044356, 42.390181 ], [ -83.043204, 42.390198 ], [ -83.042302, 42.390214 ], [ -83.042304, 42.390571 ], [ -83.042321, 42.391283 ], [ -83.042336, 42.392041 ], [ -83.042349, 42.392594 ], [ -83.042375, 42.393127 ], [ -83.041309, 42.393125 ], [ -83.037402, 42.39312 ], [ -83.037381, 42.392581 ], [ -83.037366, 42.392135 ], [ -83.037346, 42.391362 ], [ -83.03734, 42.391119 ], [ -83.037333, 42.390692 ], [ -83.03733, 42.39041 ], [ -83.037339, 42.390353 ], [ -83.037361, 42.39027 ], [ -83.037636, 42.389648 ], [ -83.037927, 42.389016 ], [ -83.037951, 42.388963 ], [ -83.037986, 42.388888 ], [ -83.038246, 42.388269 ], [ -83.038559, 42.387567 ], [ -83.038867, 42.386873 ], [ -83.03903, 42.386521 ], [ -83.03912, 42.386168 ], [ -83.039167, 42.385984 ], [ -83.03952, 42.386304 ], [ -83.039655, 42.386413 ], [ -83.040164, 42.386819 ], [ -83.041194, 42.387639 ], [ -83.041976, 42.388262 ], [ -83.042871, 42.388972 ], [ -83.042957, 42.389045 ], [ -83.043542, 42.389502 ], [ -83.043991, 42.389885 ], [ -83.044356, 42.390181 ] ] ] } },
{ "type": "Feature", "properties": { "GEOID": "261635203003", "NAME": "15000US261635203003", "population": 1427, "acs_year": "2020-2024", "ALAND": 130129, "AWATER": 0, "walk_minutes": 13.793021343415077, "access_bin": "<= 15 min", "within_15": true, "tract": "26163520300" }, "geometry": { "type": "Polygon", "coordinates": [ [ [ -83.06517, 42.353811 ], [ -83.064609, 42.354051 ], [ -83.063808, 42.354394 ], [ -83.062994, 42.354743 ], [ -83.062674, 42.354278 ], [ -83.062259, 42.353707 ], [ -83.061463, 42.352707 ], [ -83.061372, 42.352587 ], [ -83.060748, 42.351669 ], [ -83.060017, 42.350577 ], [ -83.062914, 42.349426 ], [ -83.063529, 42.350503 ], [ -83.064135, 42.35157 ], [ -83.064246, 42.351767 ], [ -83.064946, 42.352991 ], [ -83.065041, 42.353157 ], [ -83.065376, 42.353738 ], [ -83.06517, 42.353811 ] ] ] } },
{ "type": "Feature", "properties": { "GEOID": "261635190001", "NAME": "15000US261635190001", "population": 450, "acs_year": "2020-2024", "ALAND": 741602, "AWATER": 0, "walk_minutes": 7.1638090533376921, "access_bin": "<= 10 min", "within_15": true, "tract": "26163519000" }, "geometry": { "type": "Polygon", "coordinates": [ [ [ -83.035857, 42.367492 ], [ -83.034211, 42.368092 ], [ -83.031803, 42.368967 ], [ -83.031002, 42.369257 ], [ -83.030287, 42.369516 ], [ -83.027655, 42.370473 ], [ -83.026968, 42.369424 ], [ -83.026281, 42.368377 ], [ -83.025594, 42.367326 ], [ -83.02491, 42.366279 ], [ -83.024282, 42.365322 ], [ -83.023962, 42.364836 ], [ -83.024136, 42.36457 ], [ -83.025267, 42.362843 ], [ -83.025664, 42.362239 ], [ -83.025873, 42.36192 ], [ -83.026498, 42.360965 ], [ -83.02669, 42.360671 ], [ -83.027521, 42.359406 ], [ -83.027762, 42.359035 ], [ -83.02849, 42.357925 ], [ -83.029003, 42.357142 ], [ -83.029769, 42.358303 ], [ -83.030212, 42.358972 ], [ -83.030651, 42.359635 ], [ -83.03109, 42.360299 ], [ -83.031595, 42.361061 ], [ -83.032021, 42.361702 ], [ -83.032444, 42.362344 ], [ -83.033082, 42.363311 ], [ -83.033774, 42.364353 ], [ -83.034468, 42.365401 ], [ -83.035163, 42.366447 ], [ -83.035857, 42.367492 ] ] ] } },
{ "type": "Feature", "properties": { "GEOID": "261635203001", "NAME": "15000US261635203001", "population": 491, "acs_year": "2020-2024", "ALAND": 216364, "AWATER": 0, "walk_minutes": 7.0007841854402963, "access_bin": "<= 10 min", "within_15": true, "tract": "26163520300" }, "geometry": { "type": "Polygon", "coordinates": [ [ [ -83.065162, 42.348718 ], [ -83.06308, 42.349369 ], [ -83.062914, 42.349426 ], [ -83.060017, 42.350577 ], [ -83.05936, 42.349588 ], [ -83.058658, 42.348546 ], [ -83.057971, 42.347523 ], [ -83.057877, 42.347381 ], [ -83.058161, 42.347228 ], [ -83.058315, 42.347139 ], [ -83.058464, 42.347045 ], [ -83.058596, 42.346952 ], [ -83.060019, 42.345864 ], [ -83.060133, 42.345788 ], [ -83.060343, 42.345675 ], [ -83.06052, 42.345595 ], [ -83.060693, 42.345531 ], [ -83.061186, 42.345437 ], [ -83.06208, 42.345162 ], [ -83.062973, 42.344886 ], [ -83.063692, 42.346152 ], [ -83.064417, 42.347418 ], [ -83.065162, 42.348718 ] ] ] } },
{ "type": "Feature", "properties": { "GEOID": "261635204002", "NAME": "15000US261635204002", "population": 796, "acs_year": "2020-2024", "ALAND": 133784, "AWATER": 0, "walk_minutes": 11.503323732725082, "access_bin": "<= 15 min", "within_15": true, "tract": "26163520400" }, "geometry": { "type": "Polygon", "coordinates": [ [ [ -83.069036, 42.345955 ], [ -83.068979, 42.346018 ], [ -83.067588, 42.346455 ], [ -83.066784, 42.346708 ], [ -83.066656, 42.346732 ], [ -83.066526, 42.346757 ], [ -83.064417, 42.347418 ], [ -83.063692, 42.346152 ], [ -83.062973, 42.344886 ], [ -83.065209, 42.344189 ], [ -83.065368, 42.344201 ], [ -83.066162, 42.343958 ], [ -83.067761, 42.343463 ], [ -83.067702, 42.343323 ], [ -83.068015, 42.343224 ], [ -83.068078, 42.34336 ], [ -83.06919, 42.345922 ], [ -83.069036, 42.345955 ] ] ] } },
{ "type": "Feature", "properties": { "GEOID": "261635057004", "NAME": "15000US261635057004", "population": 667, "acs_year": "2020-2024", "ALAND": 593209, "AWATER": 0, "walk_minutes": 12.323706553497139, "access_bin": "<= 15 min", "within_15": true, "tract": "26163505700" }, "geometry": { "type": "Polygon", "coordinates": [ [ [ -83.022681, 42.393224 ], [ -83.020044, 42.393267 ], [ -83.019769, 42.393271 ], [ -83.019046, 42.393283 ], [ -83.018038, 42.393299 ], [ -83.017373, 42.393311 ], [ -83.017362, 42.392974 ], [ -83.017337, 42.392943 ], [ -83.01729, 42.392928 ], [ -83.017233, 42.392931 ], [ -83.016907, 42.39299 ], [ -83.015897, 42.393191 ], [ -83.01561, 42.393242 ], [ -83.013668, 42.39359 ], [ -83.011475, 42.393981 ], [ -83.011241, 42.393269 ], [ -83.010807, 42.392082 ], [ -83.010579, 42.39213 ], [ -83.009691, 42.391671 ], [ -83.009328, 42.391484 ], [ -83.008441, 42.391024 ], [ -83.008376, 42.390991 ], [ -83.008292, 42.390947 ], [ -83.009705, 42.390409 ], [ -83.010156, 42.39023 ], [ -83.011329, 42.389765 ], [ -83.012312, 42.389386 ], [ -83.014215, 42.388626 ], [ -83.016501, 42.387669 ], [ -83.018975, 42.386727 ], [ -83.019753, 42.386424 ], [ -83.020176, 42.386277 ], [ -83.020289, 42.38643 ], [ -83.020403, 42.386584 ], [ -83.020586, 42.386831 ], [ -83.020903, 42.387281 ], [ -83.021412, 42.387995 ], [ -83.021586, 42.388235 ], [ -83.022222, 42.3892 ], [ -83.022395, 42.389468 ], [ -83.022422, 42.389531 ], [ -83.022441, 42.389595 ], [ -83.022483, 42.390011 ], [ -83.022521, 42.390451 ], [ -83.022546, 42.390797 ], [ -83.022578, 42.391252 ], [ -83.022603, 42.391601 ], [ -83.022628, 42.391996 ], [ -83.022646, 42.392413 ], [ -83.02266, 42.392727 ], [ -83.022681, 42.393224 ] ] ] } },
{ "type": "Feature", "properties": { "GEOID": "261635192001", "NAME": "15000US261635192001", "population": 457, "acs_year": "2020-2024", "ALAND": 659833, "AWATER": 0, "walk_minutes": 11.010078248718647, "access_bin": "<= 15 min", "within_15": true, "tract": "26163519200" }, "geometry": { "type": "Polygon", "coordinates": [ [ [ -83.026359, 42.384908 ], [ -83.024803, 42.385218 ], [ -83.023134, 42.385533 ], [ -83.022801, 42.38561 ], [ -83.022227, 42.385725 ], [ -83.021775, 42.385824 ], [ -83.021752, 42.38583 ], [ -83.021328, 42.385935 ], [ -83.021169, 42.385978 ], [ -83.020943, 42.386039 ], [ -83.020603, 42.38614 ], [ -83.020176, 42.386277 ], [ -83.020084, 42.386152 ], [ -83.019826, 42.385803 ], [ -83.019742, 42.385689 ], [ -83.019543, 42.385461 ], [ -83.019135, 42.38494 ], [ -83.018516, 42.384094 ], [ -83.017856, 42.383186 ], [ -83.017287, 42.3824 ], [ -83.017112, 42.382157 ], [ -83.016621, 42.381481 ], [ -83.016154, 42.380837 ], [ -83.015686, 42.380193 ], [ -83.015231, 42.379564 ], [ -83.014986, 42.379226 ], [ -83.014688, 42.378823 ], [ -83.015312, 42.377887 ], [ -83.015934, 42.376956 ], [ -83.016599, 42.375955 ], [ -83.017234, 42.374996 ], [ -83.017697, 42.374297 ], [ -83.017866, 42.374041 ], [ -83.018179, 42.373569 ], [ -83.018564, 42.372992 ], [ -83.018738, 42.372728 ], [ -83.018795, 42.37296 ], [ -83.019043, 42.373603 ], [ -83.019081, 42.3737 ], [ -83.01917, 42.37405 ], [ -83.019377, 42.374366 ], [ -83.02037, 42.375862 ], [ -83.020977, 42.376775 ], [ -83.021666, 42.377813 ], [ -83.021807, 42.378018 ], [ -83.02236, 42.378856 ], [ -83.023086, 42.379952 ], [ -83.023501, 42.380602 ], [ -83.023685, 42.380878 ], [ -83.024174, 42.381615 ], [ -83.024667, 42.382358 ], [ -83.025158, 42.383095 ], [ -83.02573, 42.383958 ], [ -83.026099, 42.384516 ], [ -83.026271, 42.384776 ], [ -83.026359, 42.384908 ] ] ] } },
{ "type": "Feature", "properties": { "GEOID": "261635214002", "NAME": "15000US261635214002", "population": 679, "acs_year": "2020-2024", "ALAND": 341994, "AWATER": 0, "walk_minutes": 17.074210707440059, "access_bin": "<= 20 min", "within_15": false, "tract": "26163521400" }, "geometry": { "type": "Polygon", "coordinates": [ [ [ -83.069822, 42.327955 ], [ -83.067284, 42.328745 ], [ -83.06689, 42.328915 ], [ -83.065528, 42.329503 ], [ -83.066159, 42.330311 ], [ -83.066725, 42.331032 ], [ -83.066785, 42.331121 ], [ -83.066858, 42.331229 ], [ -83.06695, 42.331416 ], [ -83.067101, 42.331725 ], [ -83.067194, 42.331891 ], [ -83.067622, 42.332647 ], [ -83.068051, 42.333401 ], [ -83.068336, 42.333901 ], [ -83.068412, 42.334034 ], [ -83.068488, 42.334165 ], [ -83.068548, 42.334268 ], [ -83.068594, 42.334344 ], [ -83.068662, 42.334477 ], [ -83.065844, 42.335134 ], [ -83.065626, 42.335171 ], [ -83.06479, 42.335317 ], [ -83.064658, 42.335347 ], [ -83.064266, 42.335438 ], [ -83.064187, 42.335275 ], [ -83.063825, 42.334703 ], [ -83.063608, 42.334433 ], [ -83.063066, 42.333739 ], [ -83.063, 42.333654 ], [ -83.062158, 42.332578 ], [ -83.061655, 42.332003 ], [ -83.061485, 42.33185 ], [ -83.061185, 42.331586 ], [ -83.06132, 42.33158 ], [ -83.061415, 42.331576 ], [ -83.061506, 42.331572 ], [ -83.061673, 42.331564 ], [ -83.061888, 42.331549 ], [ -83.062163, 42.331528 ], [ -83.061926, 42.331288 ], [ -83.061776, 42.331127 ], [ -83.061141, 42.330315 ], [ -83.060564, 42.32958 ], [ -83.060516, 42.329507 ], [ -83.061789, 42.328956 ], [ -83.063069, 42.328405 ], [ -83.064264, 42.327889 ], [ -83.064895, 42.328694 ], [ -83.069189, 42.326845 ], [ -83.06946, 42.327316 ], [ -83.069521, 42.327392 ], [ -83.069765, 42.327819 ], [ -83.069822, 42.327955 ] ] ] } },
{ "type": "Feature", "properties": { "GEOID": "261635207003", "NAME": "15000US261635207003", "population": 233, "acs_year": "2020-2024", "ALAND": 196373, "AWATER": 0, "walk_minutes": 19.028632522921388, "access_bin": "<= 20 min", "within_15": false, "tract": "26163520700" }, "geometry": { "type": "Polygon", "coordinates": [ [ [ -83.059421, 42.3366 ], [ -83.059198, 42.336692 ], [ -83.058719, 42.336913 ], [ -83.058524, 42.337008 ], [ -83.058418, 42.33708 ], [ -83.057067, 42.337958 ], [ -83.056701, 42.338181 ], [ -83.056567, 42.338267 ], [ -83.056069, 42.33859 ], [ -83.055742, 42.338763 ], [ -83.055259, 42.338989 ], [ -83.054742, 42.339212 ], [ -83.053639, 42.339678 ], [ -83.05291, 42.339986 ], [ -83.052814, 42.339842 ], [ -83.052679, 42.339634 ], [ -83.052202, 42.338933 ], [ -83.051783, 42.338318 ], [ -83.051338, 42.337666 ], [ -83.051152, 42.337393 ], [ -83.05089, 42.336981 ], [ -83.051724, 42.33662 ], [ -83.052421, 42.336337 ], [ -83.053818, 42.335742 ], [ -83.054867, 42.335285 ], [ -83.055524, 42.335 ], [ -83.055831, 42.335124 ], [ -83.056291, 42.335307 ], [ -83.056548, 42.335415 ], [ -83.057955, 42.335983 ], [ -83.058858, 42.336371 ], [ -83.05913, 42.336489 ], [ -83.059276, 42.336544 ], [ -83.059421, 42.3366 ] ] ] } },
{ "type": "Feature", "properties": { "GEOID": "261635433001", "NAME": "15000US261635433001", "population": 790, "acs_year": "2020-2024", "ALAND": 317753, "AWATER": 0, "walk_minutes": 18.210747755871843, "access_bin": "<= 20 min", "within_15": false, "tract": "26163543300" }, "geometry": { "type": "Polygon", "coordinates": [ [ [ -83.227407, 42.39369 ], [ -83.226354, 42.393719 ], [ -83.22624, 42.393718 ], [ -83.226114, 42.393715 ], [ -83.225009, 42.393744 ], [ -83.223795, 42.393771 ], [ -83.222607, 42.393799 ], [ -83.22254, 42.391378 ], [ -83.222528, 42.390908 ], [ -83.222469, 42.389533 ], [ -83.22244, 42.388988 ], [ -83.222304, 42.38658 ], [ -83.223555, 42.386552 ], [ -83.224769, 42.386525 ], [ -83.226003, 42.386497 ], [ -83.227167, 42.386468 ], [ -83.227247, 42.388878 ], [ -83.227329, 42.391275 ], [ -83.227408, 42.393576 ], [ -83.227407, 42.39369 ] ] ] } },
{ "type": "Feature", "properties": { "GEOID": "261635471003", "NAME": "15000US261635471003", "population": 2639, "acs_year": "2020-2024", "ALAND": 953770, "AWATER": 0, "walk_minutes": 13.541253690966924, "access_bin": "<= 15 min", "within_15": true, "tract": "26163547100" }, "geometry": { "type": "Polygon", "coordinates": [ [ [ -83.236257, 42.371891 ], [ -83.235036, 42.371906 ], [ -83.233821, 42.371925 ], [ -83.232599, 42.37195 ], [ -83.231398, 42.371966 ], [ -83.23018, 42.371984 ], [ -83.228969, 42.372008 ], [ -83.227696, 42.372029 ], [ -83.227562, 42.372031 ], [ -83.226218, 42.372078 ], [ -83.223122, 42.369712 ], [ -83.222836, 42.369494 ], [ -83.220225, 42.367499 ], [ -83.219878, 42.367234 ], [ -83.217608, 42.3655 ], [ -83.217497, 42.365417 ], [ -83.21718, 42.365197 ], [ -83.217383, 42.365157 ], [ -83.217668, 42.365095 ], [ -83.217929, 42.365053 ], [ -83.218214, 42.365029 ], [ -83.218448, 42.36502 ], [ -83.218657, 42.365018 ], [ -83.219076, 42.365016 ], [ -83.220292, 42.364995 ], [ -83.221497, 42.364976 ], [ -83.222693, 42.364956 ], [ -83.223902, 42.364932 ], [ -83.225159, 42.364909 ], [ -83.226336, 42.364887 ], [ -83.227546, 42.364865 ], [ -83.228783, 42.364842 ], [ -83.229998, 42.364819 ], [ -83.231212, 42.364795 ], [ -83.232395, 42.364772 ], [ -83.233616, 42.364748 ], [ -83.234822, 42.364726 ], [ -83.236039, 42.364704 ], [ -83.236112, 42.367126 ], [ -83.236185, 42.369517 ], [ -83.236257, 42.371891 ] ] ] } },
{ "type": "Feature", "properties": { "GEOID": "261635471002", "NAME": "15000US261635471002", "population": 916, "acs_year": "2020-2024", "ALAND": 659262, "AWATER": 0, "walk_minutes": 19.666940173828795, "access_bin": "<= 20 min", "within_15": false, "tract": "26163547100" }, "geometry": { "type": "Polygon", "coordinates": [ [ [ -83.22647, 42.372536 ], [ -83.226048, 42.372553 ], [ -83.226164, 42.375768 ], [ -83.223036, 42.375785 ], [ -83.221792, 42.375819 ], [ -83.221775, 42.375833 ], [ -83.221729, 42.375846 ], [ -83.220609, 42.375869 ], [ -83.220184, 42.375881 ], [ -83.219395, 42.375892 ], [ -83.218177, 42.375915 ], [ -83.217284, 42.375932 ], [ -83.2173, 42.376439 ], [ -83.217312, 42.376809 ], [ -83.217377, 42.377184 ], [ -83.217449, 42.37736 ], [ -83.217512, 42.377486 ], [ -83.217596, 42.377596 ], [ -83.21783, 42.377858 ], [ -83.217866, 42.377919 ], [ -83.217862, 42.377975 ], [ -83.217833, 42.378089 ], [ -83.217801, 42.378126 ], [ -83.217661, 42.378199 ], [ -83.217442, 42.378256 ], [ -83.217361, 42.378255 ], [ -83.217206, 42.378253 ], [ -83.217064, 42.378246 ], [ -83.216968, 42.378246 ], [ -83.216873, 42.378245 ], [ -83.216866, 42.378073 ], [ -83.216827, 42.377447 ], [ -83.216763, 42.376432 ], [ -83.21669, 42.374776 ], [ -83.216678, 42.374374 ], [ -83.216664, 42.374246 ], [ -83.216658, 42.3741 ], [ -83.216585, 42.372257 ], [ -83.216769, 42.372255 ], [ -83.216619, 42.368878 ], [ -83.216568, 42.365259 ], [ -83.216727, 42.365253 ], [ -83.216877, 42.365241 ], [ -83.21718, 42.365197 ], [ -83.217497, 42.365417 ], [ -83.217608, 42.3655 ], [ -83.219878, 42.367234 ], [ -83.220225, 42.367499 ], [ -83.222836, 42.369494 ], [ -83.223122, 42.369712 ], [ -83.226218, 42.372078 ], [ -83.225966, 42.372078 ], [ -83.22645, 42.372469 ], [ -83.22647, 42.372536 ] ] ] } },
{ "type": "Feature", "properties": { "GEOID": "261635466001", "NAME": "15000US261635466001", "population": 555, "acs_year": "2020-2024", "ALAND": 320250, "AWATER": 0, "walk_minutes": 5.8007061844908954, "access_bin": "<= 10 min", "within_15": true, "tract": "26163546600" }, "geometry": { "type": "Polygon", "coordinates": [ [ [ -83.240995, 42.364622 ], [ -83.239719, 42.364642 ], [ -83.238492, 42.364663 ], [ -83.237272, 42.364684 ], [ -83.236039, 42.364704 ], [ -83.236017, 42.36291 ], [ -83.235996, 42.361118 ], [ -83.235975, 42.359333 ], [ -83.235953, 42.357573 ], [ -83.237107, 42.357544 ], [ -83.237197, 42.357544 ], [ -83.238383, 42.357526 ], [ -83.239606, 42.357502 ], [ -83.24081, 42.357477 ], [ -83.240852, 42.35924 ], [ -83.240895, 42.361024 ], [ -83.240935, 42.362825 ], [ -83.240985, 42.364203 ], [ -83.240995, 42.364622 ] ] ] } },
{ "type": "Feature", "properties": { "GEOID": "261635433003", "NAME": "15000US261635433003", "population": 1027, "acs_year": "2020-2024", "ALAND": 314254, "AWATER": 0, "walk_minutes": 11.680239855604242, "access_bin": "<= 15 min", "within_15": true, "tract": "26163543300" }, "geometry": { "type": "Polygon", "coordinates": [ [ [ -83.222607, 42.393799 ], [ -83.222031, 42.393809 ], [ -83.221378, 42.393829 ], [ -83.220193, 42.393854 ], [ -83.218995, 42.393874 ], [ -83.218283, 42.393888 ], [ -83.218087, 42.393892 ], [ -83.217906, 42.393896 ], [ -83.217786, 42.391481 ], [ -83.217655, 42.389161 ], [ -83.217639, 42.388865 ], [ -83.21755, 42.386712 ], [ -83.217735, 42.38671 ], [ -83.218058, 42.386694 ], [ -83.21864, 42.386667 ], [ -83.219046, 42.386652 ], [ -83.21984, 42.386635 ], [ -83.221025, 42.386609 ], [ -83.222304, 42.38658 ], [ -83.22244, 42.388988 ], [ -83.222469, 42.389533 ], [ -83.222528, 42.390908 ], [ -83.22254, 42.391378 ], [ -83.222607, 42.393799 ] ] ] } },
{ "type": "Feature", "properties": { "GEOID": "261635472002", "NAME": "15000US261635472002", "population": 668, "acs_year": "2020-2024", "ALAND": 493088, "AWATER": 0, "walk_minutes": 11.066215193735545, "access_bin": "<= 15 min", "within_15": true, "tract": "26163547200" }, "geometry": { "type": "Polygon", "coordinates": [ [ [ -83.216606, 42.358858 ], [ -83.216551, 42.360579 ], [ -83.216537, 42.360863 ], [ -83.216522, 42.361149 ], [ -83.216528, 42.362192 ], [ -83.216554, 42.36418 ], [ -83.216561, 42.364729 ], [ -83.216568, 42.365259 ], [ -83.216383, 42.36526 ], [ -83.216142, 42.365248 ], [ -83.215959, 42.365229 ], [ -83.215941, 42.365226 ], [ -83.215459, 42.365156 ], [ -83.215231, 42.365123 ], [ -83.214947, 42.365081 ], [ -83.214252, 42.365095 ], [ -83.213048, 42.365118 ], [ -83.21181, 42.365138 ], [ -83.210585, 42.365158 ], [ -83.209377, 42.365178 ], [ -83.209319, 42.363326 ], [ -83.209256, 42.361318 ], [ -83.209144, 42.360719 ], [ -83.209141, 42.360357 ], [ -83.209101, 42.359415 ], [ -83.209077, 42.359084 ], [ -83.207619, 42.357969 ], [ -83.20899, 42.357949 ], [ -83.209381, 42.357944 ], [ -83.20941, 42.357944 ], [ -83.209641, 42.357942 ], [ -83.210148, 42.357937 ], [ -83.210203, 42.357936 ], [ -83.21033, 42.357936 ], [ -83.211496, 42.357939 ], [ -83.211618, 42.357939 ], [ -83.211687, 42.357938 ], [ -83.21265, 42.357923 ], [ -83.212832, 42.35792 ], [ -83.212892, 42.357919 ], [ -83.213109, 42.357916 ], [ -83.214038, 42.357905 ], [ -83.215097, 42.357876 ], [ -83.216072, 42.357856 ], [ -83.216396, 42.357849 ], [ -83.216581, 42.357845 ], [ -83.216607, 42.358434 ], [ -83.216606, 42.358858 ] ] ] } },
{ "type": "Feature", "properties": { "GEOID": "261635452003", "NAME": "15000US261635452003", "population": 252, "acs_year": "2020-2024", "ALAND": 207021, "AWATER": 0, "walk_minutes": 9.7642847810974214, "access_bin": "<= 10 min", "within_15": true, "tract": "26163545200" }, "geometry": { "type": "Polygon", "coordinates": [ [ [ -83.202329, 42.372495 ], [ -83.201169, 42.372511 ], [ -83.199957, 42.372528 ], [ -83.198745, 42.372544 ], [ -83.19756, 42.37256 ], [ -83.197452, 42.370207 ], [ -83.197364, 42.367849 ], [ -83.198571, 42.367825 ], [ -83.199784, 42.367804 ], [ -83.200997, 42.367782 ], [ -83.202158, 42.367759 ], [ -83.202244, 42.370119 ], [ -83.202329, 42.372495 ] ] ] } },
{ "type": "Feature", "properties": { "GEOID": "261635452004", "NAME": "15000US261635452004", "population": 523, "acs_year": "2020-2024", "ALAND": 272549, "AWATER": 0, "walk_minutes": 17.735950048892235, "access_bin": "<= 20 min", "within_15": false, "tract": "26163545200" }, "geometry": { "type": "Polygon", "coordinates": [ [ [ -83.209453, 42.367632 ], [ -83.208244, 42.367652 ], [ -83.207038, 42.367672 ], [ -83.205797, 42.367693 ], [ -83.204592, 42.367716 ], [ -83.203387, 42.367737 ], [ -83.202158, 42.367759 ], [ -83.200997, 42.367782 ], [ -83.199784, 42.367804 ], [ -83.198571, 42.367825 ], [ -83.197364, 42.367849 ], [ -83.197291, 42.365744 ], [ -83.197285, 42.365562 ], [ -83.197286, 42.365365 ], [ -83.198325, 42.365349 ], [ -83.198477, 42.365347 ], [ -83.199399, 42.365336 ], [ -83.19969, 42.365332 ], [ -83.200481, 42.365322 ], [ -83.200904, 42.365316 ], [ -83.202067, 42.365302 ], [ -83.202667, 42.365293 ], [ -83.203294, 42.365282 ], [ -83.203761, 42.365274 ], [ -83.2045, 42.365261 ], [ -83.205705, 42.365239 ], [ -83.206963, 42.365217 ], [ -83.20817, 42.365197 ], [ -83.209377, 42.365178 ], [ -83.209453, 42.367632 ] ] ] } },
{ "type": "Feature", "properties": { "GEOID": "261635472001", "NAME": "15000US261635472001", "population": 729, "acs_year": "2020-2024", "ALAND": 463716, "AWATER": 0, "walk_minutes": 11.253445770637526, "access_bin": "<= 15 min", "within_15": true, "tract": "26163547200" }, "geometry": { "type": "Polygon", "coordinates": [ [ [ -83.209377, 42.365178 ], [ -83.20817, 42.365197 ], [ -83.206963, 42.365217 ], [ -83.205705, 42.365239 ], [ -83.2045, 42.365261 ], [ -83.203761, 42.365274 ], [ -83.203294, 42.365282 ], [ -83.202667, 42.365293 ], [ -83.202552, 42.361717 ], [ -83.202523, 42.360663 ], [ -83.202512, 42.360526 ], [ -83.202474, 42.360455 ], [ -83.201359, 42.360471 ], [ -83.201305, 42.35908 ], [ -83.200979, 42.359079 ], [ -83.200921, 42.359074 ], [ -83.200876, 42.359055 ], [ -83.200843, 42.359027 ], [ -83.200826, 42.358987 ], [ -83.200798, 42.35814 ], [ -83.201374, 42.358129 ], [ -83.20161, 42.35812 ], [ -83.203113, 42.35804 ], [ -83.203262, 42.358036 ], [ -83.203764, 42.358024 ], [ -83.204307, 42.358017 ], [ -83.205488, 42.357999 ], [ -83.206733, 42.357981 ], [ -83.207619, 42.357969 ], [ -83.209077, 42.359084 ], [ -83.209101, 42.359415 ], [ -83.209141, 42.360357 ], [ -83.209144, 42.360719 ], [ -83.209256, 42.361318 ], [ -83.209319, 42.363326 ], [ -83.209377, 42.365178 ] ] ] } },
{ "type": "Feature", "properties": { "GEOID": "261635472003", "NAME": "15000US261635472003", "population": 563, "acs_year": "2020-2024", "ALAND": 326397, "AWATER": 0, "walk_minutes": 11.392962219009712, "access_bin": "<= 15 min", "within_15": true, "tract": "26163547200" }, "geometry": { "type": "Polygon", "coordinates": [ [ [ -83.202667, 42.365293 ], [ -83.202067, 42.365302 ], [ -83.200904, 42.365316 ], [ -83.200481, 42.365322 ], [ -83.19969, 42.365332 ], [ -83.199399, 42.365336 ], [ -83.198477, 42.365347 ], [ -83.198325, 42.365349 ], [ -83.197286, 42.365365 ], [ -83.197279, 42.364975 ], [ -83.19723, 42.363488 ], [ -83.197113, 42.360537 ], [ -83.197063, 42.359286 ], [ -83.197038, 42.358961 ], [ -83.196997, 42.358129 ], [ -83.197195, 42.358125 ], [ -83.199463, 42.358142 ], [ -83.200798, 42.35814 ], [ -83.200826, 42.358987 ], [ -83.200843, 42.359027 ], [ -83.200876, 42.359055 ], [ -83.200921, 42.359074 ], [ -83.200979, 42.359079 ], [ -83.201305, 42.35908 ], [ -83.201359, 42.360471 ], [ -83.202474, 42.360455 ], [ -83.202512, 42.360526 ], [ -83.202523, 42.360663 ], [ -83.202552, 42.361717 ], [ -83.202667, 42.365293 ] ] ] } },
{ "type": "Feature", "properties": { "GEOID": "261635456003", "NAME": "15000US261635456003", "population": 1178, "acs_year": "2020-2024", "ALAND": 407030, "AWATER": 0, "walk_minutes": 11.619534712596437, "access_bin": "<= 15 min", "within_15": true, "tract": "26163545600" }, "geometry": { "type": "Polygon", "coordinates": [ [ [ -83.202402, 42.343586 ], [ -83.201159, 42.343603 ], [ -83.199927, 42.343618 ], [ -83.198694, 42.343634 ], [ -83.197472, 42.34365 ], [ -83.196288, 42.343665 ], [ -83.196287, 42.343488 ], [ -83.196223, 42.341951 ], [ -83.196142, 42.340051 ], [ -83.196124, 42.339682 ], [ -83.196033, 42.339433 ], [ -83.195983, 42.33824 ], [ -83.19591, 42.336439 ], [ -83.196135, 42.336435 ], [ -83.197173, 42.336427 ], [ -83.198286, 42.336413 ], [ -83.198393, 42.336408 ], [ -83.198532, 42.3364 ], [ -83.199625, 42.336389 ], [ -83.200866, 42.336368 ], [ -83.20211, 42.336353 ], [ -83.202254, 42.339967 ], [ -83.202381, 42.34315 ], [ -83.202402, 42.343586 ] ] ] } },
{ "type": "Feature", "properties": { "GEOID": "261635386004", "NAME": "15000US261635386004", "population": 1522, "acs_year": "2020-2024", "ALAND": 358273, "AWATER": 0, "walk_minutes": 9.0126414451961008, "access_bin": "<= 10 min", "within_15": true, "tract": "26163538600" }, "geometry": { "type": "Polygon", "coordinates": [ [ [ -83.146967, 42.431493 ], [ -83.145827, 42.431514 ], [ -83.144755, 42.431538 ], [ -83.143661, 42.431563 ], [ -83.142575, 42.431584 ], [ -83.141503, 42.431606 ], [ -83.141427, 42.429826 ], [ -83.141414, 42.429535 ], [ -83.141343, 42.428019 ], [ -83.141266, 42.426415 ], [ -83.141256, 42.426211 ], [ -83.141168, 42.424398 ], [ -83.142243, 42.424389 ], [ -83.143327, 42.424376 ], [ -83.144402, 42.424364 ], [ -83.145481, 42.424351 ], [ -83.146632, 42.424337 ], [ -83.146666, 42.425316 ], [ -83.146707, 42.426131 ], [ -83.146794, 42.427925 ], [ -83.146882, 42.429717 ], [ -83.146967, 42.431493 ] ] ] } },
{ "type": "Feature", "properties": { "GEOID": "261635385003", "NAME": "15000US261635385003", "population": 2333, "acs_year": "2020-2024", "ALAND": 361364, "AWATER": 0, "walk_minutes": 6.6272736637286451, "access_bin": "<= 10 min", "within_15": true, "tract": "26163538500" }, "geometry": { "type": "Polygon", "coordinates": [ [ [ -83.146632, 42.424337 ], [ -83.145481, 42.424351 ], [ -83.144402, 42.424364 ], [ -83.143327, 42.424376 ], [ -83.142243, 42.424389 ], [ -83.141168, 42.424398 ], [ -83.141126, 42.423497 ], [ -83.141086, 42.422592 ], [ -83.141007, 42.42092 ], [ -83.141002, 42.420792 ], [ -83.140919, 42.418959 ], [ -83.140836, 42.417147 ], [ -83.141935, 42.417142 ], [ -83.143007, 42.417139 ], [ -83.144089, 42.417136 ], [ -83.145161, 42.417133 ], [ -83.146204, 42.41713 ], [ -83.146316, 42.41713 ], [ -83.146327, 42.41731 ], [ -83.146373, 42.418928 ], [ -83.146462, 42.420752 ], [ -83.14655, 42.422519 ], [ -83.146594, 42.423432 ], [ -83.146632, 42.424337 ] ] ] } },
{ "type": "Feature", "properties": { "GEOID": "261635348001", "NAME": "15000US261635348001", "population": 353, "acs_year": "2020-2024", "ALAND": 358112, "AWATER": 0, "walk_minutes": 22.141655016451978, "access_bin": "> 20 min", "within_15": false, "tract": "26163534800" }, "geometry": { "type": "Polygon", "coordinates": [ [ [ -83.143303, 42.35926 ], [ -83.142828, 42.359268 ], [ -83.141725, 42.359293 ], [ -83.141229, 42.359305 ], [ -83.140625, 42.359316 ], [ -83.139525, 42.359342 ], [ -83.138393, 42.35937 ], [ -83.138359, 42.358606 ], [ -83.138326, 42.35785 ], [ -83.138291, 42.357082 ], [ -83.138258, 42.356328 ], [ -83.138229, 42.355655 ], [ -83.138201, 42.355571 ], [ -83.138182, 42.355511 ], [ -83.1373, 42.354298 ], [ -83.136227, 42.352824 ], [ -83.135767, 42.352184 ], [ -83.135703, 42.352072 ], [ -83.137143, 42.352092 ], [ -83.138246, 42.352101 ], [ -83.139715, 42.352076 ], [ -83.139997, 42.35207 ], [ -83.140728, 42.352056 ], [ -83.14106, 42.352049 ], [ -83.141739, 42.352035 ], [ -83.142125, 42.352028 ], [ -83.142798, 42.352014 ], [ -83.142897, 42.353561 ], [ -83.143012, 42.355402 ], [ -83.143041, 42.355469 ], [ -83.143066, 42.355537 ], [ -83.14311, 42.356225 ], [ -83.143157, 42.356983 ], [ -83.143206, 42.357741 ], [ -83.143253, 42.3585 ], [ -83.143303, 42.35926 ] ] ] } },
{ "type": "Feature", "properties": { "GEOID": "261635338003", "NAME": "15000US261635338003", "population": 167, "acs_year": "2020-2024", "ALAND": 340545, "AWATER": 0, "walk_minutes": 26.766183380574859, "access_bin": "> 20 min", "within_15": false, "tract": "26163533800" }, "geometry": { "type": "Polygon", "coordinates": [ [ [ -83.138592, 42.363977 ], [ -83.138279, 42.363968 ], [ -83.138193, 42.363959 ], [ -83.138124, 42.36394 ], [ -83.137631, 42.363732 ], [ -83.13722, 42.363582 ], [ -83.136187, 42.363165 ], [ -83.135155, 42.362749 ], [ -83.134122, 42.362332 ], [ -83.133084, 42.361904 ], [ -83.13299, 42.36189 ], [ -83.132909, 42.361883 ], [ -83.132834, 42.361888 ], [ -83.132766, 42.361908 ], [ -83.132461, 42.361469 ], [ -83.132179, 42.361073 ], [ -83.131665, 42.360348 ], [ -83.131152, 42.359627 ], [ -83.130638, 42.358903 ], [ -83.132645, 42.358147 ], [ -83.133875, 42.357684 ], [ -83.135731, 42.356984 ], [ -83.136788, 42.356584 ], [ -83.137318, 42.356377 ], [ -83.137443, 42.356347 ], [ -83.137514, 42.356342 ], [ -83.137679, 42.356341 ], [ -83.138258, 42.356328 ], [ -83.138291, 42.357082 ], [ -83.138326, 42.35785 ], [ -83.138359, 42.358606 ], [ -83.138393, 42.35937 ], [ -83.138406, 42.359655 ], [ -83.138457, 42.360748 ], [ -83.138461, 42.360847 ], [ -83.138529, 42.362421 ], [ -83.138592, 42.363977 ] ] ] } },
{ "type": "Feature", "properties": { "GEOID": "261635056002", "NAME": "15000US261635056002", "population": 2630, "acs_year": "2020-2024", "ALAND": 1603118, "AWATER": 0, "walk_minutes": 23.690521289690864, "access_bin": "> 20 min", "within_15": false, "tract": "26163505600" }, "geometry": { "type": "Polygon", "coordinates": [ [ [ -83.023886, 42.424056 ], [ -83.021677, 42.427044 ], [ -83.021591, 42.427161 ], [ -83.020956, 42.428015 ], [ -83.019214, 42.430357 ], [ -83.01868, 42.431076 ], [ -83.018664, 42.431131 ], [ -83.018118, 42.431858 ], [ -83.016421, 42.434116 ], [ -83.014875, 42.434145 ], [ -83.014597, 42.434158 ], [ -83.014342, 42.43417 ], [ -83.014109, 42.434181 ], [ -83.013428, 42.434201 ], [ -83.013255, 42.4342 ], [ -83.01312, 42.4342 ], [ -83.012974, 42.434199 ], [ -83.01222, 42.434221 ], [ -83.011892, 42.434231 ], [ -83.011182, 42.434253 ], [ -83.010697, 42.434268 ], [ -83.010114, 42.434285 ], [ -83.009588, 42.434301 ], [ -83.008907, 42.434322 ], [ -83.008401, 42.434337 ], [ -83.00784, 42.434354 ], [ -83.007142, 42.434374 ], [ -83.006806, 42.43438 ], [ -83.005875, 42.434402 ], [ -83.005777, 42.434401 ], [ -83.005187, 42.434414 ], [ -83.004692, 42.434426 ], [ -83.00467, 42.434042 ], [ -83.004593, 42.432642 ], [ -83.004502, 42.430841 ], [ -83.004408, 42.429021 ], [ -83.004341, 42.427767 ], [ -83.004318, 42.427228 ], [ -83.004791, 42.427216 ], [ -83.004903, 42.427213 ], [ -83.005545, 42.427198 ], [ -83.006806, 42.427167 ], [ -83.008046, 42.427136 ], [ -83.009239, 42.427106 ], [ -83.010401, 42.427077 ], [ -83.011583, 42.427048 ], [ -83.012793, 42.427018 ], [ -83.014022, 42.426987 ], [ -83.013859, 42.423353 ], [ -83.013739, 42.420627 ], [ -83.013723, 42.420284 ], [ -83.013701, 42.420032 ], [ -83.013681, 42.419783 ], [ -83.013717, 42.419681 ], [ -83.018031, 42.419589 ], [ -83.019453, 42.419559 ], [ -83.022991, 42.419519 ], [ -83.023713, 42.419506 ], [ -83.023869, 42.423603 ], [ -83.023886, 42.424056 ] ] ] } },
{ "type": "Feature", "properties": { "GEOID": "261635056001", "NAME": "15000US261635056001", "population": 1393, "acs_year": "2020-2024", "ALAND": 797072, "AWATER": 0, "walk_minutes": 16.250424427188022, "access_bin": "<= 20 min", "within_15": false, "tract": "26163505600" }, "geometry": { "type": "Polygon", "coordinates": [ [ [ -83.016421, 42.434116 ], [ -83.014654, 42.43661 ], [ -83.010846, 42.441683 ], [ -83.006716, 42.447188 ], [ -83.005534, 42.448806 ], [ -83.005497, 42.448807 ], [ -83.005341, 42.448813 ], [ -83.005266, 42.448816 ], [ -83.005185, 42.448819 ], [ -83.005168, 42.447399 ], [ -83.005153, 42.447031 ], [ -83.00513, 42.44647 ], [ -83.005104, 42.446373 ], [ -83.005059, 42.446281 ], [ -83.004997, 42.446203 ], [ -83.004818, 42.446096 ], [ -83.00504, 42.445811 ], [ -83.005081, 42.44573 ], [ -83.005104, 42.445638 ], [ -83.005107, 42.445428 ], [ -83.005102, 42.445288 ], [ -83.005035, 42.443504 ], [ -83.004963, 42.441681 ], [ -83.004904, 42.440096 ], [ -83.004849, 42.438676 ], [ -83.004825, 42.438068 ], [ -83.004763, 42.43647 ], [ -83.004755, 42.436261 ], [ -83.004692, 42.434426 ], [ -83.005187, 42.434414 ], [ -83.005777, 42.434401 ], [ -83.005875, 42.434402 ], [ -83.006806, 42.43438 ], [ -83.007142, 42.434374 ], [ -83.00784, 42.434354 ], [ -83.008401, 42.434337 ], [ -83.008907, 42.434322 ], [ -83.009588, 42.434301 ], [ -83.010114, 42.434285 ], [ -83.010697, 42.434268 ], [ -83.011182, 42.434253 ], [ -83.011892, 42.434231 ], [ -83.01222, 42.434221 ], [ -83.012974, 42.434199 ], [ -83.01312, 42.4342 ], [ -83.013255, 42.4342 ], [ -83.013428, 42.434201 ], [ -83.014109, 42.434181 ], [ -83.014342, 42.43417 ], [ -83.014597, 42.434158 ], [ -83.014875, 42.434145 ], [ -83.016421, 42.434116 ] ] ] } },
{ "type": "Feature", "properties": { "GEOID": "261635054002", "NAME": "15000US261635054002", "population": 1610, "acs_year": "2020-2024", "ALAND": 664262, "AWATER": 0, "walk_minutes": 12.47163148962257, "access_bin": "<= 15 min", "within_15": true, "tract": "26163505400" }, "geometry": { "type": "Polygon", "coordinates": [ [ [ -83.003159, 42.420245 ], [ -83.002568, 42.420458 ], [ -83.001368, 42.420889 ], [ -83.000164, 42.421322 ], [ -82.999923, 42.421409 ], [ -82.998977, 42.421749 ], [ -82.998944, 42.421664 ], [ -82.998767, 42.421401 ], [ -82.998649, 42.421312 ], [ -82.998243, 42.421028 ], [ -82.997287, 42.42035 ], [ -82.996343, 42.419684 ], [ -82.995811, 42.419308 ], [ -82.996061, 42.419114 ], [ -82.99608, 42.419087 ], [ -82.996085, 42.419055 ], [ -82.996078, 42.419032 ], [ -82.995932, 42.41881 ], [ -82.995369, 42.417974 ], [ -82.994933, 42.417323 ], [ -82.994826, 42.41715 ], [ -82.994369, 42.41643 ], [ -82.993885, 42.41567 ], [ -82.992473, 42.416168 ], [ -82.991736, 42.416425 ], [ -82.990775, 42.416764 ], [ -82.989816, 42.417101 ], [ -82.98975, 42.417124 ], [ -82.989482, 42.417154 ], [ -82.990227, 42.416022 ], [ -82.991102, 42.414682 ], [ -82.992113, 42.413142 ], [ -82.992475, 42.41259 ], [ -82.992777, 42.412128 ], [ -82.993229, 42.411439 ], [ -82.993985, 42.410285 ], [ -82.994613, 42.40932 ], [ -82.995098, 42.408576 ], [ -82.995669, 42.408782 ], [ -82.995729, 42.408807 ], [ -82.995803, 42.408856 ], [ -82.995879, 42.408928 ], [ -82.996266, 42.409504 ], [ -82.996499, 42.409856 ], [ -82.996727, 42.410214 ], [ -82.996924, 42.410523 ], [ -82.997189, 42.410936 ], [ -82.997647, 42.411652 ], [ -82.998106, 42.412371 ], [ -82.998578, 42.413109 ], [ -82.999053, 42.413851 ], [ -82.999531, 42.414597 ], [ -82.999998, 42.415324 ], [ -83.000525, 42.416148 ], [ -83.001066, 42.416992 ], [ -83.001597, 42.41782 ], [ -83.002121, 42.41864 ], [ -83.002639, 42.419445 ], [ -83.002909, 42.419866 ], [ -83.003159, 42.420245 ] ] ] } },
{ "type": "Feature", "properties": { "GEOID": "261635043003", "NAME": "15000US261635043003", "population": 413, "acs_year": "2020-2024", "ALAND": 261237, "AWATER": 0, "walk_minutes": 27.004828074182299, "access_bin": "> 20 min", "within_15": false, "tract": "26163504300" }, "geometry": { "type": "Polygon", "coordinates": [ [ [ -82.986384, 42.40739 ], [ -82.983569, 42.408369 ], [ -82.982995, 42.407439 ], [ -82.982372, 42.406453 ], [ -82.981772, 42.405509 ], [ -82.981229, 42.404653 ], [ -82.980751, 42.403898 ], [ -82.980287, 42.403168 ], [ -82.97986, 42.4025 ], [ -82.979673, 42.402207 ], [ -82.979469, 42.401884 ], [ -82.979068, 42.401252 ], [ -82.978613, 42.400533 ], [ -82.982159, 42.399484 ], [ -82.982603, 42.400213 ], [ -82.983058, 42.400976 ], [ -82.983158, 42.401125 ], [ -82.98369, 42.402003 ], [ -82.983111, 42.402201 ], [ -82.98357, 42.402926 ], [ -82.984052, 42.403681 ], [ -82.984595, 42.404536 ], [ -82.985189, 42.405482 ], [ -82.985809, 42.406458 ], [ -82.986384, 42.40739 ] ] ] } },
{ "type": "Feature", "properties": { "GEOID": "261635044001", "NAME": "15000US261635044001", "population": 552, "acs_year": "2020-2024", "ALAND": 361244, "AWATER": 0, "walk_minutes": 27.130527721907722, "access_bin": "> 20 min", "within_15": false, "tract": "26163504400" }, "geometry": { "type": "Polygon", "coordinates": [ [ [ -82.997504, 42.404909 ], [ -82.996566, 42.406335 ], [ -82.996448, 42.406515 ], [ -82.996227, 42.406435 ], [ -82.996071, 42.406392 ], [ -82.995997, 42.406389 ], [ -82.995923, 42.406399 ], [ -82.993413, 42.407272 ], [ -82.993284, 42.407092 ], [ -82.993225, 42.40701 ], [ -82.992788, 42.406321 ], [ -82.992218, 42.405361 ], [ -82.991642, 42.404427 ], [ -82.991033, 42.403466 ], [ -82.990433, 42.402523 ], [ -82.989894, 42.40167 ], [ -82.989413, 42.400914 ], [ -82.988946, 42.400178 ], [ -82.988468, 42.399424 ], [ -82.987965, 42.398629 ], [ -82.987745, 42.398276 ], [ -82.98754, 42.397893 ], [ -82.984402, 42.398821 ], [ -82.984119, 42.398528 ], [ -82.984602, 42.398368 ], [ -82.984856, 42.398274 ], [ -82.985244, 42.398103 ], [ -82.985604, 42.397929 ], [ -82.985956, 42.397751 ], [ -82.986446, 42.397486 ], [ -82.987141, 42.397091 ], [ -82.987443, 42.396879 ], [ -82.987468, 42.39686 ], [ -82.987766, 42.396638 ], [ -82.98787, 42.39668 ], [ -82.988067, 42.396759 ], [ -82.988254, 42.396806 ], [ -82.988436, 42.396841 ], [ -82.988722, 42.396898 ], [ -82.988845, 42.396934 ], [ -82.988932, 42.396968 ], [ -82.98907, 42.397034 ], [ -82.989199, 42.397104 ], [ -82.989321, 42.397179 ], [ -82.989517, 42.39731 ], [ -82.990044, 42.397855 ], [ -82.990208, 42.39797 ], [ -82.990822, 42.398639 ], [ -82.991466, 42.399306 ], [ -82.992111, 42.399981 ], [ -82.992775, 42.400674 ], [ -82.993525, 42.401458 ], [ -82.994358, 42.402324 ], [ -82.994762, 42.402745 ], [ -82.99528, 42.403162 ], [ -82.996273, 42.40395 ], [ -82.997245, 42.40471 ], [ -82.997504, 42.404909 ] ] ] } },
{ "type": "Feature", "properties": { "GEOID": "261635044003", "NAME": "15000US261635044003", "population": 304, "acs_year": "2020-2024", "ALAND": 353158, "AWATER": 0, "walk_minutes": 27.516697612128052, "access_bin": "> 20 min", "within_15": false, "tract": "26163504400" }, "geometry": { "type": "Polygon", "coordinates": [ [ [ -82.991033, 42.403466 ], [ -82.988015, 42.404507 ], [ -82.985189, 42.405482 ], [ -82.984595, 42.404536 ], [ -82.984052, 42.403681 ], [ -82.98357, 42.402926 ], [ -82.983111, 42.402201 ], [ -82.98369, 42.402003 ], [ -82.983158, 42.401125 ], [ -82.983058, 42.400976 ], [ -82.982603, 42.400213 ], [ -82.982159, 42.399484 ], [ -82.983179, 42.399181 ], [ -82.984402, 42.398821 ], [ -82.98754, 42.397893 ], [ -82.987745, 42.398276 ], [ -82.987965, 42.398629 ], [ -82.988468, 42.399424 ], [ -82.988946, 42.400178 ], [ -82.989413, 42.400914 ], [ -82.989894, 42.40167 ], [ -82.990433, 42.402523 ], [ -82.991033, 42.403466 ] ] ] } },
{ "type": "Feature", "properties": { "GEOID": "261635338004", "NAME": "15000US261635338004", "population": 502, "acs_year": "2020-2024", "ALAND": 495753, "AWATER": 0, "walk_minutes": 34.174791337420103, "access_bin": "> 20 min", "within_15": false, "tract": "26163533800" }, "geometry": { "type": "Polygon", "coordinates": [ [ [ -83.138258, 42.356328 ], [ -83.137679, 42.356341 ], [ -83.137514, 42.356342 ], [ -83.137443, 42.356347 ], [ -83.137318, 42.356377 ], [ -83.136788, 42.356584 ], [ -83.135731, 42.356984 ], [ -83.133875, 42.357684 ], [ -83.132645, 42.358147 ], [ -83.130638, 42.358903 ], [ -83.130105, 42.358152 ], [ -83.129558, 42.357382 ], [ -83.129008, 42.356609 ], [ -83.128431, 42.355795 ], [ -83.127855, 42.354987 ], [ -83.127285, 42.354181 ], [ -83.12672, 42.353385 ], [ -83.126159, 42.352596 ], [ -83.125659, 42.351882 ], [ -83.127029, 42.351906 ], [ -83.128247, 42.351928 ], [ -83.12976, 42.35196 ], [ -83.13208, 42.352004 ], [ -83.13219, 42.352006 ], [ -83.133506, 42.352031 ], [ -83.134582, 42.352052 ], [ -83.135703, 42.352072 ], [ -83.135767, 42.352184 ], [ -83.136227, 42.352824 ], [ -83.1373, 42.354298 ], [ -83.138182, 42.355511 ], [ -83.138201, 42.355571 ], [ -83.138229, 42.355655 ], [ -83.138258, 42.356328 ] ] ] } },
{ "type": "Feature", "properties": { "GEOID": "261635358005", "NAME": "15000US261635358005", "population": 749, "acs_year": "2020-2024", "ALAND": 767690, "AWATER": 0, "walk_minutes": 16.655911293549575, "access_bin": "<= 20 min", "within_15": false, "tract": "26163535800" }, "geometry": { "type": "Polygon", "coordinates": [ [ [ -83.197286, 42.365365 ], [ -83.196189, 42.36539 ], [ -83.195115, 42.365412 ], [ -83.194044, 42.365435 ], [ -83.19297, 42.365459 ], [ -83.19184, 42.365484 ], [ -83.190755, 42.365508 ], [ -83.189673, 42.365531 ], [ -83.188595, 42.365559 ], [ -83.187502, 42.365582 ], [ -83.18628, 42.365609 ], [ -83.185064, 42.365635 ], [ -83.183854, 42.365658 ], [ -83.182474, 42.365688 ], [ -83.182283, 42.361554 ], [ -83.182269, 42.361001 ], [ -83.182248, 42.360442 ], [ -83.182264, 42.359931 ], [ -83.182258, 42.359539 ], [ -83.182232, 42.358996 ], [ -83.182207, 42.358452 ], [ -83.182482, 42.358445 ], [ -83.183636, 42.358421 ], [ -83.18481, 42.358397 ], [ -83.186017, 42.358373 ], [ -83.18724, 42.358348 ], [ -83.187323, 42.360709 ], [ -83.188416, 42.360707 ], [ -83.189508, 42.360703 ], [ -83.190588, 42.36068 ], [ -83.191676, 42.360656 ], [ -83.192834, 42.360634 ], [ -83.193895, 42.36061 ], [ -83.194953, 42.360586 ], [ -83.196011, 42.360562 ], [ -83.197113, 42.360537 ], [ -83.19723, 42.363488 ], [ -83.197279, 42.364975 ], [ -83.197286, 42.365365 ] ] ] } },
{ "type": "Feature", "properties": { "GEOID": "261635302003", "NAME": "15000US261635302003", "population": 326, "acs_year": "2020-2024", "ALAND": 366941, "AWATER": 0, "walk_minutes": 17.40237424279411, "access_bin": "<= 20 min", "within_15": false, "tract": "26163530200" }, "geometry": { "type": "Polygon", "coordinates": [ [ [ -83.140836, 42.417147 ], [ -83.13983, 42.417161 ], [ -83.138851, 42.417174 ], [ -83.137889, 42.417186 ], [ -83.136914, 42.4172 ], [ -83.13597, 42.417214 ], [ -83.135307, 42.417225 ], [ -83.135193, 42.414821 ], [ -83.135086, 42.412466 ], [ -83.134977, 42.410005 ], [ -83.135603, 42.409994 ], [ -83.136174, 42.409984 ], [ -83.136585, 42.409976 ], [ -83.13727, 42.409963 ], [ -83.137564, 42.409958 ], [ -83.138366, 42.409943 ], [ -83.138545, 42.40994 ], [ -83.139496, 42.409923 ], [ -83.140537, 42.409904 ], [ -83.140575, 42.410843 ], [ -83.140637, 42.41235 ], [ -83.140735, 42.414691 ], [ -83.140836, 42.417147 ] ] ] } },
{ "type": "Feature", "properties": { "GEOID": "261635358004", "NAME": "15000US261635358004", "population": 752, "acs_year": "2020-2024", "ALAND": 215235, "AWATER": 0, "walk_minutes": 11.310434384207179, "access_bin": "<= 15 min", "within_15": true, "tract": "26163535800" }, "geometry": { "type": "Polygon", "coordinates": [ [ [ -83.197113, 42.360537 ], [ -83.196011, 42.360562 ], [ -83.194953, 42.360586 ], [ -83.193895, 42.36061 ], [ -83.192834, 42.360634 ], [ -83.191676, 42.360656 ], [ -83.190588, 42.36068 ], [ -83.189508, 42.360703 ], [ -83.188416, 42.360707 ], [ -83.187323, 42.360709 ], [ -83.18724, 42.358348 ], [ -83.188382, 42.358323 ], [ -83.189502, 42.358296 ], [ -83.190549, 42.358272 ], [ -83.191598, 42.358249 ], [ -83.192734, 42.358222 ], [ -83.193798, 42.358198 ], [ -83.194854, 42.358174 ], [ -83.195913, 42.35815 ], [ -83.196997, 42.358129 ], [ -83.197038, 42.358961 ], [ -83.197063, 42.359286 ], [ -83.197113, 42.360537 ] ] ] } },
{ "type": "Feature", "properties": { "GEOID": "261635358003", "NAME": "15000US261635358003", "population": 991, "acs_year": "2020-2024", "ALAND": 239011, "AWATER": 0, "walk_minutes": 15.379264629545366, "access_bin": "<= 20 min", "within_15": false, "tract": "26163535800" }, "geometry": { "type": "Polygon", "coordinates": [ [ [ -83.196885, 42.355758 ], [ -83.19578, 42.355783 ], [ -83.194722, 42.355807 ], [ -83.193666, 42.355833 ], [ -83.192605, 42.355856 ], [ -83.19151, 42.355881 ], [ -83.191404, 42.35352 ], [ -83.191287, 42.350992 ], [ -83.192331, 42.350972 ], [ -83.193392, 42.350952 ], [ -83.194452, 42.350931 ], [ -83.195508, 42.350912 ], [ -83.196609, 42.35089 ], [ -83.196751, 42.353398 ], [ -83.196885, 42.355758 ] ] ] } },
{ "type": "Feature", "properties": { "GEOID": "261635358001", "NAME": "15000US261635358001", "population": 807, "acs_year": "2020-2024", "ALAND": 418415, "AWATER": 0, "walk_minutes": 19.173689105835869, "access_bin": "<= 20 min", "within_15": false, "tract": "26163535800" }, "geometry": { "type": "Polygon", "coordinates": [ [ [ -83.19151, 42.355881 ], [ -83.190502, 42.355905 ], [ -83.189477, 42.355929 ], [ -83.188322, 42.355954 ], [ -83.187135, 42.355981 ], [ -83.18591, 42.356005 ], [ -83.184697, 42.356023 ], [ -83.183528, 42.35604 ], [ -83.18239, 42.356061 ], [ -83.182145, 42.356066 ], [ -83.182114, 42.35485 ], [ -83.182088, 42.353832 ], [ -83.18203, 42.352133 ], [ -83.181976, 42.351783 ], [ -83.181972, 42.351729 ], [ -83.181955, 42.35148 ], [ -83.181934, 42.351181 ], [ -83.182073, 42.351179 ], [ -83.184479, 42.351128 ], [ -83.185684, 42.351103 ], [ -83.186767, 42.351085 ], [ -83.186911, 42.351079 ], [ -83.188103, 42.351053 ], [ -83.189256, 42.351032 ], [ -83.190283, 42.351011 ], [ -83.191287, 42.350992 ], [ -83.191404, 42.35352 ], [ -83.19151, 42.355881 ] ] ] } },
{ "type": "Feature", "properties": { "GEOID": "261635090003", "NAME": "15000US261635090003", "population": 455, "acs_year": "2020-2024", "ALAND": 253907, "AWATER": 0, "walk_minutes": 37.477096864670905, "access_bin": "> 20 min", "within_15": false, "tract": "26163509000" }, "geometry": { "type": "Polygon", "coordinates": [ [ [ -83.111117, 42.426723 ], [ -83.107036, 42.4268 ], [ -83.102156, 42.426885 ], [ -83.102124, 42.426155 ], [ -83.102093, 42.425428 ], [ -83.102064, 42.424642 ], [ -83.102036, 42.423916 ], [ -83.102029, 42.423693 ], [ -83.105897, 42.423573 ], [ -83.106004, 42.423557 ], [ -83.106106, 42.42353 ], [ -83.107976, 42.422868 ], [ -83.108593, 42.422646 ], [ -83.109123, 42.423433 ], [ -83.109684, 42.424263 ], [ -83.110236, 42.42512 ], [ -83.110341, 42.425275 ], [ -83.110829, 42.425996 ], [ -83.111318, 42.426714 ], [ -83.111117, 42.426723 ] ] ] } },
{ "type": "Feature", "properties": { "GEOID": "261635058003", "NAME": "15000US261635058003", "population": 172, "acs_year": "2020-2024", "ALAND": 1514304, "AWATER": 0, "walk_minutes": 24.447240503737952, "access_bin": "> 20 min", "within_15": false, "tract": "26163505800" }, "geometry": { "type": "Polygon", "coordinates": [ [ [ -83.03912, 42.386168 ], [ -83.03903, 42.386521 ], [ -83.038867, 42.386873 ], [ -83.038559, 42.387567 ], [ -83.038246, 42.388269 ], [ -83.037986, 42.388888 ], [ -83.037951, 42.388963 ], [ -83.037927, 42.389016 ], [ -83.037636, 42.389648 ], [ -83.037361, 42.39027 ], [ -83.037339, 42.390353 ], [ -83.03733, 42.39041 ], [ -83.037333, 42.390692 ], [ -83.03734, 42.391119 ], [ -83.037346, 42.391362 ], [ -83.037366, 42.392135 ], [ -83.037381, 42.392581 ], [ -83.037402, 42.39312 ], [ -83.037413, 42.393397 ], [ -83.036811, 42.393419 ], [ -83.035073, 42.393472 ], [ -83.034895, 42.393477 ], [ -83.034681, 42.393483 ], [ -83.033947, 42.393506 ], [ -83.032534, 42.393541 ], [ -83.03204, 42.393553 ], [ -83.03106, 42.393565 ], [ -83.030072, 42.393576 ], [ -83.029086, 42.393587 ], [ -83.028358, 42.393596 ], [ -83.028103, 42.393605 ], [ -83.027895, 42.393612 ], [ -83.027753, 42.393607 ], [ -83.02756, 42.393624 ], [ -83.027238, 42.39363 ], [ -83.027218, 42.393476 ], [ -83.026956, 42.393415 ], [ -83.026722, 42.393409 ], [ -83.02269, 42.393428 ], [ -83.022681, 42.393224 ], [ -83.02266, 42.392727 ], [ -83.022646, 42.392413 ], [ -83.022628, 42.391996 ], [ -83.022603, 42.391601 ], [ -83.022578, 42.391252 ], [ -83.022546, 42.390797 ], [ -83.022521, 42.390451 ], [ -83.022483, 42.390011 ], [ -83.022441, 42.389595 ], [ -83.022422, 42.389531 ], [ -83.022395, 42.389468 ], [ -83.022222, 42.3892 ], [ -83.021586, 42.388235 ], [ -83.021412, 42.387995 ], [ -83.020903, 42.387281 ], [ -83.020586, 42.386831 ], [ -83.020403, 42.386584 ], [ -83.020289, 42.38643 ], [ -83.020176, 42.386277 ], [ -83.020603, 42.38614 ], [ -83.020943, 42.386039 ], [ -83.021169, 42.385978 ], [ -83.021328, 42.385935 ], [ -83.021752, 42.38583 ], [ -83.021775, 42.385824 ], [ -83.022227, 42.385725 ], [ -83.022801, 42.38561 ], [ -83.023134, 42.385533 ], [ -83.024803, 42.385218 ], [ -83.026359, 42.384908 ], [ -83.026916, 42.384792 ], [ -83.027264, 42.38471 ], [ -83.027484, 42.384652 ], [ -83.0277, 42.384588 ], [ -83.027914, 42.384518 ], [ -83.028104, 42.384451 ], [ -83.028326, 42.384365 ], [ -83.028544, 42.384273 ], [ -83.028757, 42.384177 ], [ -83.029028, 42.384044 ], [ -83.029226, 42.383939 ], [ -83.029418, 42.383828 ], [ -83.029624, 42.383702 ], [ -83.029788, 42.383594 ], [ -83.029977, 42.383456 ], [ -83.030247, 42.383247 ], [ -83.030446, 42.383076 ], [ -83.030633, 42.382898 ], [ -83.030844, 42.382681 ], [ -83.031041, 42.382456 ], [ -83.031418, 42.38192 ], [ -83.031702, 42.381521 ], [ -83.032028, 42.381101 ], [ -83.032292, 42.380738 ], [ -83.032692, 42.380254 ], [ -83.033015, 42.379961 ], [ -83.0334, 42.379633 ], [ -83.03361, 42.379467 ], [ -83.033876, 42.379279 ], [ -83.034308, 42.379592 ], [ -83.034476, 42.379714 ], [ -83.034676, 42.379867 ], [ -83.034767, 42.379957 ], [ -83.034826, 42.380029 ], [ -83.03701, 42.383074 ], [ -83.037525, 42.383791 ], [ -83.038077, 42.38457 ], [ -83.038708, 42.385484 ], [ -83.039167, 42.385984 ], [ -83.03912, 42.386168 ] ] ] } },
{ "type": "Feature", "properties": { "GEOID": "261635424001", "NAME": "15000US261635424001", "population": 731, "acs_year": "2020-2024", "ALAND": 263938, "AWATER": 0, "walk_minutes": 13.71430610421266, "access_bin": "<= 15 min", "within_15": true, "tract": "26163542400" }, "geometry": { "type": "Polygon", "coordinates": [ [ [ -83.208225, 42.396637 ], [ -83.207616, 42.396391 ], [ -83.207218, 42.39623 ], [ -83.206386, 42.395894 ], [ -83.206034, 42.395752 ], [ -83.205036, 42.395347 ], [ -83.20494, 42.395311 ], [ -83.203844, 42.394868 ], [ -83.20268, 42.394398 ], [ -83.201611, 42.393966 ], [ -83.201226, 42.393811 ], [ -83.200498, 42.393517 ], [ -83.199821, 42.393243 ], [ -83.199428, 42.393084 ], [ -83.198365, 42.392657 ], [ -83.198342, 42.39175 ], [ -83.199382, 42.391728 ], [ -83.200427, 42.391707 ], [ -83.201351, 42.391706 ], [ -83.201513, 42.391703 ], [ -83.202607, 42.39168 ], [ -83.203678, 42.391655 ], [ -83.204668, 42.391639 ], [ -83.204772, 42.391658 ], [ -83.204876, 42.39168 ], [ -83.205716, 42.391706 ], [ -83.205883, 42.391703 ], [ -83.207005, 42.391684 ], [ -83.208105, 42.391664 ], [ -83.208173, 42.394087 ], [ -83.208205, 42.396157 ], [ -83.208225, 42.396637 ] ] ] } },
{ "type": "Feature", "properties": { "GEOID": "261635411002", "NAME": "15000US261635411002", "population": 1057, "acs_year": "2020-2024", "ALAND": 713366, "AWATER": 0, "walk_minutes": 13.890269166305202, "access_bin": "<= 15 min", "within_15": true, "tract": "26163541100" }, "geometry": { "type": "Polygon", "coordinates": [ [ [ -83.24426, 42.429442 ], [ -83.24309, 42.429473 ], [ -83.243021, 42.429475 ], [ -83.241865, 42.4295 ], [ -83.240772, 42.429526 ], [ -83.239824, 42.429548 ], [ -83.238866, 42.429572 ], [ -83.238831, 42.428886 ], [ -83.238784, 42.428159 ], [ -83.23874, 42.427151 ], [ -83.238616, 42.424482 ], [ -83.238526, 42.422367 ], [ -83.238496, 42.421687 ], [ -83.238388, 42.419264 ], [ -83.238306, 42.417445 ], [ -83.238206, 42.415183 ], [ -83.239186, 42.415157 ], [ -83.240122, 42.415131 ], [ -83.241162, 42.415098 ], [ -83.242316, 42.415066 ], [ -83.243314, 42.415038 ], [ -83.243576, 42.41503 ], [ -83.24369, 42.417295 ], [ -83.243785, 42.419092 ], [ -83.243819, 42.419768 ], [ -83.24391, 42.421532 ], [ -83.244042, 42.424356 ], [ -83.2441, 42.425682 ], [ -83.244176, 42.427023 ], [ -83.244304, 42.429302 ], [ -83.24426, 42.429442 ] ] ] } },
{ "type": "Feature", "properties": { "GEOID": "261635406002", "NAME": "15000US261635406002", "population": 1989, "acs_year": "2020-2024", "ALAND": 598495, "AWATER": 0, "walk_minutes": 19.335594250801069, "access_bin": "<= 20 min", "within_15": false, "tract": "26163540600" }, "geometry": { "type": "Polygon", "coordinates": [ [ [ -83.238526, 42.422367 ], [ -83.237465, 42.42239 ], [ -83.236368, 42.422417 ], [ -83.235273, 42.42244 ], [ -83.234222, 42.422462 ], [ -83.233145, 42.422487 ], [ -83.231938, 42.422517 ], [ -83.23064, 42.422547 ], [ -83.229449, 42.422569 ], [ -83.229435, 42.422506 ], [ -83.229304, 42.419045 ], [ -83.229296, 42.418846 ], [ -83.229169, 42.415473 ], [ -83.229214, 42.415347 ], [ -83.230372, 42.415325 ], [ -83.230577, 42.415322 ], [ -83.231733, 42.415293 ], [ -83.231997, 42.415291 ], [ -83.233202, 42.415271 ], [ -83.233904, 42.415256 ], [ -83.23443, 42.415246 ], [ -83.234956, 42.415236 ], [ -83.23555, 42.415223 ], [ -83.23574, 42.415215 ], [ -83.236051, 42.415202 ], [ -83.237033, 42.415149 ], [ -83.237127, 42.415146 ], [ -83.238206, 42.415183 ], [ -83.238306, 42.417445 ], [ -83.238388, 42.419264 ], [ -83.238496, 42.421687 ], [ -83.238526, 42.422367 ] ] ] } },
{ "type": "Feature", "properties": { "GEOID": "261635407003", "NAME": "15000US261635407003", "population": 1271, "acs_year": "2020-2024", "ALAND": 563271, "AWATER": 0, "walk_minutes": 21.767054867927413, "access_bin": "> 20 min", "within_15": false, "tract": "26163540700" }, "geometry": { "type": "Polygon", "coordinates": [ [ [ -83.228125, 42.437112 ], [ -83.226896, 42.437109 ], [ -83.226815, 42.437106 ], [ -83.225717, 42.43711 ], [ -83.22559, 42.437111 ], [ -83.224581, 42.437118 ], [ -83.224406, 42.437121 ], [ -83.223468, 42.437133 ], [ -83.223249, 42.437136 ], [ -83.222205, 42.437146 ], [ -83.222046, 42.437149 ], [ -83.221028, 42.437205 ], [ -83.220722, 42.437218 ], [ -83.220436, 42.437226 ], [ -83.21991, 42.437231 ], [ -83.219729, 42.437234 ], [ -83.21954, 42.437237 ], [ -83.219369, 42.433632 ], [ -83.219332, 42.432604 ], [ -83.219311, 42.432052 ], [ -83.219233, 42.43002 ], [ -83.219417, 42.430017 ], [ -83.219584, 42.430014 ], [ -83.21975, 42.43001 ], [ -83.220497, 42.429988 ], [ -83.220636, 42.429982 ], [ -83.221742, 42.429965 ], [ -83.222987, 42.429947 ], [ -83.224201, 42.429923 ], [ -83.22543, 42.429902 ], [ -83.226536, 42.429884 ], [ -83.2276, 42.429867 ], [ -83.227774, 42.429864 ], [ -83.227845, 42.431624 ], [ -83.22792, 42.43349 ], [ -83.227992, 42.435271 ], [ -83.228062, 42.436969 ], [ -83.228073, 42.437028 ], [ -83.228125, 42.437112 ] ] ] } },
{ "type": "Feature", "properties": { "GEOID": "261635393001", "NAME": "15000US261635393001", "population": 1645, "acs_year": "2020-2024", "ALAND": 645340, "AWATER": 0, "walk_minutes": 25.474850055160527, "access_bin": "> 20 min", "within_15": false, "tract": "26163539300" }, "geometry": { "type": "Polygon", "coordinates": [ [ [ -83.180759, 42.438322 ], [ -83.179677, 42.43834 ], [ -83.178598, 42.438353 ], [ -83.177515, 42.438365 ], [ -83.176433, 42.438378 ], [ -83.175345, 42.438392 ], [ -83.174256, 42.438405 ], [ -83.173168, 42.438423 ], [ -83.17208, 42.438432 ], [ -83.170992, 42.438433 ], [ -83.170922, 42.436619 ], [ -83.17087, 42.435334 ], [ -83.170857, 42.434998 ], [ -83.170854, 42.434913 ], [ -83.170846, 42.43471 ], [ -83.170774, 42.43302 ], [ -83.170716, 42.43168 ], [ -83.170698, 42.431249 ], [ -83.171659, 42.431243 ], [ -83.171851, 42.431237 ], [ -83.17272, 42.431211 ], [ -83.1729, 42.431209 ], [ -83.17306, 42.431207 ], [ -83.173991, 42.431194 ], [ -83.174228, 42.43119 ], [ -83.17548, 42.43117 ], [ -83.175754, 42.431166 ], [ -83.176968, 42.431149 ], [ -83.177249, 42.431145 ], [ -83.17814, 42.431132 ], [ -83.17833, 42.431129 ], [ -83.179292, 42.431107 ], [ -83.179509, 42.431101 ], [ -83.180507, 42.431078 ], [ -83.180524, 42.431556 ], [ -83.180556, 42.432869 ], [ -83.18062, 42.43456 ], [ -83.180627, 42.43476 ], [ -83.18069, 42.436445 ], [ -83.180759, 42.438322 ] ] ] } },
{ "type": "Feature", "properties": { "GEOID": "261635431002", "NAME": "15000US261635431002", "population": 1707, "acs_year": "2020-2024", "ALAND": 442632, "AWATER": 0, "walk_minutes": 22.797058724983085, "access_bin": "> 20 min", "within_15": false, "tract": "26163543100" }, "geometry": { "type": "Polygon", "coordinates": [ [ [ -83.238206, 42.415183 ], [ -83.237127, 42.415146 ], [ -83.237033, 42.415149 ], [ -83.236051, 42.415202 ], [ -83.23574, 42.415215 ], [ -83.23555, 42.415223 ], [ -83.234956, 42.415236 ], [ -83.23443, 42.415246 ], [ -83.233904, 42.415256 ], [ -83.233202, 42.415271 ], [ -83.231997, 42.415291 ], [ -83.231733, 42.415293 ], [ -83.230577, 42.415322 ], [ -83.230372, 42.415325 ], [ -83.229214, 42.415347 ], [ -83.229253, 42.415222 ], [ -83.229237, 42.414898 ], [ -83.229154, 42.413548 ], [ -83.229008, 42.411703 ], [ -83.228955, 42.411673 ], [ -83.228934, 42.411645 ], [ -83.228915, 42.411556 ], [ -83.228821, 42.409928 ], [ -83.229025, 42.409925 ], [ -83.230241, 42.409905 ], [ -83.231473, 42.409878 ], [ -83.231638, 42.409876 ], [ -83.232182, 42.409867 ], [ -83.232871, 42.409849 ], [ -83.233644, 42.409831 ], [ -83.234088, 42.409826 ], [ -83.235115, 42.409799 ], [ -83.23558, 42.409794 ], [ -83.235673, 42.409821 ], [ -83.235846, 42.409885 ], [ -83.236062, 42.409867 ], [ -83.236166, 42.409883 ], [ -83.236332, 42.409897 ], [ -83.236572, 42.409906 ], [ -83.236714, 42.409896 ], [ -83.237202, 42.409882 ], [ -83.237722, 42.409888 ], [ -83.237856, 42.409937 ], [ -83.237981, 42.41155 ], [ -83.238092, 42.413361 ], [ -83.238196, 42.415019 ], [ -83.238206, 42.415183 ] ] ] } },
{ "type": "Feature", "properties": { "GEOID": "261635429002", "NAME": "15000US261635429002", "population": 1479, "acs_year": "2020-2024", "ALAND": 480406, "AWATER": 0, "walk_minutes": 12.284906899376738, "access_bin": "<= 15 min", "within_15": true, "tract": "26163542900" }, "geometry": { "type": "Polygon", "coordinates": [ [ [ -83.232611, 42.400771 ], [ -83.231349, 42.400795 ], [ -83.230162, 42.400824 ], [ -83.228904, 42.400852 ], [ -83.227642, 42.400881 ], [ -83.226588, 42.400905 ], [ -83.226482, 42.400908 ], [ -83.225246, 42.400936 ], [ -83.225164, 42.398465 ], [ -83.225069, 42.396024 ], [ -83.225009, 42.393744 ], [ -83.226114, 42.393715 ], [ -83.22624, 42.393718 ], [ -83.226354, 42.393719 ], [ -83.227407, 42.39369 ], [ -83.228668, 42.393661 ], [ -83.229929, 42.39363 ], [ -83.231092, 42.393609 ], [ -83.231261, 42.393602 ], [ -83.232282, 42.393589 ], [ -83.232358, 42.395825 ], [ -83.232447, 42.398277 ], [ -83.232454, 42.39839 ], [ -83.232512, 42.398865 ], [ -83.23254, 42.399816 ], [ -83.232611, 42.400771 ] ] ] } },
{ "type": "Feature", "properties": { "GEOID": "261635403001", "NAME": "15000US261635403001", "population": 1248, "acs_year": "2020-2024", "ALAND": 435040, "AWATER": 0, "walk_minutes": 14.542029040217752, "access_bin": "<= 15 min", "within_15": true, "tract": "26163540300" }, "geometry": { "type": "Polygon", "coordinates": [ [ [ -83.219233, 42.43002 ], [ -83.218893, 42.430027 ], [ -83.218262, 42.430037 ], [ -83.218145, 42.430037 ], [ -83.217181, 42.430075 ], [ -83.216117, 42.430104 ], [ -83.215022, 42.430134 ], [ -83.213895, 42.430165 ], [ -83.212771, 42.430196 ], [ -83.212652, 42.42837 ], [ -83.212558, 42.426553 ], [ -83.212459, 42.426556 ], [ -83.212414, 42.42472 ], [ -83.212347, 42.422911 ], [ -83.213569, 42.422887 ], [ -83.214753, 42.422866 ], [ -83.215849, 42.422846 ], [ -83.216911, 42.422826 ], [ -83.2179, 42.42281 ], [ -83.217976, 42.422809 ], [ -83.218653, 42.422791 ], [ -83.218958, 42.422785 ], [ -83.219025, 42.424929 ], [ -83.219071, 42.426381 ], [ -83.219121, 42.427361 ], [ -83.219138, 42.427701 ], [ -83.21914, 42.427735 ], [ -83.219146, 42.42785 ], [ -83.219154, 42.428317 ], [ -83.219233, 42.43002 ] ] ] } },
{ "type": "Feature", "properties": { "GEOID": "261635386002", "NAME": "15000US261635386002", "population": 1087, "acs_year": "2020-2024", "ALAND": 285648, "AWATER": 0, "walk_minutes": 22.724272006290409, "access_bin": "> 20 min", "within_15": false, "tract": "26163538600" }, "geometry": { "type": "Polygon", "coordinates": [ [ [ -83.160984, 42.431347 ], [ -83.159893, 42.431367 ], [ -83.159606, 42.431373 ], [ -83.158796, 42.431377 ], [ -83.157701, 42.431383 ], [ -83.156622, 42.431388 ], [ -83.156562, 42.429592 ], [ -83.156508, 42.428039 ], [ -83.156492, 42.427811 ], [ -83.156483, 42.427683 ], [ -83.156424, 42.426017 ], [ -83.156375, 42.424498 ], [ -83.156361, 42.424228 ], [ -83.15745, 42.424215 ], [ -83.15855, 42.424202 ], [ -83.159648, 42.424189 ], [ -83.160719, 42.424176 ], [ -83.160785, 42.425973 ], [ -83.160848, 42.427769 ], [ -83.160911, 42.429572 ], [ -83.160984, 42.431347 ] ] ] } },
{ "type": "Feature", "properties": { "GEOID": "261635091001", "NAME": "15000US261635091001", "population": 912, "acs_year": "2020-2024", "ALAND": 396280, "AWATER": 0, "walk_minutes": 35.541442568164548, "access_bin": "> 20 min", "within_15": false, "tract": "26163509100" }, "geometry": { "type": "Polygon", "coordinates": [ [ [ -83.071723, 42.411422 ], [ -83.071571, 42.411516 ], [ -83.070972, 42.411922 ], [ -83.070391, 42.412316 ], [ -83.07023, 42.412432 ], [ -83.07006, 42.412536 ], [ -83.069979, 42.412586 ], [ -83.069718, 42.412731 ], [ -83.069449, 42.412867 ], [ -83.069143, 42.413006 ], [ -83.068843, 42.413129 ], [ -83.068425, 42.413292 ], [ -83.067559, 42.413606 ], [ -83.066847, 42.413884 ], [ -83.066691, 42.413936 ], [ -83.065777, 42.414226 ], [ -83.065628, 42.413976 ], [ -83.064304, 42.412029 ], [ -83.065179, 42.411707 ], [ -83.065946, 42.411428 ], [ -83.066046, 42.411405 ], [ -83.065608, 42.410764 ], [ -83.06517, 42.41011 ], [ -83.064731, 42.409455 ], [ -83.064286, 42.408796 ], [ -83.063853, 42.408148 ], [ -83.063412, 42.407496 ], [ -83.062927, 42.406834 ], [ -83.063325, 42.406688 ], [ -83.064284, 42.406334 ], [ -83.065864, 42.405753 ], [ -83.066756, 42.405425 ], [ -83.067627, 42.405105 ], [ -83.068089, 42.4058 ], [ -83.068518, 42.40644 ], [ -83.068955, 42.407089 ], [ -83.069392, 42.407745 ], [ -83.069824, 42.408392 ], [ -83.070259, 42.40904 ], [ -83.070695, 42.409689 ], [ -83.071128, 42.410337 ], [ -83.071345, 42.410661 ], [ -83.071494, 42.410884 ], [ -83.071644, 42.411106 ], [ -83.071699, 42.411245 ], [ -83.071723, 42.411422 ] ] ] } },
{ "type": "Feature", "properties": { "GEOID": "261635091003", "NAME": "15000US261635091003", "population": 1277, "acs_year": "2020-2024", "ALAND": 214086, "AWATER": 0, "walk_minutes": 29.616640858023111, "access_bin": "> 20 min", "within_15": false, "tract": "26163509100" }, "geometry": { "type": "Polygon", "coordinates": [ [ [ -83.065777, 42.414226 ], [ -83.065482, 42.414299 ], [ -83.064839, 42.414465 ], [ -83.064501, 42.414554 ], [ -83.063824, 42.414701 ], [ -83.063348, 42.414818 ], [ -83.063248, 42.414859 ], [ -83.06257, 42.415107 ], [ -83.062418, 42.415197 ], [ -83.061487, 42.415521 ], [ -83.059982, 42.413297 ], [ -83.058779, 42.411507 ], [ -83.05856, 42.411185 ], [ -83.059484, 42.410845 ], [ -83.060434, 42.410496 ], [ -83.060278, 42.410265 ], [ -83.061668, 42.409753 ], [ -83.062546, 42.40943 ], [ -83.064304, 42.412029 ], [ -83.065628, 42.413976 ], [ -83.065777, 42.414226 ] ] ] } },
{ "type": "Feature", "properties": { "GEOID": "261635091004", "NAME": "15000US261635091004", "population": 1495, "acs_year": "2020-2024", "ALAND": 188633, "AWATER": 0, "walk_minutes": 24.7074440008087, "access_bin": "> 20 min", "within_15": false, "tract": "26163509100" }, "geometry": { "type": "Polygon", "coordinates": [ [ [ -83.065946, 42.411428 ], [ -83.065179, 42.411707 ], [ -83.064304, 42.412029 ], [ -83.062546, 42.40943 ], [ -83.061668, 42.409753 ], [ -83.060278, 42.410265 ], [ -83.060434, 42.410496 ], [ -83.059484, 42.410845 ], [ -83.05856, 42.411185 ], [ -83.058275, 42.410766 ], [ -83.057788, 42.410045 ], [ -83.057299, 42.409319 ], [ -83.057071, 42.408981 ], [ -83.057988, 42.408644 ], [ -83.058914, 42.408304 ], [ -83.059797, 42.407982 ], [ -83.060333, 42.407784 ], [ -83.060696, 42.407651 ], [ -83.061221, 42.407462 ], [ -83.061573, 42.407329 ], [ -83.062085, 42.40714 ], [ -83.062448, 42.407008 ], [ -83.062927, 42.406834 ], [ -83.063412, 42.407496 ], [ -83.063853, 42.408148 ], [ -83.064286, 42.408796 ], [ -83.064731, 42.409455 ], [ -83.06517, 42.41011 ], [ -83.065608, 42.410764 ], [ -83.066046, 42.411405 ], [ -83.065946, 42.411428 ] ] ] } },
{ "type": "Feature", "properties": { "GEOID": "261635091002", "NAME": "15000US261635091002", "population": 140, "acs_year": "2020-2024", "ALAND": 421894, "AWATER": 0, "walk_minutes": 42.023817927527702, "access_bin": "> 20 min", "within_15": false, "tract": "26163509100" }, "geometry": { "type": "Polygon", "coordinates": [ [ [ -83.079546, 42.408656 ], [ -83.079297, 42.408721 ], [ -83.079166, 42.40875 ], [ -83.078196, 42.408968 ], [ -83.077227, 42.409187 ], [ -83.077009, 42.409236 ], [ -83.075853, 42.409541 ], [ -83.075434, 42.409671 ], [ -83.075021, 42.409811 ], [ -83.074716, 42.409924 ], [ -83.07375, 42.410309 ], [ -83.073327, 42.410507 ], [ -83.072863, 42.410753 ], [ -83.072839, 42.410766 ], [ -83.072467, 42.410959 ], [ -83.071723, 42.411422 ], [ -83.071699, 42.411245 ], [ -83.071644, 42.411106 ], [ -83.071494, 42.410884 ], [ -83.071345, 42.410661 ], [ -83.071128, 42.410337 ], [ -83.070695, 42.409689 ], [ -83.070259, 42.40904 ], [ -83.069824, 42.408392 ], [ -83.069392, 42.407745 ], [ -83.068955, 42.407089 ], [ -83.068518, 42.40644 ], [ -83.068089, 42.4058 ], [ -83.067627, 42.405105 ], [ -83.068785, 42.404678 ], [ -83.069218, 42.404518 ], [ -83.070194, 42.404161 ], [ -83.071173, 42.403799 ], [ -83.072137, 42.403446 ], [ -83.072477, 42.403296 ], [ -83.072743, 42.403177 ], [ -83.073135, 42.403779 ], [ -83.073615, 42.404494 ], [ -83.07402, 42.404957 ], [ -83.074463, 42.405355 ], [ -83.074985, 42.40573 ], [ -83.075213, 42.405872 ], [ -83.075478, 42.40601 ], [ -83.075723, 42.406135 ], [ -83.077011, 42.406797 ], [ -83.077475, 42.407041 ], [ -83.077937, 42.407299 ], [ -83.078291, 42.407531 ], [ -83.078532, 42.407696 ], [ -83.0788, 42.407904 ], [ -83.078931, 42.408014 ], [ -83.078972, 42.408048 ], [ -83.079115, 42.408178 ], [ -83.079245, 42.408307 ], [ -83.079471, 42.408557 ], [ -83.079546, 42.408656 ] ] ] } },
{ "type": "Feature", "properties": { "GEOID": "261635338002", "NAME": "15000US261635338002", "population": 417, "acs_year": "2020-2024", "ALAND": 249112, "AWATER": 0, "walk_minutes": 29.996195410057926, "access_bin": "> 20 min", "within_15": false, "tract": "26163533800" }, "geometry": { "type": "Polygon", "coordinates": [ [ [ -83.138751, 42.367398 ], [ -83.137911, 42.367057 ], [ -83.136685, 42.366598 ], [ -83.135561, 42.366195 ], [ -83.135354, 42.366114 ], [ -83.133277, 42.365301 ], [ -83.131856, 42.364781 ], [ -83.131168, 42.36453 ], [ -83.131295, 42.364355 ], [ -83.131492, 42.364116 ], [ -83.130834, 42.363853 ], [ -83.130442, 42.363697 ], [ -83.130365, 42.363665 ], [ -83.129459, 42.363346 ], [ -83.129699, 42.363018 ], [ -83.130226, 42.362281 ], [ -83.130673, 42.361644 ], [ -83.130715, 42.361612 ], [ -83.1312, 42.361445 ], [ -83.132179, 42.361073 ], [ -83.132461, 42.361469 ], [ -83.132766, 42.361908 ], [ -83.132834, 42.361888 ], [ -83.132909, 42.361883 ], [ -83.13299, 42.36189 ], [ -83.133084, 42.361904 ], [ -83.134122, 42.362332 ], [ -83.135155, 42.362749 ], [ -83.136187, 42.363165 ], [ -83.13722, 42.363582 ], [ -83.137631, 42.363732 ], [ -83.138124, 42.36394 ], [ -83.138193, 42.363959 ], [ -83.138279, 42.363968 ], [ -83.138592, 42.363977 ], [ -83.138696, 42.366155 ], [ -83.138714, 42.366586 ], [ -83.138724, 42.366796 ], [ -83.138741, 42.36717 ], [ -83.138751, 42.367398 ] ] ] } },
{ "type": "Feature", "properties": { "GEOID": "261635315021", "NAME": "15000US261635315021", "population": 735, "acs_year": "2020-2024", "ALAND": 376393, "AWATER": 0, "walk_minutes": 7.250493797795138, "access_bin": "<= 10 min", "within_15": true, "tract": "26163531502" }, "geometry": { "type": "Polygon", "coordinates": [ [ [ -83.127253, 42.391078 ], [ -83.124931, 42.39194 ], [ -83.124733, 42.392013 ], [ -83.12203, 42.393019 ], [ -83.121602, 42.392384 ], [ -83.121129, 42.391684 ], [ -83.121027, 42.391532 ], [ -83.120621, 42.39093 ], [ -83.120109, 42.39017 ], [ -83.119599, 42.38941 ], [ -83.119557, 42.389344 ], [ -83.11909, 42.388657 ], [ -83.119025, 42.38856 ], [ -83.118757, 42.388164 ], [ -83.11858, 42.387901 ], [ -83.118484, 42.387758 ], [ -83.118139, 42.387246 ], [ -83.117928, 42.386933 ], [ -83.118037, 42.386901 ], [ -83.120652, 42.385931 ], [ -83.123353, 42.384929 ], [ -83.123906, 42.385749 ], [ -83.124154, 42.386119 ], [ -83.124445, 42.386551 ], [ -83.124977, 42.387341 ], [ -83.125506, 42.388128 ], [ -83.126061, 42.388954 ], [ -83.126549, 42.389682 ], [ -83.126953, 42.390304 ], [ -83.127013, 42.390383 ], [ -83.127073, 42.390462 ], [ -83.127442, 42.391012 ], [ -83.127253, 42.391078 ] ] ] } },
{ "type": "Feature", "properties": { "GEOID": "261635241012", "NAME": "15000US261635241012", "population": 2421, "acs_year": "2020-2024", "ALAND": 935713, "AWATER": 8689, "walk_minutes": 5.1433407130969879, "access_bin": "<= 10 min", "within_15": true, "tract": "26163524101" }, "geometry": { "type": "Polygon", "coordinates": [ [ [ -83.14332, 42.318728 ], [ -83.1422, 42.318836 ], [ -83.141639, 42.318909 ], [ -83.137882, 42.313904 ], [ -83.137378, 42.314385 ], [ -83.13665, 42.315097 ], [ -83.135995, 42.315719 ], [ -83.135869, 42.315819 ], [ -83.135644, 42.315974 ], [ -83.135454, 42.316089 ], [ -83.13531, 42.316166 ], [ -83.134906, 42.316351 ], [ -83.134594, 42.31648 ], [ -83.134383, 42.316553 ], [ -83.134095, 42.316644 ], [ -83.133874, 42.316707 ], [ -83.13368, 42.316755 ], [ -83.133418, 42.316808 ], [ -83.133152, 42.316851 ], [ -83.132951, 42.316875 ], [ -83.132748, 42.316893 ], [ -83.132468, 42.316907 ], [ -83.131582, 42.317021 ], [ -83.130294, 42.315249 ], [ -83.129177, 42.313697 ], [ -83.128825, 42.31322 ], [ -83.127468, 42.311336 ], [ -83.128424, 42.310947 ], [ -83.129304, 42.310589 ], [ -83.129671, 42.310439 ], [ -83.130163, 42.310239 ], [ -83.131019, 42.309891 ], [ -83.131881, 42.309541 ], [ -83.132564, 42.309262 ], [ -83.132733, 42.309192 ], [ -83.133446, 42.308901 ], [ -83.133588, 42.308844 ], [ -83.134307, 42.308554 ], [ -83.134426, 42.308507 ], [ -83.135163, 42.308209 ], [ -83.135297, 42.308154 ], [ -83.136039, 42.307853 ], [ -83.13616, 42.307804 ], [ -83.142438, 42.305252 ], [ -83.142494, 42.305502 ], [ -83.142499, 42.305686 ], [ -83.142478, 42.305847 ], [ -83.142394, 42.305987 ], [ -83.142233, 42.306098 ], [ -83.141356, 42.306458 ], [ -83.14118, 42.306469 ], [ -83.140966, 42.306516 ], [ -83.140807, 42.30659 ], [ -83.140683, 42.306676 ], [ -83.140584, 42.306846 ], [ -83.140682, 42.307168 ], [ -83.140754, 42.307437 ], [ -83.140723, 42.307661 ], [ -83.140606, 42.307889 ], [ -83.140423, 42.308041 ], [ -83.140042, 42.30821 ], [ -83.139874, 42.308321 ], [ -83.139775, 42.308491 ], [ -83.139717, 42.308662 ], [ -83.139737, 42.308841 ], [ -83.139807, 42.309005 ], [ -83.140484, 42.310085 ], [ -83.140534, 42.310233 ], [ -83.140555, 42.310385 ], [ -83.140589, 42.310579 ], [ -83.140682, 42.310796 ], [ -83.14078, 42.311008 ], [ -83.141767, 42.312402 ], [ -83.143448, 42.31469 ], [ -83.141954, 42.315205 ], [ -83.143851, 42.318659 ], [ -83.14332, 42.318728 ] ] ] } },
{ "type": "Feature", "properties": { "GEOID": "261635241011", "NAME": "15000US261635241011", "population": 1603, "acs_year": "2020-2024", "ALAND": 196113, "AWATER": 0, "walk_minutes": 4.5611267374473945, "access_bin": "<= 5 min", "within_15": true, "tract": "26163524101" }, "geometry": { "type": "Polygon", "coordinates": [ [ [ -83.130444, 42.317169 ], [ -83.129286, 42.317318 ], [ -83.128899, 42.317369 ], [ -83.128734, 42.317368 ], [ -83.127584, 42.317154 ], [ -83.125664, 42.314504 ], [ -83.124314, 42.312636 ], [ -83.125536, 42.312131 ], [ -83.12651, 42.311728 ], [ -83.12721, 42.31144 ], [ -83.127468, 42.311336 ], [ -83.128825, 42.31322 ], [ -83.129177, 42.313697 ], [ -83.130294, 42.315249 ], [ -83.131582, 42.317021 ], [ -83.130444, 42.317169 ] ] ] } },
{ "type": "Feature", "properties": { "GEOID": "261635259003", "NAME": "15000US261635259003", "population": 837, "acs_year": "2020-2024", "ALAND": 875685, "AWATER": 0, "walk_minutes": 11.903743014345777, "access_bin": "<= 15 min", "within_15": true, "tract": "26163525900" }, "geometry": { "type": "Polygon", "coordinates": [ [ [ -83.121338, 42.332485 ], [ -83.12017, 42.332952 ], [ -83.11897, 42.333431 ], [ -83.118659, 42.333554 ], [ -83.11753, 42.334002 ], [ -83.116395, 42.334448 ], [ -83.115498, 42.334797 ], [ -83.114632, 42.335144 ], [ -83.113753, 42.335495 ], [ -83.112873, 42.335845 ], [ -83.11243, 42.336022 ], [ -83.11191, 42.336206 ], [ -83.111796, 42.336223 ], [ -83.11159, 42.336236 ], [ -83.111159, 42.336416 ], [ -83.110851, 42.336539 ], [ -83.110566, 42.336653 ], [ -83.109941, 42.3369 ], [ -83.109137, 42.337219 ], [ -83.10894, 42.337297 ], [ -83.107631, 42.337816 ], [ -83.10638, 42.338284 ], [ -83.10618, 42.338013 ], [ -83.104864, 42.338529 ], [ -83.104126, 42.338818 ], [ -83.103753, 42.338977 ], [ -83.102533, 42.337264 ], [ -83.10244, 42.33705 ], [ -83.102351, 42.336867 ], [ -83.102062, 42.336427 ], [ -83.101956, 42.336284 ], [ -83.101653, 42.335835 ], [ -83.101391, 42.335608 ], [ -83.101193, 42.335426 ], [ -83.100564, 42.334557 ], [ -83.102084, 42.332352 ], [ -83.102829, 42.331296 ], [ -83.10301, 42.331291 ], [ -83.10449, 42.331202 ], [ -83.105826, 42.331191 ], [ -83.107394, 42.331199 ], [ -83.108164, 42.331194 ], [ -83.108951, 42.331188 ], [ -83.109515, 42.331184 ], [ -83.11064, 42.331176 ], [ -83.111474, 42.33117 ], [ -83.111769, 42.331166 ], [ -83.113037, 42.331159 ], [ -83.113999, 42.331154 ], [ -83.114715, 42.33115 ], [ -83.115529, 42.331148 ], [ -83.116519, 42.331141 ], [ -83.116813, 42.331138 ], [ -83.118839, 42.331118 ], [ -83.119975, 42.331107 ], [ -83.120338, 42.331112 ], [ -83.120786, 42.331732 ], [ -83.121338, 42.332485 ] ] ] } },
{ "type": "Feature", "properties": { "GEOID": "261635259001", "NAME": "15000US261635259001", "population": 608, "acs_year": "2020-2024", "ALAND": 474089, "AWATER": 0, "walk_minutes": 10.433886293067944, "access_bin": "<= 15 min", "within_15": true, "tract": "26163525900" }, "geometry": { "type": "Polygon", "coordinates": [ [ [ -83.116628, 42.326299 ], [ -83.115627, 42.3267 ], [ -83.114412, 42.327186 ], [ -83.114003, 42.327349 ], [ -83.113117, 42.327704 ], [ -83.111201, 42.328475 ], [ -83.109907, 42.328998 ], [ -83.110485, 42.329796 ], [ -83.111053, 42.330583 ], [ -83.111474, 42.33117 ], [ -83.11064, 42.331176 ], [ -83.109515, 42.331184 ], [ -83.108951, 42.331188 ], [ -83.108164, 42.331194 ], [ -83.107394, 42.331199 ], [ -83.105826, 42.331191 ], [ -83.10449, 42.331202 ], [ -83.10301, 42.331291 ], [ -83.102829, 42.331296 ], [ -83.102922, 42.331134 ], [ -83.103386, 42.330485 ], [ -83.10608, 42.326552 ], [ -83.106729, 42.32547 ], [ -83.10679, 42.325362 ], [ -83.107216, 42.32531 ], [ -83.108271, 42.325152 ], [ -83.113939, 42.324385 ], [ -83.115311, 42.324195 ], [ -83.115389, 42.324302 ], [ -83.115521, 42.324483 ], [ -83.11599, 42.325126 ], [ -83.116748, 42.326171 ], [ -83.116628, 42.326299 ] ] ] } },
{ "type": "Feature", "properties": { "GEOID": "261635240012", "NAME": "15000US261635240012", "population": 1072, "acs_year": "2020-2024", "ALAND": 367707, "AWATER": 0, "walk_minutes": 7.6055716337936987, "access_bin": "<= 10 min", "within_15": true, "tract": "26163524001" }, "geometry": { "type": "Polygon", "coordinates": [ [ [ -83.128042, 42.319193 ], [ -83.127707, 42.318743 ], [ -83.126732, 42.319153 ], [ -83.126107, 42.318202 ], [ -83.125629, 42.318412 ], [ -83.124564, 42.316935 ], [ -83.123942, 42.316928 ], [ -83.123827, 42.316918 ], [ -83.122609, 42.316676 ], [ -83.121521, 42.316463 ], [ -83.121069, 42.316355 ], [ -83.120762, 42.316308 ], [ -83.119645, 42.316209 ], [ -83.116875, 42.315975 ], [ -83.116725, 42.315966 ], [ -83.116446, 42.315943 ], [ -83.116168, 42.315919 ], [ -83.11405, 42.315646 ], [ -83.113712, 42.315616 ], [ -83.11462, 42.314237 ], [ -83.115031, 42.313705 ], [ -83.116615, 42.311412 ], [ -83.11664, 42.311695 ], [ -83.117037, 42.312244 ], [ -83.117509, 42.312893 ], [ -83.117977, 42.31354 ], [ -83.118286, 42.313967 ], [ -83.118447, 42.31419 ], [ -83.118934, 42.314854 ], [ -83.120075, 42.314384 ], [ -83.121111, 42.313957 ], [ -83.121318, 42.313871 ], [ -83.122111, 42.313544 ], [ -83.12308, 42.313145 ], [ -83.123692, 42.312888 ], [ -83.124314, 42.312636 ], [ -83.125664, 42.314504 ], [ -83.127584, 42.317154 ], [ -83.128832, 42.318874 ], [ -83.128042, 42.319193 ] ] ] } },
{ "type": "Feature", "properties": { "GEOID": "261635228001", "NAME": "15000US261635228001", "population": 741, "acs_year": "2020-2024", "ALAND": 964760, "AWATER": 0, "walk_minutes": 27.493003377689963, "access_bin": "> 20 min", "within_15": false, "tract": "26163522800" }, "geometry": { "type": "Polygon", "coordinates": [ [ [ -83.100564, 42.334557 ], [ -83.100261, 42.334998 ], [ -83.099879, 42.335552 ], [ -83.098997, 42.336822 ], [ -83.098354, 42.337754 ], [ -83.097777, 42.338587 ], [ -83.097192, 42.339431 ], [ -83.096972, 42.339749 ], [ -83.096433, 42.340529 ], [ -83.096, 42.341155 ], [ -83.095732, 42.341542 ], [ -83.095643, 42.341665 ], [ -83.095637, 42.341674 ], [ -83.095103, 42.342452 ], [ -83.094821, 42.342854 ], [ -83.09464, 42.343135 ], [ -83.094457, 42.342807 ], [ -83.094033, 42.342117 ], [ -83.091966, 42.338592 ], [ -83.091367, 42.337563 ], [ -83.091088, 42.337112 ], [ -83.09074, 42.33657 ], [ -83.09066, 42.336452 ], [ -83.090548, 42.336304 ], [ -83.090432, 42.336165 ], [ -83.090053, 42.335776 ], [ -83.089418, 42.335234 ], [ -83.088996, 42.334885 ], [ -83.088607, 42.334569 ], [ -83.088332, 42.334354 ], [ -83.088161, 42.334204 ], [ -83.087963, 42.334018 ], [ -83.08774, 42.333766 ], [ -83.08755, 42.333499 ], [ -83.087412, 42.333256 ], [ -83.087282, 42.33296 ], [ -83.087226, 42.332731 ], [ -83.086858, 42.331456 ], [ -83.086491, 42.330169 ], [ -83.086539, 42.329939 ], [ -83.086569, 42.329748 ], [ -83.086576, 42.329493 ], [ -83.086537, 42.329206 ], [ -83.086486, 42.32895 ], [ -83.086416, 42.328739 ], [ -83.086282, 42.328406 ], [ -83.08616, 42.32822 ], [ -83.086131, 42.328179 ], [ -83.086101, 42.328136 ], [ -83.086281, 42.328125 ], [ -83.086316, 42.328123 ], [ -83.08664, 42.328081 ], [ -83.088065, 42.327894 ], [ -83.089123, 42.327743 ], [ -83.089286, 42.32772 ], [ -83.089398, 42.327707 ], [ -83.092487, 42.32734 ], [ -83.092516, 42.327381 ], [ -83.092544, 42.327421 ], [ -83.093245, 42.328441 ], [ -83.093432, 42.328742 ], [ -83.09357, 42.328991 ], [ -83.093677, 42.329218 ], [ -83.093792, 42.329434 ], [ -83.093976, 42.329748 ], [ -83.094007, 42.329814 ], [ -83.094676, 42.330744 ], [ -83.095014, 42.331187 ], [ -83.095092, 42.331368 ], [ -83.095228, 42.331693 ], [ -83.095276, 42.331796 ], [ -83.095359, 42.331952 ], [ -83.095474, 42.332135 ], [ -83.095723, 42.332353 ], [ -83.095944, 42.332561 ], [ -83.096013, 42.332637 ], [ -83.096206, 42.332848 ], [ -83.096374, 42.333138 ], [ -83.096462, 42.333334 ], [ -83.096715, 42.333796 ], [ -83.096839, 42.333939 ], [ -83.096982, 42.334019 ], [ -83.097144, 42.33408 ], [ -83.09723, 42.334098 ], [ -83.097303, 42.334105 ], [ -83.097388, 42.334105 ], [ -83.097502, 42.334097 ], [ -83.097616, 42.334083 ], [ -83.097728, 42.334062 ], [ -83.097838, 42.334035 ], [ -83.097928, 42.334007 ], [ -83.098047, 42.333963 ], [ -83.098177, 42.333903 ], [ -83.098298, 42.333832 ], [ -83.098403, 42.333759 ], [ -83.098532, 42.333686 ], [ -83.098649, 42.333619 ], [ -83.098935, 42.333502 ], [ -83.099044, 42.333463 ], [ -83.099201, 42.333425 ], [ -83.099297, 42.33341 ], [ -83.099393, 42.333403 ], [ -83.09949, 42.333401 ], [ -83.099587, 42.333407 ], [ -83.099763, 42.333433 ], [ -83.09996, 42.333727 ], [ -83.100272, 42.334156 ], [ -83.100564, 42.334557 ] ] ] } },
{ "type": "Feature", "properties": { "GEOID": "261635240013", "NAME": "15000US261635240013", "population": 468, "acs_year": "2020-2024", "ALAND": 110814, "AWATER": 0, "walk_minutes": 5.6756375714180676, "access_bin": "<= 10 min", "within_15": true, "tract": "26163524001" }, "geometry": { "type": "Polygon", "coordinates": [ [ [ -83.121111, 42.313957 ], [ -83.120075, 42.314384 ], [ -83.118934, 42.314854 ], [ -83.118447, 42.31419 ], [ -83.118286, 42.313967 ], [ -83.117977, 42.31354 ], [ -83.117509, 42.312893 ], [ -83.117037, 42.312244 ], [ -83.11664, 42.311695 ], [ -83.116615, 42.311412 ], [ -83.118037, 42.309354 ], [ -83.118376, 42.309835 ], [ -83.118845, 42.310478 ], [ -83.118943, 42.310612 ], [ -83.11935, 42.31117 ], [ -83.119417, 42.311261 ], [ -83.119888, 42.311909 ], [ -83.120361, 42.312558 ], [ -83.120832, 42.313205 ], [ -83.121318, 42.313871 ], [ -83.121111, 42.313957 ] ] ] } },
{ "type": "Feature", "properties": { "GEOID": "261635232003", "NAME": "15000US261635232003", "population": 1031, "acs_year": "2020-2024", "ALAND": 310555, "AWATER": 0, "walk_minutes": 8.025540048610555, "access_bin": "<= 10 min", "within_15": true, "tract": "26163523200" }, "geometry": { "type": "Polygon", "coordinates": [ [ [ -83.109978, 42.315614 ], [ -83.109202, 42.315641 ], [ -83.10855, 42.315668 ], [ -83.107037, 42.315733 ], [ -83.106882, 42.31576 ], [ -83.105663, 42.316251 ], [ -83.105079, 42.315446 ], [ -83.104893, 42.31519 ], [ -83.104526, 42.314685 ], [ -83.103964, 42.313911 ], [ -83.103732, 42.313594 ], [ -83.103402, 42.313138 ], [ -83.102842, 42.312366 ], [ -83.102449, 42.311823 ], [ -83.102281, 42.311593 ], [ -83.10172, 42.31082 ], [ -83.101271, 42.3102 ], [ -83.101184, 42.310067 ], [ -83.101042, 42.310003 ], [ -83.100963, 42.309923 ], [ -83.100927, 42.309886 ], [ -83.100759, 42.309717 ], [ -83.101287, 42.309432 ], [ -83.10316, 42.308397 ], [ -83.104295, 42.307768 ], [ -83.104543, 42.308108 ], [ -83.104902, 42.3086 ], [ -83.105534, 42.309475 ], [ -83.106163, 42.310341 ], [ -83.106806, 42.311227 ], [ -83.107447, 42.312111 ], [ -83.108614, 42.313712 ], [ -83.10961, 42.315096 ], [ -83.109978, 42.315614 ] ] ] } },
{ "type": "Feature", "properties": { "GEOID": "261635321001", "NAME": "15000US261635321001", "population": 728, "acs_year": "2020-2024", "ALAND": 676335, "AWATER": 0, "walk_minutes": 12.225959669837273, "access_bin": "<= 15 min", "within_15": true, "tract": "26163532100" }, "geometry": { "type": "Polygon", "coordinates": [ [ [ -83.098701, 42.383864 ], [ -83.098386, 42.383977 ], [ -83.097565, 42.384275 ], [ -83.095311, 42.385089 ], [ -83.094901, 42.385191 ], [ -83.09463, 42.385287 ], [ -83.091634, 42.386391 ], [ -83.088653, 42.387495 ], [ -83.086175, 42.388412 ], [ -83.085636, 42.388605 ], [ -83.084943, 42.387579 ], [ -83.084129, 42.386366 ], [ -83.083524, 42.385468 ], [ -83.083423, 42.385318 ], [ -83.08294, 42.384602 ], [ -83.082774, 42.384356 ], [ -83.082355, 42.383734 ], [ -83.082214, 42.383523 ], [ -83.081738, 42.382815 ], [ -83.084776, 42.381736 ], [ -83.087754, 42.380638 ], [ -83.08984, 42.379871 ], [ -83.090225, 42.379716 ], [ -83.09027, 42.37978 ], [ -83.090316, 42.379843 ], [ -83.090559, 42.380155 ], [ -83.090882, 42.380496 ], [ -83.091028, 42.38065 ], [ -83.091458, 42.381005 ], [ -83.091754, 42.381206 ], [ -83.092029, 42.381377 ], [ -83.092142, 42.381453 ], [ -83.092342, 42.38159 ], [ -83.092553, 42.381695 ], [ -83.09273, 42.381774 ], [ -83.092903, 42.381845 ], [ -83.093034, 42.381898 ], [ -83.093364, 42.382025 ], [ -83.093707, 42.382125 ], [ -83.094653, 42.382412 ], [ -83.095007, 42.382506 ], [ -83.096468, 42.382895 ], [ -83.096593, 42.382935 ], [ -83.097026, 42.383073 ], [ -83.097539, 42.383261 ], [ -83.097957, 42.383446 ], [ -83.098501, 42.383755 ], [ -83.098591, 42.383799 ], [ -83.098701, 42.383864 ] ] ] } },
{ "type": "Feature", "properties": { "GEOID": "261635326001", "NAME": "15000US261635326001", "population": 1009, "acs_year": "2020-2024", "ALAND": 275140, "AWATER": 0, "walk_minutes": 13.77941125581016, "access_bin": "<= 15 min", "within_15": true, "tract": "26163532600" }, "geometry": { "type": "Polygon", "coordinates": [ [ [ -83.094025, 42.368765 ], [ -83.093397, 42.36898 ], [ -83.093049, 42.369119 ], [ -83.092815, 42.369192 ], [ -83.09266, 42.36923 ], [ -83.092508, 42.369273 ], [ -83.092262, 42.369359 ], [ -83.092087, 42.369446 ], [ -83.091986, 42.369501 ], [ -83.091812, 42.369596 ], [ -83.091751, 42.369623 ], [ -83.091701, 42.369636 ], [ -83.091649, 42.369642 ], [ -83.091578, 42.369641 ], [ -83.089855, 42.370249 ], [ -83.08938, 42.370421 ], [ -83.087639, 42.371055 ], [ -83.087621, 42.371007 ], [ -83.087454, 42.370758 ], [ -83.087294, 42.37052 ], [ -83.086826, 42.369781 ], [ -83.086443, 42.369403 ], [ -83.086503, 42.369381 ], [ -83.087608, 42.368968 ], [ -83.088729, 42.368546 ], [ -83.088218, 42.367785 ], [ -83.086601, 42.36539 ], [ -83.087687, 42.364981 ], [ -83.08874, 42.364583 ], [ -83.089802, 42.36418 ], [ -83.090204, 42.363965 ], [ -83.090702, 42.363731 ], [ -83.090791, 42.363857 ], [ -83.091466, 42.364891 ], [ -83.091528, 42.364991 ], [ -83.092073, 42.3658 ], [ -83.092358, 42.366232 ], [ -83.092592, 42.366588 ], [ -83.092858, 42.366991 ], [ -83.09313, 42.367405 ], [ -83.093379, 42.367783 ], [ -83.093688, 42.368252 ], [ -83.093767, 42.368373 ], [ -83.093857, 42.36851 ], [ -83.094025, 42.368765 ] ] ] } },
{ "type": "Feature", "properties": { "GEOID": "261635339004", "NAME": "15000US261635339004", "population": 565, "acs_year": "2020-2024", "ALAND": 697033, "AWATER": 0, "walk_minutes": 21.74181375188892, "access_bin": "> 20 min", "within_15": false, "tract": "26163533900" }, "geometry": { "type": "Polygon", "coordinates": [ [ [ -83.081802, 42.367197 ], [ -83.081514, 42.367304 ], [ -83.079277, 42.368145 ], [ -83.076908, 42.369037 ], [ -83.076366, 42.369237 ], [ -83.074883, 42.369802 ], [ -83.073822, 42.370197 ], [ -83.073387, 42.370351 ], [ -83.073276, 42.370178 ], [ -83.072571, 42.369118 ], [ -83.072099, 42.368413 ], [ -83.071824, 42.367996 ], [ -83.071653, 42.367735 ], [ -83.071369, 42.367288 ], [ -83.070902, 42.366549 ], [ -83.070794, 42.366383 ], [ -83.070347, 42.365721 ], [ -83.069947, 42.365151 ], [ -83.069697, 42.364811 ], [ -83.069205, 42.364139 ], [ -83.069131, 42.364039 ], [ -83.069014, 42.363878 ], [ -83.068925, 42.363754 ], [ -83.068815, 42.363601 ], [ -83.070143, 42.36292 ], [ -83.070353, 42.362797 ], [ -83.070496, 42.362708 ], [ -83.07219, 42.361652 ], [ -83.072441, 42.361483 ], [ -83.073044, 42.361074 ], [ -83.073293, 42.360893 ], [ -83.074295, 42.360163 ], [ -83.075033, 42.359684 ], [ -83.075321, 42.359504 ], [ -83.076031, 42.35906 ], [ -83.076286, 42.359493 ], [ -83.076394, 42.359677 ], [ -83.076708, 42.360178 ], [ -83.077482, 42.361397 ], [ -83.077655, 42.361629 ], [ -83.077848, 42.361878 ], [ -83.079376, 42.363985 ], [ -83.079535, 42.364214 ], [ -83.079589, 42.364294 ], [ -83.080175, 42.365059 ], [ -83.080896, 42.365982 ], [ -83.081315, 42.366522 ], [ -83.081678, 42.367026 ], [ -83.081802, 42.367197 ] ] ] } },
{ "type": "Feature", "properties": { "GEOID": "261635219004", "NAME": "15000US261635219004", "population": 1118, "acs_year": "2020-2024", "ALAND": 700945, "AWATER": 0, "walk_minutes": 15.131084437484573, "access_bin": "<= 20 min", "within_15": false, "tract": "26163521900" }, "geometry": { "type": "Polygon", "coordinates": [ [ [ -83.095562, 42.351227 ], [ -83.094834, 42.351462 ], [ -83.093858, 42.351754 ], [ -83.093718, 42.351795 ], [ -83.093397, 42.35189 ], [ -83.091939, 42.352364 ], [ -83.090973, 42.352669 ], [ -83.088981, 42.353289 ], [ -83.087697, 42.353697 ], [ -83.087275, 42.353842 ], [ -83.086742, 42.353999 ], [ -83.085733, 42.354309 ], [ -83.085116, 42.354498 ], [ -83.084782, 42.3546 ], [ -83.084499, 42.354687 ], [ -83.084276, 42.354759 ], [ -83.084091, 42.354819 ], [ -83.08359, 42.354991 ], [ -83.083141, 42.355137 ], [ -83.083016, 42.355181 ], [ -83.082809, 42.355253 ], [ -83.08248, 42.355375 ], [ -83.081947, 42.355589 ], [ -83.081307, 42.355882 ], [ -83.080993, 42.356037 ], [ -83.080844, 42.355779 ], [ -83.080695, 42.355517 ], [ -83.079957, 42.354234 ], [ -83.079346, 42.353173 ], [ -83.078728, 42.352094 ], [ -83.078102, 42.351006 ], [ -83.077483, 42.34993 ], [ -83.076863, 42.348846 ], [ -83.076425, 42.348082 ], [ -83.077652, 42.347699 ], [ -83.078879, 42.347314 ], [ -83.080724, 42.346733 ], [ -83.081158, 42.347498 ], [ -83.081447, 42.34801 ], [ -83.081587, 42.34826 ], [ -83.081767, 42.34858 ], [ -83.081984, 42.348966 ], [ -83.082379, 42.349664 ], [ -83.082993, 42.350746 ], [ -83.084349, 42.35032 ], [ -83.085532, 42.34995 ], [ -83.086861, 42.34953 ], [ -83.087525, 42.349321 ], [ -83.088024, 42.349164 ], [ -83.089026, 42.34885 ], [ -83.089352, 42.348713 ], [ -83.090172, 42.349044 ], [ -83.090508, 42.34918 ], [ -83.090736, 42.349273 ], [ -83.092581, 42.350021 ], [ -83.092717, 42.350077 ], [ -83.09423, 42.350685 ], [ -83.094625, 42.350846 ], [ -83.095061, 42.351025 ], [ -83.095351, 42.351142 ], [ -83.095562, 42.351227 ] ] ] } },
{ "type": "Feature", "properties": { "GEOID": "261635219005", "NAME": "15000US261635219005", "population": 504, "acs_year": "2020-2024", "ALAND": 232845, "AWATER": 0, "walk_minutes": 5.731483070343498, "access_bin": "<= 10 min", "within_15": true, "tract": "26163521900" }, "geometry": { "type": "Polygon", "coordinates": [ [ [ -83.078394, 42.352194 ], [ -83.077592, 42.352446 ], [ -83.076496, 42.352792 ], [ -83.074474, 42.353423 ], [ -83.074125, 42.353532 ], [ -83.073917, 42.3536 ], [ -83.073585, 42.353708 ], [ -83.073396, 42.35377 ], [ -83.073316, 42.353639 ], [ -83.072088, 42.351623 ], [ -83.071434, 42.350471 ], [ -83.071052, 42.3498 ], [ -83.071207, 42.349742 ], [ -83.071274, 42.349717 ], [ -83.071569, 42.349608 ], [ -83.073178, 42.349097 ], [ -83.07418, 42.348781 ], [ -83.074668, 42.348629 ], [ -83.075262, 42.348444 ], [ -83.076425, 42.348082 ], [ -83.076863, 42.348846 ], [ -83.077483, 42.34993 ], [ -83.078102, 42.351006 ], [ -83.078728, 42.352094 ], [ -83.078394, 42.352194 ] ] ] } },
{ "type": "Feature", "properties": { "GEOID": "261635265002", "NAME": "15000US261635265002", "population": 585, "acs_year": "2020-2024", "ALAND": 435165, "AWATER": 0, "walk_minutes": 30.810272781433181, "access_bin": "> 20 min", "within_15": false, "tract": "26163526500" }, "geometry": { "type": "Polygon", "coordinates": [ [ [ -83.139997, 42.35207 ], [ -83.139715, 42.352076 ], [ -83.138246, 42.352101 ], [ -83.137143, 42.352092 ], [ -83.135703, 42.352072 ], [ -83.135586, 42.351835 ], [ -83.135441, 42.351591 ], [ -83.135223, 42.351284 ], [ -83.134736, 42.350613 ], [ -83.134222, 42.349901 ], [ -83.133685, 42.349165 ], [ -83.133132, 42.348408 ], [ -83.132575, 42.347643 ], [ -83.132023, 42.346878 ], [ -83.131471, 42.346116 ], [ -83.130583, 42.344887 ], [ -83.130381, 42.344638 ], [ -83.131974, 42.344733 ], [ -83.133539, 42.344827 ], [ -83.133731, 42.344838 ], [ -83.135797, 42.34496 ], [ -83.136171, 42.344961 ], [ -83.137789, 42.344927 ], [ -83.13951, 42.344888 ], [ -83.139537, 42.345351 ], [ -83.13957, 42.345837 ], [ -83.139636, 42.346796 ], [ -83.139669, 42.347265 ], [ -83.139698, 42.347715 ], [ -83.139756, 42.3486 ], [ -83.139828, 42.349608 ], [ -83.139885, 42.350453 ], [ -83.139943, 42.351254 ], [ -83.139997, 42.35207 ] ] ] } },
{ "type": "Feature", "properties": { "GEOID": "261635338001", "NAME": "15000US261635338001", "population": 628, "acs_year": "2020-2024", "ALAND": 258177, "AWATER": 0, "walk_minutes": 35.612368609986284, "access_bin": "> 20 min", "within_15": false, "tract": "26163533800" }, "geometry": { "type": "Polygon", "coordinates": [ [ [ -83.132179, 42.361073 ], [ -83.1312, 42.361445 ], [ -83.130715, 42.361612 ], [ -83.130673, 42.361644 ], [ -83.130226, 42.362281 ], [ -83.129699, 42.363018 ], [ -83.129459, 42.363346 ], [ -83.130365, 42.363665 ], [ -83.130442, 42.363697 ], [ -83.130834, 42.363853 ], [ -83.131492, 42.364116 ], [ -83.131295, 42.364355 ], [ -83.131168, 42.36453 ], [ -83.130813, 42.364403 ], [ -83.130577, 42.364319 ], [ -83.129835, 42.364054 ], [ -83.129117, 42.363784 ], [ -83.128736, 42.363646 ], [ -83.1276, 42.363214 ], [ -83.127486, 42.363173 ], [ -83.127135, 42.363042 ], [ -83.125809, 42.362585 ], [ -83.124832, 42.362197 ], [ -83.122932, 42.36143 ], [ -83.122227, 42.361146 ], [ -83.122536, 42.361029 ], [ -83.122933, 42.360878 ], [ -83.124471, 42.360293 ], [ -83.126411, 42.359554 ], [ -83.130105, 42.358152 ], [ -83.130638, 42.358903 ], [ -83.131152, 42.359627 ], [ -83.131665, 42.360348 ], [ -83.132179, 42.361073 ] ] ] } },
{ "type": "Feature", "properties": { "GEOID": "261635026002", "NAME": "15000US261635026002", "population": 1637, "acs_year": "2020-2024", "ALAND": 500365, "AWATER": 0, "walk_minutes": 23.268250127601835, "access_bin": "> 20 min", "within_15": false, "tract": "26163502600" }, "geometry": { "type": "Polygon", "coordinates": [ [ [ -82.987766, 42.396638 ], [ -82.987468, 42.39686 ], [ -82.987443, 42.396879 ], [ -82.987141, 42.397091 ], [ -82.986446, 42.397486 ], [ -82.985956, 42.397751 ], [ -82.985604, 42.397929 ], [ -82.985244, 42.398103 ], [ -82.984856, 42.398274 ], [ -82.984602, 42.398368 ], [ -82.984119, 42.398528 ], [ -82.984402, 42.398821 ], [ -82.983179, 42.399181 ], [ -82.982159, 42.399484 ], [ -82.981932, 42.399176 ], [ -82.97699, 42.400626 ], [ -82.975114, 42.401119 ], [ -82.973106, 42.401595 ], [ -82.96892, 42.402588 ], [ -82.967975, 42.402848 ], [ -82.967103, 42.403046 ], [ -82.965358, 42.403497 ], [ -82.964937, 42.403611 ], [ -82.964298, 42.403822 ], [ -82.964219, 42.403704 ], [ -82.964024, 42.403407 ], [ -82.964128, 42.403387 ], [ -82.964255, 42.403352 ], [ -82.965303, 42.403105 ], [ -82.966343, 42.40286 ], [ -82.966444, 42.402836 ], [ -82.966576, 42.402795 ], [ -82.966919, 42.402674 ], [ -82.967541, 42.402452 ], [ -82.966471, 42.400826 ], [ -82.965281, 42.401255 ], [ -82.964308, 42.401604 ], [ -82.963295, 42.400075 ], [ -82.963167, 42.399882 ], [ -82.964142, 42.399537 ], [ -82.965333, 42.39911 ], [ -82.966506, 42.398688 ], [ -82.967444, 42.398351 ], [ -82.968372, 42.398019 ], [ -82.969299, 42.397685 ], [ -82.970096, 42.3974 ], [ -82.970403, 42.397387 ], [ -82.97055, 42.397591 ], [ -82.971474, 42.399034 ], [ -82.972547, 42.40066 ], [ -82.972838, 42.401118 ], [ -82.973033, 42.401465 ], [ -82.975257, 42.400937 ], [ -82.976964, 42.400485 ], [ -82.980446, 42.399465 ], [ -82.981876, 42.399042 ], [ -82.984007, 42.398412 ], [ -82.983783, 42.39818 ], [ -82.98279, 42.398536 ], [ -82.981845, 42.398877 ], [ -82.981815, 42.398881 ], [ -82.981774, 42.398876 ], [ -82.981733, 42.398857 ], [ -82.981672, 42.398772 ], [ -82.980897, 42.3976 ], [ -82.979878, 42.396034 ], [ -82.979865, 42.396005 ], [ -82.979864, 42.395985 ], [ -82.979873, 42.395951 ], [ -82.979901, 42.395923 ], [ -82.979955, 42.3959 ], [ -82.980875, 42.395588 ], [ -82.98187, 42.395233 ], [ -82.983082, 42.394803 ], [ -82.984062, 42.394453 ], [ -82.984923, 42.394144 ], [ -82.985132, 42.394309 ], [ -82.985472, 42.394668 ], [ -82.985747, 42.394882 ], [ -82.985984, 42.395084 ], [ -82.986326, 42.395396 ], [ -82.986545, 42.395622 ], [ -82.986795, 42.395886 ], [ -82.986918, 42.396007 ], [ -82.98714, 42.396237 ], [ -82.987263, 42.396346 ], [ -82.987362, 42.396422 ], [ -82.987457, 42.396487 ], [ -82.987595, 42.396566 ], [ -82.987766, 42.396638 ] ] ] } },
{ "type": "Feature", "properties": { "GEOID": "261635041001", "NAME": "15000US261635041001", "population": 737, "acs_year": "2020-2024", "ALAND": 299894, "AWATER": 0, "walk_minutes": 17.542540019873922, "access_bin": "<= 20 min", "within_15": false, "tract": "26163504100" }, "geometry": { "type": "Polygon", "coordinates": [ [ [ -82.971097, 42.414994 ], [ -82.970912, 42.415021 ], [ -82.967046, 42.414891 ], [ -82.964892, 42.414813 ], [ -82.964776, 42.414802 ], [ -82.964767, 42.414586 ], [ -82.964723, 42.413602 ], [ -82.964711, 42.413347 ], [ -82.964688, 42.412798 ], [ -82.964652, 42.41199 ], [ -82.964616, 42.411183 ], [ -82.96458, 42.410386 ], [ -82.964536, 42.409368 ], [ -82.964502, 42.408588 ], [ -82.964467, 42.407798 ], [ -82.964431, 42.406995 ], [ -82.964404, 42.406375 ], [ -82.964384, 42.405917 ], [ -82.96437, 42.405587 ], [ -82.964333, 42.404738 ], [ -82.964589, 42.404663 ], [ -82.964951, 42.405318 ], [ -82.96499, 42.405407 ], [ -82.965029, 42.405494 ], [ -82.965379, 42.406101 ], [ -82.965492, 42.406298 ], [ -82.965661, 42.40656 ], [ -82.966086, 42.407221 ], [ -82.96626, 42.407491 ], [ -82.966522, 42.407897 ], [ -82.966995, 42.408632 ], [ -82.967479, 42.409384 ], [ -82.968035, 42.410248 ], [ -82.968641, 42.411188 ], [ -82.969312, 42.412226 ], [ -82.969886, 42.413113 ], [ -82.970416, 42.413939 ], [ -82.9705, 42.414068 ], [ -82.970974, 42.414802 ], [ -82.971097, 42.414994 ] ] ] } },
{ "type": "Feature", "properties": { "GEOID": "261635334003", "NAME": "15000US261635334003", "population": 482, "acs_year": "2020-2024", "ALAND": 405254, "AWATER": 0, "walk_minutes": 31.996886236470861, "access_bin": "> 20 min", "within_15": false, "tract": "26163533400" }, "geometry": { "type": "Polygon", "coordinates": [ [ [ -83.122003, 42.361231 ], [ -83.121715, 42.361355 ], [ -83.121501, 42.361441 ], [ -83.12142, 42.361487 ], [ -83.121301, 42.361596 ], [ -83.120539, 42.361292 ], [ -83.11787, 42.362294 ], [ -83.115732, 42.363094 ], [ -83.113428, 42.363957 ], [ -83.112936, 42.363229 ], [ -83.11244, 42.362487 ], [ -83.111958, 42.361771 ], [ -83.111476, 42.361055 ], [ -83.110994, 42.360337 ], [ -83.110515, 42.359625 ], [ -83.110023, 42.358895 ], [ -83.109514, 42.358139 ], [ -83.109226, 42.357707 ], [ -83.109068, 42.35747 ], [ -83.108843, 42.357133 ], [ -83.109286, 42.356966 ], [ -83.109559, 42.356857 ], [ -83.109852, 42.356739 ], [ -83.11021, 42.356584 ], [ -83.110323, 42.356526 ], [ -83.110492, 42.356427 ], [ -83.110675, 42.356298 ], [ -83.110723, 42.356216 ], [ -83.110799, 42.356125 ], [ -83.112118, 42.356774 ], [ -83.113266, 42.35734 ], [ -83.115049, 42.358163 ], [ -83.11591, 42.358551 ], [ -83.116919, 42.358992 ], [ -83.11833, 42.359565 ], [ -83.119745, 42.360139 ], [ -83.120992, 42.360644 ], [ -83.122227, 42.361146 ], [ -83.122003, 42.361231 ] ] ] } },
{ "type": "Feature", "properties": { "GEOID": "261635057001", "NAME": "15000US261635057001", "population": 207, "acs_year": "2020-2024", "ALAND": 1517057, "AWATER": 0, "walk_minutes": 41.769846807854179, "access_bin": "> 20 min", "within_15": false, "tract": "26163505700" }, "geometry": { "type": "Polygon", "coordinates": [ [ [ -83.023713, 42.419506 ], [ -83.022991, 42.419519 ], [ -83.019453, 42.419559 ], [ -83.019344, 42.419535 ], [ -83.019228, 42.419459 ], [ -83.019153, 42.419391 ], [ -83.018696, 42.418905 ], [ -83.017895, 42.41806 ], [ -83.017587, 42.417745 ], [ -83.016754, 42.416889 ], [ -83.015606, 42.415718 ], [ -83.01501, 42.415105 ], [ -83.014468, 42.414541 ], [ -83.013875, 42.413916 ], [ -83.01326, 42.413255 ], [ -83.012958, 42.412928 ], [ -83.012662, 42.412596 ], [ -83.012073, 42.411934 ], [ -83.011899, 42.411738 ], [ -83.010647, 42.410421 ], [ -83.010421, 42.410182 ], [ -83.009542, 42.409312 ], [ -83.008497, 42.408278 ], [ -83.008446, 42.408202 ], [ -83.008425, 42.408154 ], [ -83.008416, 42.408116 ], [ -83.008411, 42.408086 ], [ -83.008424, 42.408028 ], [ -83.008455, 42.407946 ], [ -83.008513, 42.407849 ], [ -83.008559, 42.407795 ], [ -83.008612, 42.407745 ], [ -83.008714, 42.40767 ], [ -83.008832, 42.40761 ], [ -83.015034, 42.405238 ], [ -83.015147, 42.405211 ], [ -83.015199, 42.405206 ], [ -83.017208, 42.405153 ], [ -83.018375, 42.405121 ], [ -83.018287, 42.402754 ], [ -83.018278, 42.402488 ], [ -83.018274, 42.402391 ], [ -83.01824, 42.40227 ], [ -83.017821, 42.40117 ], [ -83.017761, 42.400912 ], [ -83.018904, 42.400888 ], [ -83.021136, 42.400851 ], [ -83.021306, 42.40085 ], [ -83.022666, 42.400943 ], [ -83.023, 42.400953 ], [ -83.023056, 42.402332 ], [ -83.023092, 42.40328 ], [ -83.023097, 42.403419 ], [ -83.023123, 42.404098 ], [ -83.023126, 42.404182 ], [ -83.023159, 42.404997 ], [ -83.023191, 42.405811 ], [ -83.023195, 42.405913 ], [ -83.023221, 42.406605 ], [ -83.023231, 42.406905 ], [ -83.023249, 42.4074 ], [ -83.023262, 42.407739 ], [ -83.023279, 42.408195 ], [ -83.023295, 42.408611 ], [ -83.023328, 42.409464 ], [ -83.023359, 42.410274 ], [ -83.023363, 42.410374 ], [ -83.02339, 42.411102 ], [ -83.023419, 42.411867 ], [ -83.023451, 42.412684 ], [ -83.023482, 42.413499 ], [ -83.023513, 42.414302 ], [ -83.023541, 42.415031 ], [ -83.023553, 42.415364 ], [ -83.023558, 42.415493 ], [ -83.023577, 42.415961 ], [ -83.023592, 42.416342 ], [ -83.023608, 42.416754 ], [ -83.023624, 42.417183 ], [ -83.023643, 42.417715 ], [ -83.023654, 42.417959 ], [ -83.023675, 42.418564 ], [ -83.023682, 42.418735 ], [ -83.023713, 42.419506 ] ] ] } },
{ "type": "Feature", "properties": { "GEOID": "261635026005", "NAME": "15000US261635026005", "population": 548, "acs_year": "2020-2024", "ALAND": 156557, "AWATER": 0, "walk_minutes": 8.3551692409212581, "access_bin": "<= 10 min", "within_15": true, "tract": "26163502600" }, "geometry": { "type": "Polygon", "coordinates": [ [ [ -82.978777, 42.390215 ], [ -82.977973, 42.390506 ], [ -82.977051, 42.390839 ], [ -82.975526, 42.391389 ], [ -82.97521, 42.391503 ], [ -82.974537, 42.391746 ], [ -82.972335, 42.392541 ], [ -82.97186, 42.392709 ], [ -82.971142, 42.392964 ], [ -82.97016, 42.393312 ], [ -82.969664, 42.393481 ], [ -82.969105, 42.393684 ], [ -82.969016, 42.393541 ], [ -82.968973, 42.393472 ], [ -82.968603, 42.392911 ], [ -82.968256, 42.392393 ], [ -82.968249, 42.392373 ], [ -82.968248, 42.392334 ], [ -82.968209, 42.392327 ], [ -82.968089, 42.392124 ], [ -82.969161, 42.391739 ], [ -82.970234, 42.391353 ], [ -82.971306, 42.390966 ], [ -82.972373, 42.390579 ], [ -82.973431, 42.390199 ], [ -82.974488, 42.389819 ], [ -82.975849, 42.389332 ], [ -82.976029, 42.389288 ], [ -82.976781, 42.389506 ], [ -82.977161, 42.389637 ], [ -82.978501, 42.390098 ], [ -82.978777, 42.390215 ] ] ] } },
{ "type": "Feature", "properties": { "GEOID": "261635006004", "NAME": "15000US261635006004", "population": 178, "acs_year": "2020-2024", "ALAND": 244385, "AWATER": 0, "walk_minutes": 13.971962537699742, "access_bin": "<= 15 min", "within_15": true, "tract": "26163500600" }, "geometry": { "type": "Polygon", "coordinates": [ [ [ -82.967823, 42.430763 ], [ -82.965675, 42.430832 ], [ -82.965375, 42.430838 ], [ -82.96294, 42.430888 ], [ -82.960533, 42.430935 ], [ -82.960514, 42.43017 ], [ -82.960493, 42.429208 ], [ -82.960457, 42.428199 ], [ -82.960423, 42.427233 ], [ -82.962829, 42.427207 ], [ -82.965268, 42.427181 ], [ -82.967719, 42.427154 ], [ -82.967749, 42.42805 ], [ -82.967785, 42.429218 ], [ -82.967804, 42.429998 ], [ -82.967823, 42.430763 ] ] ] } },
{ "type": "Feature", "properties": { "GEOID": "261635166003", "NAME": "15000US261635166003", "population": 880, "acs_year": "2020-2024", "ALAND": 239340, "AWATER": 0, "walk_minutes": 7.2348586987021131, "access_bin": "<= 10 min", "within_15": true, "tract": "26163516600" }, "geometry": { "type": "Polygon", "coordinates": [ [ [ -83.024763, 42.341458 ], [ -83.019994, 42.343512 ], [ -83.018466, 42.34417 ], [ -83.01839, 42.34402 ], [ -83.018212, 42.343863 ], [ -83.018149, 42.34378 ], [ -83.017919, 42.343421 ], [ -83.016869, 42.341832 ], [ -83.016775, 42.341691 ], [ -83.016459, 42.34121 ], [ -83.016355, 42.340949 ], [ -83.017884, 42.340292 ], [ -83.019747, 42.33949 ], [ -83.022647, 42.338245 ], [ -83.023117, 42.338963 ], [ -83.023211, 42.339103 ], [ -83.02467, 42.341316 ], [ -83.024763, 42.341458 ] ] ] } },
{ "type": "Feature", "properties": { "GEOID": "261635167003", "NAME": "15000US261635167003", "population": 1449, "acs_year": "2020-2024", "ALAND": 798067, "AWATER": 0, "walk_minutes": 19.271129727704096, "access_bin": "<= 20 min", "within_15": false, "tract": "26163516700" }, "geometry": { "type": "Polygon", "coordinates": [ [ [ -83.026382, 42.347156 ], [ -83.024117, 42.348131 ], [ -83.024011, 42.348182 ], [ -83.023938, 42.348226 ], [ -83.023871, 42.348275 ], [ -83.023805, 42.348333 ], [ -83.023753, 42.34839 ], [ -83.023709, 42.348449 ], [ -83.023683, 42.348496 ], [ -83.023662, 42.348533 ], [ -83.023637, 42.348599 ], [ -83.023619, 42.348666 ], [ -83.02361, 42.34878 ], [ -83.023621, 42.34887 ], [ -83.023646, 42.348959 ], [ -83.023699, 42.349066 ], [ -83.02534, 42.351551 ], [ -83.025572, 42.351926 ], [ -83.023528, 42.352788 ], [ -83.023238, 42.352899 ], [ -83.022793, 42.353068 ], [ -83.020037, 42.354092 ], [ -83.018394, 42.354692 ], [ -83.017474, 42.355026 ], [ -83.017131, 42.354506 ], [ -83.015842, 42.35256 ], [ -83.015586, 42.352167 ], [ -83.014516, 42.350553 ], [ -83.012674, 42.347699 ], [ -83.012107, 42.346926 ], [ -83.012299, 42.346847 ], [ -83.01383, 42.346173 ], [ -83.015792, 42.345298 ], [ -83.016411, 42.345052 ], [ -83.017669, 42.344513 ], [ -83.018466, 42.34417 ], [ -83.018579, 42.344392 ], [ -83.018739, 42.344647 ], [ -83.019226, 42.34539 ], [ -83.019906, 42.34639 ], [ -83.020025, 42.346527 ], [ -83.020146, 42.346633 ], [ -83.020309, 42.346725 ], [ -83.020495, 42.346783 ], [ -83.020822, 42.346804 ], [ -83.020995, 42.346792 ], [ -83.02114, 42.346758 ], [ -83.021186, 42.346748 ], [ -83.021406, 42.346667 ], [ -83.022664, 42.346108 ], [ -83.022802, 42.346049 ], [ -83.022996, 42.345968 ], [ -83.024507, 42.345338 ], [ -83.025296, 42.345019 ], [ -83.025446, 42.344977 ], [ -83.025584, 42.344962 ], [ -83.025715, 42.344981 ], [ -83.025942, 42.345026 ], [ -83.025782, 42.345338 ], [ -83.025727, 42.345452 ], [ -83.025692, 42.345526 ], [ -83.025668, 42.345591 ], [ -83.025646, 42.345677 ], [ -83.025629, 42.345823 ], [ -83.02563, 42.34591 ], [ -83.02564, 42.345998 ], [ -83.025677, 42.346152 ], [ -83.025721, 42.346268 ], [ -83.025798, 42.346408 ], [ -83.025855, 42.346488 ], [ -83.026081, 42.346771 ], [ -83.026382, 42.347156 ] ] ] } },
{ "type": "Feature", "properties": { "GEOID": "261635157003", "NAME": "15000US261635157003", "population": 1167, "acs_year": "2020-2024", "ALAND": 216797, "AWATER": 1059776, "walk_minutes": 9.4639186308591867, "access_bin": "<= 10 min", "within_15": true, "tract": "26163515700" }, "geometry": { "type": "Polygon", "coordinates": [ [ [ -83.002079, 42.347158 ], [ -83.001777, 42.347287 ], [ -83.00042, 42.347868 ], [ -82.999383, 42.348459 ], [ -82.998471, 42.349056 ], [ -82.997733, 42.349557 ], [ -82.996761, 42.350185 ], [ -82.996505, 42.35035 ], [ -82.994881, 42.351398 ], [ -82.994326, 42.351757 ], [ -82.994214, 42.351614 ], [ -82.992883, 42.349772 ], [ -82.992522, 42.349922 ], [ -82.992328, 42.349666 ], [ -82.992204, 42.349468 ], [ -82.99154, 42.349807 ], [ -82.991388, 42.350222 ], [ -82.989868, 42.351117 ], [ -82.988629, 42.351447 ], [ -82.987349, 42.351789 ], [ -82.985044, 42.352183 ], [ -82.986854, 42.354906 ], [ -82.986244, 42.355113 ], [ -82.984251, 42.352531 ], [ -82.983758, 42.352416 ], [ -82.982346, 42.352806 ], [ -82.979815, 42.353406 ], [ -82.979753, 42.353424 ], [ -82.973363, 42.355328 ], [ -82.97202, 42.353359 ], [ -82.977584, 42.350082 ], [ -82.984749, 42.347562 ], [ -82.987137, 42.346812 ], [ -82.998566, 42.342614 ], [ -83.000416, 42.345086 ], [ -83.000569, 42.345295 ], [ -83.000899, 42.345631 ], [ -83.001922, 42.346904 ], [ -83.002079, 42.347158 ] ] ] } },
{ "type": "Feature", "properties": { "GEOID": "261635157002", "NAME": "15000US261635157002", "population": 1008, "acs_year": "2020-2024", "ALAND": 161782, "AWATER": 0, "walk_minutes": 4.3395467923563462, "access_bin": "<= 5 min", "within_15": true, "tract": "26163515700" }, "geometry": { "type": "Polygon", "coordinates": [ [ [ -82.994326, 42.351757 ], [ -82.994025, 42.351953 ], [ -82.992481, 42.352952 ], [ -82.991208, 42.353776 ], [ -82.990443, 42.354263 ], [ -82.98996, 42.354622 ], [ -82.989804, 42.354744 ], [ -82.989604, 42.3549 ], [ -82.98801, 42.35269 ], [ -82.987879, 42.35251 ], [ -82.987497, 42.351989 ], [ -82.987465, 42.351962 ], [ -82.987419, 42.351937 ], [ -82.987384, 42.351928 ], [ -82.987349, 42.351789 ], [ -82.988629, 42.351447 ], [ -82.989868, 42.351117 ], [ -82.991388, 42.350222 ], [ -82.99154, 42.349807 ], [ -82.992204, 42.349468 ], [ -82.992328, 42.349666 ], [ -82.992522, 42.349922 ], [ -82.992883, 42.349772 ], [ -82.994214, 42.351614 ], [ -82.994326, 42.351757 ] ] ] } },
{ "type": "Feature", "properties": { "GEOID": "261635091005", "NAME": "15000US261635091005", "population": 502, "acs_year": "2020-2024", "ALAND": 1606018, "AWATER": 0, "walk_minutes": 34.887940891426489, "access_bin": "> 20 min", "within_15": false, "tract": "26163509100" }, "geometry": { "type": "Polygon", "coordinates": [ [ [ -83.089417, 42.418161 ], [ -83.088578, 42.418207 ], [ -83.088058, 42.418225 ], [ -83.08775, 42.418235 ], [ -83.087225, 42.418266 ], [ -83.085909, 42.418325 ], [ -83.084986, 42.418353 ], [ -83.084682, 42.418366 ], [ -83.083992, 42.418386 ], [ -83.083656, 42.418381 ], [ -83.083449, 42.418391 ], [ -83.08225, 42.418432 ], [ -83.08123, 42.418458 ], [ -83.080238, 42.418484 ], [ -83.079198, 42.41851 ], [ -83.078108, 42.41854 ], [ -83.077153, 42.418564 ], [ -83.076166, 42.418589 ], [ -83.075179, 42.418613 ], [ -83.074736, 42.418616 ], [ -83.074578, 42.418611 ], [ -83.074034, 42.418601 ], [ -83.073659, 42.418595 ], [ -83.073489, 42.418592 ], [ -83.072587, 42.418599 ], [ -83.071526, 42.418601 ], [ -83.070964, 42.418614 ], [ -83.06987, 42.41862 ], [ -83.068788, 42.418637 ], [ -83.068087, 42.418639 ], [ -83.067886, 42.418639 ], [ -83.067704, 42.418639 ], [ -83.0665, 42.418646 ], [ -83.065883, 42.418637 ], [ -83.065814, 42.418638 ], [ -83.064737, 42.418644 ], [ -83.063611, 42.418653 ], [ -83.06305, 42.417826 ], [ -83.061487, 42.415521 ], [ -83.062418, 42.415197 ], [ -83.06257, 42.415107 ], [ -83.063248, 42.414859 ], [ -83.063348, 42.414818 ], [ -83.063824, 42.414701 ], [ -83.064501, 42.414554 ], [ -83.064839, 42.414465 ], [ -83.065482, 42.414299 ], [ -83.065777, 42.414226 ], [ -83.066691, 42.413936 ], [ -83.066847, 42.413884 ], [ -83.067559, 42.413606 ], [ -83.068425, 42.413292 ], [ -83.068843, 42.413129 ], [ -83.069143, 42.413006 ], [ -83.069449, 42.412867 ], [ -83.069718, 42.412731 ], [ -83.069979, 42.412586 ], [ -83.07006, 42.412536 ], [ -83.07023, 42.412432 ], [ -83.070391, 42.412316 ], [ -83.070972, 42.411922 ], [ -83.071571, 42.411516 ], [ -83.071723, 42.411422 ], [ -83.072467, 42.410959 ], [ -83.072839, 42.410766 ], [ -83.072863, 42.410753 ], [ -83.073327, 42.410507 ], [ -83.07375, 42.410309 ], [ -83.074716, 42.409924 ], [ -83.075021, 42.409811 ], [ -83.075434, 42.409671 ], [ -83.075853, 42.409541 ], [ -83.077009, 42.409236 ], [ -83.077227, 42.409187 ], [ -83.078196, 42.408968 ], [ -83.079166, 42.40875 ], [ -83.079297, 42.408721 ], [ -83.079546, 42.408656 ], [ -83.079774, 42.408613 ], [ -83.079981, 42.408567 ], [ -83.080842, 42.408367 ], [ -83.081344, 42.408229 ], [ -83.08148, 42.408189 ], [ -83.081548, 42.408272 ], [ -83.081615, 42.408356 ], [ -83.081729, 42.408502 ], [ -83.08176, 42.408542 ], [ -83.082288, 42.409251 ], [ -83.082668, 42.40973 ], [ -83.084157, 42.411607 ], [ -83.084623, 42.412184 ], [ -83.084815, 42.412437 ], [ -83.085509, 42.413184 ], [ -83.086886, 42.414934 ], [ -83.089216, 42.417893 ], [ -83.089333, 42.418042 ], [ -83.089417, 42.418161 ] ] ] } },
{ "type": "Feature", "properties": { "GEOID": "261635279001", "NAME": "15000US261635279001", "population": 338, "acs_year": "2020-2024", "ALAND": 569611, "AWATER": 0, "walk_minutes": 36.390759896323161, "access_bin": "> 20 min", "within_15": false, "tract": "26163527900" }, "geometry": { "type": "Polygon", "coordinates": [ [ [ -83.110854, 42.355877 ], [ -83.110799, 42.356125 ], [ -83.11041, 42.355937 ], [ -83.109868, 42.355636 ], [ -83.10943, 42.355427 ], [ -83.108982, 42.355247 ], [ -83.108007, 42.354883 ], [ -83.107481, 42.354712 ], [ -83.106845, 42.354522 ], [ -83.105575, 42.354151 ], [ -83.104733, 42.353892 ], [ -83.104292, 42.353726 ], [ -83.104106, 42.353648 ], [ -83.103828, 42.353533 ], [ -83.103365, 42.353323 ], [ -83.102784, 42.353044 ], [ -83.102328, 42.352793 ], [ -83.102094, 42.352653 ], [ -83.101679, 42.352409 ], [ -83.101204, 42.352109 ], [ -83.101153, 42.352075 ], [ -83.100743, 42.351799 ], [ -83.100549, 42.351644 ], [ -83.100333, 42.351466 ], [ -83.100047, 42.351221 ], [ -83.099739, 42.350943 ], [ -83.099454, 42.350671 ], [ -83.099392, 42.350608 ], [ -83.099329, 42.350546 ], [ -83.099175, 42.35036 ], [ -83.099081, 42.350247 ], [ -83.098991, 42.350137 ], [ -83.099249, 42.350057 ], [ -83.099913, 42.349852 ], [ -83.100443, 42.349689 ], [ -83.100677, 42.349617 ], [ -83.101469, 42.349359 ], [ -83.101837, 42.349239 ], [ -83.102847, 42.348909 ], [ -83.103167, 42.348809 ], [ -83.104422, 42.348427 ], [ -83.105043, 42.348237 ], [ -83.105056, 42.348233 ], [ -83.105888, 42.347953 ], [ -83.106639, 42.3477 ], [ -83.107443, 42.347417 ], [ -83.108213, 42.347116 ], [ -83.109061, 42.346767 ], [ -83.109434, 42.346607 ], [ -83.109573, 42.346795 ], [ -83.109655, 42.346899 ], [ -83.109834, 42.347148 ], [ -83.109882, 42.347212 ], [ -83.109974, 42.347318 ], [ -83.110297, 42.347757 ], [ -83.110399, 42.347884 ], [ -83.110475, 42.348001 ], [ -83.110534, 42.348115 ], [ -83.110558, 42.348177 ], [ -83.110593, 42.348299 ], [ -83.11061, 42.348401 ], [ -83.110667, 42.349974 ], [ -83.11074, 42.35195 ], [ -83.110813, 42.353927 ], [ -83.110857, 42.355218 ], [ -83.110854, 42.355328 ], [ -83.110851, 42.355575 ], [ -83.110861, 42.355781 ], [ -83.110854, 42.355877 ] ] ] } },
{ "type": "Feature", "properties": { "GEOID": "261635191001", "NAME": "15000US261635191001", "population": 929, "acs_year": "2020-2024", "ALAND": 817362, "AWATER": 0, "walk_minutes": 20.62914859244918, "access_bin": "> 20 min", "within_15": false, "tract": "26163519100" }, "geometry": { "type": "Polygon", "coordinates": [ [ [ -83.041786, 42.376137 ], [ -83.041625, 42.376199 ], [ -83.041604, 42.37621 ], [ -83.040127, 42.376736 ], [ -83.03907, 42.377113 ], [ -83.038598, 42.377281 ], [ -83.037199, 42.377795 ], [ -83.036298, 42.378126 ], [ -83.035367, 42.378491 ], [ -83.034999, 42.378649 ], [ -83.034672, 42.378812 ], [ -83.034474, 42.37892 ], [ -83.034123, 42.379123 ], [ -83.033876, 42.379279 ], [ -83.033757, 42.379193 ], [ -83.033426, 42.378953 ], [ -83.033232, 42.378807 ], [ -83.033104, 42.378695 ], [ -83.033016, 42.378606 ], [ -83.032918, 42.378481 ], [ -83.032821, 42.378356 ], [ -83.032451, 42.377791 ], [ -83.031785, 42.376775 ], [ -83.031084, 42.375704 ], [ -83.0307, 42.375117 ], [ -83.030397, 42.374655 ], [ -83.029713, 42.373611 ], [ -83.029114, 42.372696 ], [ -83.0286, 42.371914 ], [ -83.028128, 42.371192 ], [ -83.027655, 42.370473 ], [ -83.030287, 42.369516 ], [ -83.031002, 42.369257 ], [ -83.031803, 42.368967 ], [ -83.034211, 42.368092 ], [ -83.035857, 42.367492 ], [ -83.036332, 42.368212 ], [ -83.036805, 42.368932 ], [ -83.037327, 42.369717 ], [ -83.037932, 42.370625 ], [ -83.038624, 42.371672 ], [ -83.039311, 42.372708 ], [ -83.039748, 42.373366 ], [ -83.039935, 42.373564 ], [ -83.040077, 42.373724 ], [ -83.040221, 42.373856 ], [ -83.040287, 42.373907 ], [ -83.040348, 42.373978 ], [ -83.040829, 42.374745 ], [ -83.041494, 42.375752 ], [ -83.041681, 42.376018 ], [ -83.041786, 42.376137 ] ] ] } },
{ "type": "Feature", "properties": { "GEOID": "261635415002", "NAME": "15000US261635415002", "population": 1934, "acs_year": "2020-2024", "ALAND": 612827, "AWATER": 0, "walk_minutes": 37.503721015697124, "access_bin": "> 20 min", "within_15": false, "tract": "26163541500" }, "geometry": { "type": "Polygon", "coordinates": [ [ [ -83.268509, 42.443156 ], [ -83.266532, 42.443206 ], [ -83.265308, 42.443237 ], [ -83.264753, 42.443251 ], [ -83.264619, 42.443254 ], [ -83.262862, 42.443299 ], [ -83.261049, 42.443345 ], [ -83.260929, 42.443348 ], [ -83.258897, 42.443401 ], [ -83.258867, 42.443403 ], [ -83.258853, 42.44323 ], [ -83.25884, 42.442997 ], [ -83.258775, 42.441585 ], [ -83.258708, 42.439775 ], [ -83.258687, 42.438957 ], [ -83.258636, 42.437973 ], [ -83.258572, 42.436355 ], [ -83.259867, 42.436337 ], [ -83.261102, 42.436321 ], [ -83.262253, 42.436308 ], [ -83.26339, 42.436295 ], [ -83.264477, 42.436287 ], [ -83.268051, 42.436263 ], [ -83.268156, 42.436251 ], [ -83.268194, 42.437056 ], [ -83.268231, 42.437851 ], [ -83.26827, 42.438646 ], [ -83.268307, 42.439453 ], [ -83.268342, 42.440234 ], [ -83.268382, 42.441034 ], [ -83.268395, 42.44183 ], [ -83.268449, 42.442694 ], [ -83.26847, 42.442995 ], [ -83.268509, 42.443156 ] ] ] } },
{ "type": "Feature", "properties": { "GEOID": "261635392002", "NAME": "15000US261635392002", "population": 779, "acs_year": "2020-2024", "ALAND": 551336, "AWATER": 0, "walk_minutes": 18.314697178423579, "access_bin": "<= 20 min", "within_15": false, "tract": "26163539200" }, "geometry": { "type": "Polygon", "coordinates": [ [ [ -83.203345, 42.444752 ], [ -83.203298, 42.444754 ], [ -83.203204, 42.444757 ], [ -83.203182, 42.444756 ], [ -83.203061, 42.444759 ], [ -83.202895, 42.444763 ], [ -83.202853, 42.444764 ], [ -83.20284, 42.444764 ], [ -83.202788, 42.444765 ], [ -83.202681, 42.444768 ], [ -83.20265, 42.444769 ], [ -83.202526, 42.444772 ], [ -83.202268, 42.444777 ], [ -83.201336, 42.444798 ], [ -83.201034, 42.444806 ], [ -83.200972, 42.444809 ], [ -83.200894, 42.444812 ], [ -83.200755, 42.444822 ], [ -83.200567, 42.444836 ], [ -83.200522, 42.444839 ], [ -83.200126, 42.444873 ], [ -83.200068, 42.444878 ], [ -83.200025, 42.444881 ], [ -83.199974, 42.444885 ], [ -83.19993, 42.444889 ], [ -83.199896, 42.444891 ], [ -83.199821, 42.444895 ], [ -83.19978, 42.444898 ], [ -83.199725, 42.444901 ], [ -83.199669, 42.444904 ], [ -83.199623, 42.444907 ], [ -83.199577, 42.444909 ], [ -83.199535, 42.444911 ], [ -83.199478, 42.444914 ], [ -83.19943, 42.444917 ], [ -83.199374, 42.44492 ], [ -83.19929, 42.444925 ], [ -83.19916, 42.44493 ], [ -83.198577, 42.444964 ], [ -83.19839, 42.444975 ], [ -83.198319, 42.444979 ], [ -83.198266, 42.444981 ], [ -83.19811, 42.444988 ], [ -83.197382, 42.445015 ], [ -83.197022, 42.44503 ], [ -83.196833, 42.445038 ], [ -83.196742, 42.445041 ], [ -83.196706, 42.445042 ], [ -83.196656, 42.445044 ], [ -83.196587, 42.445046 ], [ -83.19655, 42.445046 ], [ -83.196496, 42.445046 ], [ -83.196463, 42.445047 ], [ -83.196394, 42.445048 ], [ -83.19632, 42.445049 ], [ -83.196271, 42.44505 ], [ -83.196227, 42.44505 ], [ -83.196173, 42.445051 ], [ -83.196137, 42.445052 ], [ -83.196085, 42.445053 ], [ -83.196022, 42.445054 ], [ -83.195965, 42.445055 ], [ -83.195898, 42.445056 ], [ -83.195851, 42.445057 ], [ -83.195819, 42.445057 ], [ -83.195774, 42.445058 ], [ -83.195713, 42.445059 ], [ -83.195591, 42.44506 ], [ -83.194489, 42.445078 ], [ -83.194373, 42.445079 ], [ -83.19324, 42.445095 ], [ -83.193172, 42.445096 ], [ -83.193094, 42.4451 ], [ -83.191931, 42.445123 ], [ -83.190822, 42.445146 ], [ -83.190798, 42.445147 ], [ -83.19079, 42.445091 ], [ -83.190727, 42.444998 ], [ -83.190719, 42.444851 ], [ -83.190633, 42.443151 ], [ -83.190607, 42.442662 ], [ -83.190547, 42.441533 ], [ -83.190493, 42.440543 ], [ -83.19048, 42.440307 ], [ -83.190355, 42.438074 ], [ -83.190355, 42.437956 ], [ -83.19159, 42.437913 ], [ -83.192811, 42.437871 ], [ -83.193941, 42.437834 ], [ -83.194161, 42.437836 ], [ -83.194372, 42.43783 ], [ -83.194467, 42.437913 ], [ -83.194687, 42.438086 ], [ -83.195271, 42.438529 ], [ -83.196088, 42.439126 ], [ -83.196382, 42.439354 ], [ -83.197328, 42.440156 ], [ -83.1977, 42.440448 ], [ -83.198473, 42.441026 ], [ -83.198869, 42.44131 ], [ -83.20009, 42.442126 ], [ -83.200386, 42.442343 ], [ -83.200393, 42.442523 ], [ -83.200675, 42.442732 ], [ -83.201021, 42.442989 ], [ -83.202267, 42.443925 ], [ -83.202283, 42.443936 ], [ -83.202403, 42.444024 ], [ -83.202415, 42.444029 ], [ -83.202734, 42.444254 ], [ -83.202986, 42.444439 ], [ -83.203156, 42.444565 ], [ -83.203297, 42.444688 ], [ -83.203382, 42.444751 ], [ -83.203345, 42.444752 ] ] ] } },
{ "type": "Feature", "properties": { "GEOID": "261635403002", "NAME": "15000US261635403002", "population": 1383, "acs_year": "2020-2024", "ALAND": 350997, "AWATER": 0, "walk_minutes": 18.88984605221755, "access_bin": "<= 20 min", "within_15": false, "tract": "26163540300" }, "geometry": { "type": "Polygon", "coordinates": [ [ [ -83.212771, 42.430196 ], [ -83.21173, 42.430226 ], [ -83.21063, 42.430257 ], [ -83.209594, 42.430275 ], [ -83.208463, 42.430296 ], [ -83.207364, 42.430312 ], [ -83.20742, 42.43021 ], [ -83.207351, 42.428476 ], [ -83.20728, 42.426661 ], [ -83.207209, 42.424815 ], [ -83.207137, 42.42301 ], [ -83.208206, 42.422988 ], [ -83.209283, 42.422968 ], [ -83.210302, 42.422952 ], [ -83.21128, 42.422932 ], [ -83.212347, 42.422911 ], [ -83.212414, 42.42472 ], [ -83.212459, 42.426556 ], [ -83.212558, 42.426553 ], [ -83.212652, 42.42837 ], [ -83.212771, 42.430196 ] ] ] } },
{ "type": "Feature", "properties": { "GEOID": "261635404002", "NAME": "15000US261635404002", "population": 1132, "acs_year": "2020-2024", "ALAND": 780076, "AWATER": 0, "walk_minutes": 8.1441180053673516, "access_bin": "<= 10 min", "within_15": true, "tract": "26163540400" }, "geometry": { "type": "Polygon", "coordinates": [ [ [ -83.218958, 42.422785 ], [ -83.218653, 42.422791 ], [ -83.217976, 42.422809 ], [ -83.2179, 42.42281 ], [ -83.216911, 42.422826 ], [ -83.215849, 42.422846 ], [ -83.214753, 42.422866 ], [ -83.213569, 42.422887 ], [ -83.212347, 42.422911 ], [ -83.21128, 42.422932 ], [ -83.210302, 42.422952 ], [ -83.209283, 42.422968 ], [ -83.208206, 42.422988 ], [ -83.207137, 42.42301 ], [ -83.207068, 42.421144 ], [ -83.207011, 42.419512 ], [ -83.207005, 42.419309 ], [ -83.206943, 42.417625 ], [ -83.206882, 42.415807 ], [ -83.207961, 42.415786 ], [ -83.209034, 42.415763 ], [ -83.210029, 42.415743 ], [ -83.211006, 42.415723 ], [ -83.212095, 42.415699 ], [ -83.213316, 42.415667 ], [ -83.213421, 42.415662 ], [ -83.214508, 42.415647 ], [ -83.215603, 42.415622 ], [ -83.216697, 42.415599 ], [ -83.217759, 42.415576 ], [ -83.218398, 42.415563 ], [ -83.218712, 42.415553 ], [ -83.218717, 42.416104 ], [ -83.21875, 42.417433 ], [ -83.21882, 42.419073 ], [ -83.218827, 42.419267 ], [ -83.218958, 42.422785 ] ] ] } },
{ "type": "Feature", "properties": { "GEOID": "261635385004", "NAME": "15000US261635385004", "population": 1233, "acs_year": "2020-2024", "ALAND": 288582, "AWATER": 0, "walk_minutes": 14.503241272116469, "access_bin": "<= 15 min", "within_15": true, "tract": "26163538500" }, "geometry": { "type": "Polygon", "coordinates": [ [ [ -83.160719, 42.424176 ], [ -83.159648, 42.424189 ], [ -83.15855, 42.424202 ], [ -83.15745, 42.424215 ], [ -83.156361, 42.424228 ], [ -83.156265, 42.422423 ], [ -83.156163, 42.420641 ], [ -83.156061, 42.418814 ], [ -83.15596, 42.417011 ], [ -83.157055, 42.416991 ], [ -83.158153, 42.416972 ], [ -83.159249, 42.416953 ], [ -83.160324, 42.416932 ], [ -83.160423, 42.418742 ], [ -83.160525, 42.420559 ], [ -83.160626, 42.422366 ], [ -83.16071, 42.423922 ], [ -83.160719, 42.424176 ] ] ] } },
{ "type": "Feature", "properties": { "GEOID": "261635385002", "NAME": "15000US261635385002", "population": 992, "acs_year": "2020-2024", "ALAND": 322183, "AWATER": 0, "walk_minutes": 10.927388293369274, "access_bin": "<= 15 min", "within_15": true, "tract": "26163538500" }, "geometry": { "type": "Polygon", "coordinates": [ [ [ -83.151572, 42.424283 ], [ -83.150343, 42.424297 ], [ -83.14912, 42.42431 ], [ -83.147854, 42.424324 ], [ -83.146632, 42.424337 ], [ -83.146594, 42.423432 ], [ -83.14655, 42.422519 ], [ -83.146462, 42.420752 ], [ -83.146373, 42.418928 ], [ -83.146327, 42.41731 ], [ -83.146316, 42.41713 ], [ -83.147161, 42.417125 ], [ -83.147509, 42.417123 ], [ -83.14814, 42.41712 ], [ -83.148779, 42.417116 ], [ -83.149113, 42.417114 ], [ -83.149958, 42.417109 ], [ -83.150117, 42.417109 ], [ -83.151166, 42.417098 ], [ -83.151253, 42.418895 ], [ -83.15136, 42.420716 ], [ -83.151467, 42.422486 ], [ -83.151572, 42.424283 ] ] ] } },
{ "type": "Feature", "properties": { "GEOID": "261635058004", "NAME": "15000US261635058004", "population": 589, "acs_year": "2020-2024", "ALAND": 301649, "AWATER": 0, "walk_minutes": 23.401686615167534, "access_bin": "> 20 min", "within_15": false, "tract": "26163505800" }, "geometry": { "type": "Polygon", "coordinates": [ [ [ -83.042468, 42.397427 ], [ -83.042026, 42.397429 ], [ -83.041459, 42.398196 ], [ -83.040908, 42.398943 ], [ -83.040357, 42.399688 ], [ -83.039828, 42.400408 ], [ -83.039258, 42.40118 ], [ -83.038759, 42.401783 ], [ -83.038662, 42.401723 ], [ -83.038544, 42.401669 ], [ -83.038412, 42.401646 ], [ -83.037889, 42.401634 ], [ -83.037827, 42.401167 ], [ -83.037716, 42.40086 ], [ -83.037702, 42.400472 ], [ -83.037669, 42.399735 ], [ -83.037641, 42.399001 ], [ -83.037612, 42.398261 ], [ -83.037584, 42.39748 ], [ -83.037552, 42.396752 ], [ -83.037521, 42.396016 ], [ -83.037516, 42.395882 ], [ -83.037488, 42.395227 ], [ -83.037481, 42.395041 ], [ -83.037446, 42.394225 ], [ -83.037431, 42.393857 ], [ -83.037413, 42.393397 ], [ -83.037402, 42.39312 ], [ -83.041309, 42.393125 ], [ -83.042375, 42.393127 ], [ -83.042372, 42.393859 ], [ -83.042381, 42.393923 ], [ -83.042408, 42.394631 ], [ -83.04241, 42.395098 ], [ -83.042417, 42.395192 ], [ -83.042429, 42.395928 ], [ -83.042448, 42.396664 ], [ -83.042468, 42.397427 ] ] ] } },
{ "type": "Feature", "properties": { "GEOID": "261635332002", "NAME": "15000US261635332002", "population": 326, "acs_year": "2020-2024", "ALAND": 393657, "AWATER": 0, "walk_minutes": 16.218698668146587, "access_bin": "<= 20 min", "within_15": false, "tract": "26163533200" }, "geometry": { "type": "Polygon", "coordinates": [ [ [ -83.114358, 42.37138 ], [ -83.113746, 42.371609 ], [ -83.111548, 42.372437 ], [ -83.108798, 42.373471 ], [ -83.108507, 42.373031 ], [ -83.108372, 42.372828 ], [ -83.10796, 42.372214 ], [ -83.107458, 42.371462 ], [ -83.107005, 42.370784 ], [ -83.106904, 42.370635 ], [ -83.10653, 42.370077 ], [ -83.106327, 42.369767 ], [ -83.106058, 42.369369 ], [ -83.105775, 42.368946 ], [ -83.105583, 42.368662 ], [ -83.105223, 42.368127 ], [ -83.105107, 42.36796 ], [ -83.104635, 42.367284 ], [ -83.107442, 42.366203 ], [ -83.110161, 42.365184 ], [ -83.110634, 42.365884 ], [ -83.111108, 42.366583 ], [ -83.111586, 42.367291 ], [ -83.112066, 42.367997 ], [ -83.112545, 42.368704 ], [ -83.113018, 42.369408 ], [ -83.11348, 42.37009 ], [ -83.113924, 42.370742 ], [ -83.114358, 42.37138 ] ] ] } },
{ "type": "Feature", "properties": { "GEOID": "261635070001", "NAME": "15000US261635070001", "population": 711, "acs_year": "2020-2024", "ALAND": 541357, "AWATER": 0, "walk_minutes": 13.161436863424479, "access_bin": "<= 15 min", "within_15": true, "tract": "26163507000" }, "geometry": { "type": "Polygon", "coordinates": [ [ [ -83.07353, 42.432929 ], [ -83.072205, 42.432935 ], [ -83.071993, 42.432937 ], [ -83.071208, 42.432952 ], [ -83.070905, 42.432959 ], [ -83.070214, 42.432973 ], [ -83.069913, 42.43298 ], [ -83.069199, 42.432996 ], [ -83.068923, 42.433002 ], [ -83.068186, 42.433018 ], [ -83.067922, 42.433024 ], [ -83.067159, 42.43304 ], [ -83.066122, 42.433062 ], [ -83.065113, 42.433084 ], [ -83.064129, 42.433106 ], [ -83.063117, 42.433129 ], [ -83.062997, 42.431017 ], [ -83.062924, 42.429811 ], [ -83.062907, 42.429518 ], [ -83.062854, 42.428602 ], [ -83.062804, 42.427715 ], [ -83.062785, 42.427386 ], [ -83.062706, 42.425901 ], [ -83.063717, 42.425885 ], [ -83.063882, 42.425882 ], [ -83.064716, 42.425874 ], [ -83.065078, 42.425868 ], [ -83.065705, 42.425859 ], [ -83.066312, 42.425851 ], [ -83.066699, 42.425846 ], [ -83.067552, 42.425834 ], [ -83.068614, 42.425834 ], [ -83.069172, 42.426618 ], [ -83.069271, 42.426757 ], [ -83.069617, 42.427242 ], [ -83.070396, 42.42833 ], [ -83.07119, 42.429437 ], [ -83.071989, 42.430558 ], [ -83.072468, 42.431243 ], [ -83.072856, 42.431825 ], [ -83.073673, 42.432929 ], [ -83.07353, 42.432929 ] ] ] } },
{ "type": "Feature", "properties": { "GEOID": "261635056003", "NAME": "15000US261635056003", "population": 639, "acs_year": "2020-2024", "ALAND": 645939, "AWATER": 0, "walk_minutes": 9.348553719387489, "access_bin": "<= 10 min", "within_15": true, "tract": "26163505600" }, "geometry": { "type": "Polygon", "coordinates": [ [ [ -83.014022, 42.426987 ], [ -83.012793, 42.427018 ], [ -83.011583, 42.427048 ], [ -83.010401, 42.427077 ], [ -83.009239, 42.427106 ], [ -83.008046, 42.427136 ], [ -83.006806, 42.427167 ], [ -83.005545, 42.427198 ], [ -83.004903, 42.427213 ], [ -83.004791, 42.427216 ], [ -83.004318, 42.427228 ], [ -83.004242, 42.425407 ], [ -83.004178, 42.423831 ], [ -83.004112, 42.422209 ], [ -83.004066, 42.421193 ], [ -83.004034, 42.421012 ], [ -83.004022, 42.419936 ], [ -83.004649, 42.419937 ], [ -83.005203, 42.419938 ], [ -83.006235, 42.419908 ], [ -83.006462, 42.419902 ], [ -83.007688, 42.419865 ], [ -83.00894, 42.419826 ], [ -83.009376, 42.419813 ], [ -83.010408, 42.419781 ], [ -83.011084, 42.419761 ], [ -83.011884, 42.419738 ], [ -83.013318, 42.419693 ], [ -83.013717, 42.419681 ], [ -83.013681, 42.419783 ], [ -83.013701, 42.420032 ], [ -83.013723, 42.420284 ], [ -83.013739, 42.420627 ], [ -83.013859, 42.423353 ], [ -83.014022, 42.426987 ] ] ] } },
{ "type": "Feature", "properties": { "GEOID": "261635279003", "NAME": "15000US261635279003", "population": 376, "acs_year": "2020-2024", "ALAND": 367067, "AWATER": 0, "walk_minutes": 39.583597398453577, "access_bin": "> 20 min", "within_15": false, "tract": "26163527900" }, "geometry": { "type": "Polygon", "coordinates": [ [ [ -83.119351, 42.353074 ], [ -83.118394, 42.353432 ], [ -83.117301, 42.35384 ], [ -83.116212, 42.35425 ], [ -83.115973, 42.354339 ], [ -83.11481, 42.354774 ], [ -83.113635, 42.355212 ], [ -83.112482, 42.355685 ], [ -83.111649, 42.355732 ], [ -83.111525, 42.355746 ], [ -83.111425, 42.355769 ], [ -83.111329, 42.355798 ], [ -83.111237, 42.355833 ], [ -83.111149, 42.355874 ], [ -83.111012, 42.355954 ], [ -83.110875, 42.356057 ], [ -83.110799, 42.356125 ], [ -83.110854, 42.355877 ], [ -83.110861, 42.355781 ], [ -83.110851, 42.355575 ], [ -83.110854, 42.355328 ], [ -83.110857, 42.355218 ], [ -83.110813, 42.353927 ], [ -83.11074, 42.35195 ], [ -83.110667, 42.349974 ], [ -83.111571, 42.349955 ], [ -83.112281, 42.349941 ], [ -83.113332, 42.349924 ], [ -83.114378, 42.349904 ], [ -83.115425, 42.349884 ], [ -83.116472, 42.349863 ], [ -83.117831, 42.349836 ], [ -83.119062, 42.349815 ], [ -83.119149, 42.351791 ], [ -83.11919, 42.352657 ], [ -83.119197, 42.352798 ], [ -83.119207, 42.352849 ], [ -83.119218, 42.352874 ], [ -83.119351, 42.353074 ] ] ] } },
{ "type": "Feature", "properties": { "GEOID": "261635279002", "NAME": "15000US261635279002", "population": 604, "acs_year": "2020-2024", "ALAND": 441610, "AWATER": 0, "walk_minutes": 30.800499807339584, "access_bin": "> 20 min", "within_15": false, "tract": "26163527900" }, "geometry": { "type": "Polygon", "coordinates": [ [ [ -83.121522, 42.349761 ], [ -83.12118, 42.349768 ], [ -83.120122, 42.34979 ], [ -83.119062, 42.349815 ], [ -83.117831, 42.349836 ], [ -83.116472, 42.349863 ], [ -83.115425, 42.349884 ], [ -83.114378, 42.349904 ], [ -83.113332, 42.349924 ], [ -83.112281, 42.349941 ], [ -83.111571, 42.349955 ], [ -83.110667, 42.349974 ], [ -83.11061, 42.348401 ], [ -83.110593, 42.348299 ], [ -83.110558, 42.348177 ], [ -83.110534, 42.348115 ], [ -83.110475, 42.348001 ], [ -83.110399, 42.347884 ], [ -83.110297, 42.347757 ], [ -83.109974, 42.347318 ], [ -83.109882, 42.347212 ], [ -83.109834, 42.347148 ], [ -83.109655, 42.346899 ], [ -83.109573, 42.346795 ], [ -83.109434, 42.346607 ], [ -83.110033, 42.346338 ], [ -83.110359, 42.346181 ], [ -83.110605, 42.346062 ], [ -83.111164, 42.345771 ], [ -83.111622, 42.345513 ], [ -83.11225, 42.345139 ], [ -83.112501, 42.34499 ], [ -83.112681, 42.344874 ], [ -83.112929, 42.344702 ], [ -83.113453, 42.344693 ], [ -83.113911, 42.344686 ], [ -83.114541, 42.344673 ], [ -83.116285, 42.344641 ], [ -83.117776, 42.344614 ], [ -83.1185, 42.344603 ], [ -83.118824, 42.345062 ], [ -83.118847, 42.345109 ], [ -83.118854, 42.345149 ], [ -83.118882, 42.34583 ], [ -83.120023, 42.347453 ], [ -83.120306, 42.347845 ], [ -83.121155, 42.349045 ], [ -83.12165, 42.34975 ], [ -83.121522, 42.349761 ] ] ] } },
{ "type": "Feature", "properties": { "GEOID": "261635026003", "NAME": "15000US261635026003", "population": 364, "acs_year": "2020-2024", "ALAND": 231621, "AWATER": 0, "walk_minutes": 28.765323744563947, "access_bin": "> 20 min", "within_15": false, "tract": "26163502600" }, "geometry": { "type": "Polygon", "coordinates": [ [ [ -82.966919, 42.402674 ], [ -82.966576, 42.402795 ], [ -82.966444, 42.402836 ], [ -82.966343, 42.40286 ], [ -82.965303, 42.403105 ], [ -82.964255, 42.403352 ], [ -82.964128, 42.403387 ], [ -82.964024, 42.403407 ], [ -82.964219, 42.403704 ], [ -82.964298, 42.403822 ], [ -82.963611, 42.404031 ], [ -82.963062, 42.404204 ], [ -82.960329, 42.405048 ], [ -82.960246, 42.404924 ], [ -82.96006, 42.404646 ], [ -82.960013, 42.404599 ], [ -82.959232, 42.403434 ], [ -82.95836, 42.402137 ], [ -82.958217, 42.401908 ], [ -82.958102, 42.401723 ], [ -82.959014, 42.401395 ], [ -82.959887, 42.401082 ], [ -82.96076, 42.400771 ], [ -82.961253, 42.400588 ], [ -82.961746, 42.400406 ], [ -82.961978, 42.400321 ], [ -82.9629, 42.399977 ], [ -82.963167, 42.399882 ], [ -82.963295, 42.400075 ], [ -82.964308, 42.401604 ], [ -82.965281, 42.401255 ], [ -82.966471, 42.400826 ], [ -82.967541, 42.402452 ], [ -82.966919, 42.402674 ] ] ] } },
{ "type": "Feature", "properties": { "GEOID": "261635026001", "NAME": "15000US261635026001", "population": 1117, "acs_year": "2020-2024", "ALAND": 289755, "AWATER": 0, "walk_minutes": 23.99215387813997, "access_bin": "> 20 min", "within_15": false, "tract": "26163502600" }, "geometry": { "type": "Polygon", "coordinates": [ [ [ -82.9629, 42.399977 ], [ -82.961978, 42.400321 ], [ -82.961746, 42.400406 ], [ -82.961253, 42.400588 ], [ -82.96076, 42.400771 ], [ -82.959887, 42.401082 ], [ -82.959014, 42.401395 ], [ -82.958102, 42.401723 ], [ -82.957542, 42.401141 ], [ -82.956965, 42.400222 ], [ -82.956902, 42.400089 ], [ -82.956812, 42.399934 ], [ -82.956167, 42.398974 ], [ -82.955963, 42.398714 ], [ -82.955844, 42.398577 ], [ -82.954492, 42.397021 ], [ -82.955171, 42.396775 ], [ -82.955671, 42.396594 ], [ -82.956062, 42.396453 ], [ -82.956961, 42.396128 ], [ -82.957885, 42.395795 ], [ -82.958848, 42.395448 ], [ -82.960111, 42.394995 ], [ -82.961015, 42.396379 ], [ -82.96108, 42.396532 ], [ -82.961083, 42.396657 ], [ -82.961115, 42.39678 ], [ -82.962153, 42.398353 ], [ -82.963167, 42.399882 ], [ -82.9629, 42.399977 ] ] ] } },
{ "type": "Feature", "properties": { "GEOID": "261635027004", "NAME": "15000US261635027004", "population": 328, "acs_year": "2020-2024", "ALAND": 435398, "AWATER": 0, "walk_minutes": 2.9694330105689763, "access_bin": "<= 5 min", "within_15": true, "tract": "26163502700" }, "geometry": { "type": "Polygon", "coordinates": [ [ [ -82.975849, 42.389332 ], [ -82.974488, 42.389819 ], [ -82.973431, 42.390199 ], [ -82.972373, 42.390579 ], [ -82.971306, 42.390966 ], [ -82.970234, 42.391353 ], [ -82.969161, 42.391739 ], [ -82.968089, 42.392124 ], [ -82.967051, 42.390541 ], [ -82.965946, 42.388842 ], [ -82.965947, 42.388793 ], [ -82.965949, 42.38875 ], [ -82.964799, 42.386991 ], [ -82.963066, 42.384343 ], [ -82.964212, 42.384061 ], [ -82.964455, 42.384001 ], [ -82.965192, 42.383836 ], [ -82.96538, 42.383826 ], [ -82.966659, 42.383756 ], [ -82.967843, 42.383696 ], [ -82.968066, 42.384042 ], [ -82.968151, 42.384165 ], [ -82.968212, 42.384245 ], [ -82.968399, 42.384458 ], [ -82.968469, 42.384536 ], [ -82.968509, 42.384589 ], [ -82.968565, 42.384663 ], [ -82.968635, 42.384754 ], [ -82.969017, 42.385336 ], [ -82.9691, 42.385448 ], [ -82.969204, 42.385561 ], [ -82.970763, 42.38707 ], [ -82.970994, 42.387293 ], [ -82.97116, 42.387454 ], [ -82.971219, 42.387497 ], [ -82.971299, 42.387545 ], [ -82.971458, 42.387613 ], [ -82.972415, 42.387986 ], [ -82.97329, 42.388302 ], [ -82.973561, 42.388399 ], [ -82.976029, 42.389288 ], [ -82.975849, 42.389332 ] ] ] } },
{ "type": "Feature", "properties": { "GEOID": "261635027002", "NAME": "15000US261635027002", "population": 418, "acs_year": "2020-2024", "ALAND": 383769, "AWATER": 0, "walk_minutes": 14.136335908617289, "access_bin": "<= 15 min", "within_15": true, "tract": "26163502700" }, "geometry": { "type": "Polygon", "coordinates": [ [ [ -82.963159, 42.393896 ], [ -82.962195, 42.394244 ], [ -82.961231, 42.394593 ], [ -82.960111, 42.394995 ], [ -82.95907, 42.3934 ], [ -82.957935, 42.391668 ], [ -82.956758, 42.389866 ], [ -82.955533, 42.387995 ], [ -82.954945, 42.38709 ], [ -82.954901, 42.38704 ], [ -82.954552, 42.386692 ], [ -82.954271, 42.386263 ], [ -82.955621, 42.386037 ], [ -82.956695, 42.385854 ], [ -82.957212, 42.385765 ], [ -82.957739, 42.385639 ], [ -82.958788, 42.385386 ], [ -82.959551, 42.386548 ], [ -82.960784, 42.38842 ], [ -82.961969, 42.390222 ], [ -82.963098, 42.391957 ], [ -82.964136, 42.393545 ], [ -82.963159, 42.393896 ] ] ] } },
{ "type": "Feature", "properties": { "GEOID": "261635257004", "NAME": "15000US261635257004", "population": 1205, "acs_year": "2020-2024", "ALAND": 248303, "AWATER": 0, "walk_minutes": 8.9797972485024715, "access_bin": "<= 10 min", "within_15": true, "tract": "26163525700" }, "geometry": { "type": "Polygon", "coordinates": [ [ [ -83.131896, 42.331111 ], [ -83.130779, 42.331107 ], [ -83.130327, 42.331111 ], [ -83.129443, 42.331122 ], [ -83.128864, 42.331131 ], [ -83.127373, 42.331147 ], [ -83.127434, 42.331021 ], [ -83.126821, 42.330181 ], [ -83.126609, 42.329891 ], [ -83.126361, 42.329529 ], [ -83.125862, 42.328856 ], [ -83.125469, 42.328307 ], [ -83.125306, 42.328081 ], [ -83.124799, 42.327382 ], [ -83.124302, 42.326706 ], [ -83.124214, 42.326582 ], [ -83.123887, 42.326128 ], [ -83.123739, 42.325924 ], [ -83.123371, 42.325414 ], [ -83.123272, 42.325277 ], [ -83.126157, 42.324055 ], [ -83.126186, 42.324049 ], [ -83.126241, 42.324056 ], [ -83.126277, 42.324075 ], [ -83.126711, 42.324665 ], [ -83.127232, 42.325292 ], [ -83.127348, 42.325428 ], [ -83.127899, 42.326063 ], [ -83.128548, 42.32682 ], [ -83.129054, 42.327469 ], [ -83.129124, 42.327558 ], [ -83.129558, 42.328108 ], [ -83.129647, 42.328221 ], [ -83.130077, 42.328771 ], [ -83.130807, 42.329727 ], [ -83.131807, 42.331009 ], [ -83.131896, 42.331111 ] ] ] } },
{ "type": "Feature", "properties": { "GEOID": "261635128003", "NAME": "15000US261635128003", "population": 489, "acs_year": "2020-2024", "ALAND": 704086, "AWATER": 0, "walk_minutes": 10.829613828445179, "access_bin": "<= 15 min", "within_15": true, "tract": "26163512800" }, "geometry": { "type": "Polygon", "coordinates": [ [ [ -82.957739, 42.385639 ], [ -82.957212, 42.385765 ], [ -82.956695, 42.385854 ], [ -82.955621, 42.386037 ], [ -82.954271, 42.386263 ], [ -82.953183, 42.386445 ], [ -82.952956, 42.386479 ], [ -82.951898, 42.38664 ], [ -82.950756, 42.386816 ], [ -82.949765, 42.386973 ], [ -82.948714, 42.387142 ], [ -82.947699, 42.3873 ], [ -82.946644, 42.387469 ], [ -82.946735, 42.387043 ], [ -82.946876, 42.38699 ], [ -82.946149, 42.385981 ], [ -82.94606, 42.38586 ], [ -82.945726, 42.385344 ], [ -82.945799, 42.385316 ], [ -82.945433, 42.384739 ], [ -82.943911, 42.382418 ], [ -82.944406, 42.382242 ], [ -82.945296, 42.381921 ], [ -82.946215, 42.381591 ], [ -82.947135, 42.381262 ], [ -82.948133, 42.38089 ], [ -82.949051, 42.380548 ], [ -82.950226, 42.380106 ], [ -82.951409, 42.379663 ], [ -82.952373, 42.379305 ], [ -82.953343, 42.378947 ], [ -82.954318, 42.378588 ], [ -82.955925, 42.38103 ], [ -82.958788, 42.385386 ], [ -82.957739, 42.385639 ] ] ] } },
{ "type": "Feature", "properties": { "GEOID": "261635132001", "NAME": "15000US261635132001", "population": 655, "acs_year": "2020-2024", "ALAND": 427651, "AWATER": 0, "walk_minutes": 39.175225842629665, "access_bin": "> 20 min", "within_15": false, "tract": "26163513200" }, "geometry": { "type": "Polygon", "coordinates": [ [ [ -82.939505, 42.367408 ], [ -82.938411, 42.367803 ], [ -82.938297, 42.367849 ], [ -82.938181, 42.367895 ], [ -82.937278, 42.368221 ], [ -82.936254, 42.368594 ], [ -82.935959, 42.368707 ], [ -82.935911, 42.368725 ], [ -82.935795, 42.368765 ], [ -82.935541, 42.368849 ], [ -82.934977, 42.369075 ], [ -82.933522, 42.366844 ], [ -82.932387, 42.365124 ], [ -82.930586, 42.362487 ], [ -82.93054, 42.362417 ], [ -82.930354, 42.36214 ], [ -82.930947, 42.361903 ], [ -82.930697, 42.361525 ], [ -82.930894, 42.361535 ], [ -82.931062, 42.361544 ], [ -82.931143, 42.361537 ], [ -82.931502, 42.361409 ], [ -82.932007, 42.362178 ], [ -82.932519, 42.361991 ], [ -82.933028, 42.361805 ], [ -82.934067, 42.361428 ], [ -82.935285, 42.360988 ], [ -82.936474, 42.360557 ], [ -82.938116, 42.363046 ], [ -82.93924, 42.364761 ], [ -82.940698, 42.36698 ], [ -82.939505, 42.367408 ] ] ] } },
{ "type": "Feature", "properties": { "GEOID": "261635165002", "NAME": "15000US261635165002", "population": 1545, "acs_year": "2020-2024", "ALAND": 713622, "AWATER": 1045874, "walk_minutes": 11.358229224438215, "access_bin": "<= 15 min", "within_15": true, "tract": "26163516500" }, "geometry": { "type": "Polygon", "coordinates": [ [ [ -83.025685, 42.331869 ], [ -83.021525, 42.333399 ], [ -83.016929, 42.335261 ], [ -83.017053, 42.335451 ], [ -83.017104, 42.335525 ], [ -83.017293, 42.3358 ], [ -83.017309, 42.335823 ], [ -83.0175, 42.336085 ], [ -83.017745, 42.336458 ], [ -83.018149, 42.337073 ], [ -83.01846, 42.337546 ], [ -83.018136, 42.337692 ], [ -83.016699, 42.338318 ], [ -83.016601, 42.338355 ], [ -83.017008, 42.33897 ], [ -83.017417, 42.339587 ], [ -83.017598, 42.339869 ], [ -83.017884, 42.340292 ], [ -83.016355, 42.340949 ], [ -83.014551, 42.341724 ], [ -83.012714, 42.342515 ], [ -83.010052, 42.34366 ], [ -83.009174, 42.344037 ], [ -83.008762, 42.344214 ], [ -83.008318, 42.344405 ], [ -83.008083, 42.344507 ], [ -83.007489, 42.344762 ], [ -83.006834, 42.345044 ], [ -83.006222, 42.345307 ], [ -83.004982, 42.345815 ], [ -83.004056, 42.346311 ], [ -83.003134, 42.346704 ], [ -83.002079, 42.347158 ], [ -83.001922, 42.346904 ], [ -83.000899, 42.345631 ], [ -83.000569, 42.345295 ], [ -83.000416, 42.345086 ], [ -82.998566, 42.342614 ], [ -83.000194, 42.341378 ], [ -83.003806, 42.338638 ], [ -83.004301, 42.338264 ], [ -83.008207, 42.335346 ], [ -83.008064, 42.332199 ], [ -83.008036, 42.331602 ], [ -83.014076, 42.331321 ], [ -83.01717, 42.33088 ], [ -83.019024, 42.330616 ], [ -83.024034, 42.32943 ], [ -83.025743, 42.331849 ], [ -83.025685, 42.331869 ] ] ] } },
{ "type": "Feature", "properties": { "GEOID": "261635169002", "NAME": "15000US261635169002", "population": 774, "acs_year": "2020-2024", "ALAND": 241707, "AWATER": 0, "walk_minutes": 8.9240268926033135, "access_bin": "<= 10 min", "within_15": true, "tract": "26163516900" }, "geometry": { "type": "Polygon", "coordinates": [ [ [ -83.032951, 42.34269 ], [ -83.032836, 42.342743 ], [ -83.032502, 42.342897 ], [ -83.032321, 42.342981 ], [ -83.031343, 42.343365 ], [ -83.029174, 42.344283 ], [ -83.029055, 42.344351 ], [ -83.027298, 42.345098 ], [ -83.027183, 42.34515 ], [ -83.027047, 42.344967 ], [ -83.026872, 42.344729 ], [ -83.026595, 42.344353 ], [ -83.026525, 42.344258 ], [ -83.026539, 42.344169 ], [ -83.026543, 42.34408 ], [ -83.026539, 42.343991 ], [ -83.026526, 42.343903 ], [ -83.026504, 42.343815 ], [ -83.026462, 42.343701 ], [ -83.026405, 42.34359 ], [ -83.02598, 42.342942 ], [ -83.024947, 42.341379 ], [ -83.025815, 42.341006 ], [ -83.026654, 42.340644 ], [ -83.02799, 42.340071 ], [ -83.029865, 42.339263 ], [ -83.030051, 42.339183 ], [ -83.030145, 42.339143 ], [ -83.030395, 42.339035 ], [ -83.031038, 42.33994 ], [ -83.031572, 42.340682 ], [ -83.031874, 42.341197 ], [ -83.032883, 42.34259 ], [ -83.032951, 42.34269 ] ] ] } },
{ "type": "Feature", "properties": { "GEOID": "261635193002", "NAME": "15000US261635193002", "population": 760, "acs_year": "2020-2024", "ALAND": 619159, "AWATER": 0, "walk_minutes": 17.096847717573262, "access_bin": "<= 20 min", "within_15": false, "tract": "26163519300" }, "geometry": { "type": "Polygon", "coordinates": [ [ [ -83.021613, 42.361291 ], [ -83.02034, 42.361753 ], [ -83.01903, 42.362233 ], [ -83.018306, 42.362494 ], [ -83.01772, 42.362705 ], [ -83.016417, 42.363179 ], [ -83.015427, 42.363543 ], [ -83.014475, 42.363893 ], [ -83.01324, 42.364348 ], [ -83.012553, 42.36324 ], [ -83.012057, 42.362491 ], [ -83.012027, 42.362453 ], [ -83.011921, 42.362356 ], [ -83.01135, 42.361498 ], [ -83.010434, 42.360109 ], [ -83.008858, 42.357718 ], [ -83.009251, 42.35757 ], [ -83.010098, 42.357264 ], [ -83.011064, 42.356913 ], [ -83.012041, 42.356558 ], [ -83.013063, 42.356189 ], [ -83.013347, 42.356097 ], [ -83.013909, 42.355965 ], [ -83.01448, 42.355846 ], [ -83.014778, 42.355788 ], [ -83.015452, 42.35564 ], [ -83.015891, 42.355552 ], [ -83.0162, 42.355471 ], [ -83.017474, 42.355026 ], [ -83.017905, 42.355677 ], [ -83.018358, 42.356367 ], [ -83.018815, 42.35706 ], [ -83.019269, 42.357746 ], [ -83.019729, 42.358443 ], [ -83.020183, 42.359129 ], [ -83.020467, 42.35956 ], [ -83.020894, 42.360206 ], [ -83.021353, 42.360899 ], [ -83.021613, 42.361291 ] ] ] } },
{ "type": "Feature", "properties": { "GEOID": "261635167002", "NAME": "15000US261635167002", "population": 906, "acs_year": "2020-2024", "ALAND": 168533, "AWATER": 0, "walk_minutes": 23.352697351738993, "access_bin": "> 20 min", "within_15": false, "tract": "26163516700" }, "geometry": { "type": "Polygon", "coordinates": [ [ [ -83.030311, 42.349866 ], [ -83.02793, 42.350912 ], [ -83.027431, 42.351126 ], [ -83.025572, 42.351926 ], [ -83.02534, 42.351551 ], [ -83.023699, 42.349066 ], [ -83.023646, 42.348959 ], [ -83.023621, 42.34887 ], [ -83.02361, 42.34878 ], [ -83.023619, 42.348666 ], [ -83.023637, 42.348599 ], [ -83.023662, 42.348533 ], [ -83.023683, 42.348496 ], [ -83.023709, 42.348449 ], [ -83.023753, 42.34839 ], [ -83.023805, 42.348333 ], [ -83.023871, 42.348275 ], [ -83.023938, 42.348226 ], [ -83.024011, 42.348182 ], [ -83.024117, 42.348131 ], [ -83.026382, 42.347156 ], [ -83.026632, 42.347476 ], [ -83.026702, 42.347549 ], [ -83.026806, 42.347641 ], [ -83.026953, 42.347745 ], [ -83.027081, 42.347817 ], [ -83.027258, 42.347898 ], [ -83.027402, 42.347948 ], [ -83.027552, 42.347987 ], [ -83.027745, 42.348021 ], [ -83.027929, 42.348037 ], [ -83.028104, 42.348037 ], [ -83.028266, 42.348025 ], [ -83.028466, 42.347994 ], [ -83.028622, 42.347956 ], [ -83.028786, 42.347902 ], [ -83.029067, 42.34779 ], [ -83.029043, 42.347902 ], [ -83.030311, 42.349866 ] ] ] } },
{ "type": "Feature", "properties": { "GEOID": "261635192002", "NAME": "15000US261635192002", "population": 379, "acs_year": "2020-2024", "ALAND": 614081, "AWATER": 0, "walk_minutes": 18.064884582179776, "access_bin": "<= 20 min", "within_15": false, "tract": "26163519200" }, "geometry": { "type": "Polygon", "coordinates": [ [ [ -83.020176, 42.386277 ], [ -83.019753, 42.386424 ], [ -83.018975, 42.386727 ], [ -83.016501, 42.387669 ], [ -83.014215, 42.388626 ], [ -83.012312, 42.389386 ], [ -83.011329, 42.389765 ], [ -83.010156, 42.39023 ], [ -83.009705, 42.390409 ], [ -83.008292, 42.390947 ], [ -83.008099, 42.391006 ], [ -83.007368, 42.391228 ], [ -83.007018, 42.391328 ], [ -83.006474, 42.391483 ], [ -83.006323, 42.391524 ], [ -83.006277, 42.391537 ], [ -83.006248, 42.391544 ], [ -83.00631, 42.39141 ], [ -83.006401, 42.391293 ], [ -83.006701, 42.390907 ], [ -83.006756, 42.390825 ], [ -83.007085, 42.390326 ], [ -83.007568, 42.389599 ], [ -83.007694, 42.389408 ], [ -83.007952, 42.389015 ], [ -83.008415, 42.388311 ], [ -83.008703, 42.387875 ], [ -83.008999, 42.387428 ], [ -83.009287, 42.386992 ], [ -83.009893, 42.386076 ], [ -83.010489, 42.385175 ], [ -83.011076, 42.384288 ], [ -83.011678, 42.383379 ], [ -83.012278, 42.38247 ], [ -83.012879, 42.381558 ], [ -83.013478, 42.380652 ], [ -83.014082, 42.379738 ], [ -83.014688, 42.378823 ], [ -83.014986, 42.379226 ], [ -83.015231, 42.379564 ], [ -83.015686, 42.380193 ], [ -83.016154, 42.380837 ], [ -83.016621, 42.381481 ], [ -83.017112, 42.382157 ], [ -83.017287, 42.3824 ], [ -83.017856, 42.383186 ], [ -83.018516, 42.384094 ], [ -83.019135, 42.38494 ], [ -83.019543, 42.385461 ], [ -83.019742, 42.385689 ], [ -83.019826, 42.385803 ], [ -83.020084, 42.386152 ], [ -83.020176, 42.386277 ] ] ] } },
{ "type": "Feature", "properties": { "GEOID": "261635008002", "NAME": "15000US261635008002", "population": 861, "acs_year": "2020-2024", "ALAND": 445292, "AWATER": 0, "walk_minutes": 23.148342904767546, "access_bin": "> 20 min", "within_15": false, "tract": "26163500800" }, "geometry": { "type": "Polygon", "coordinates": [ [ [ -82.938741, 42.421523 ], [ -82.937325, 42.423232 ], [ -82.936331, 42.424458 ], [ -82.934581, 42.42678 ], [ -82.933443, 42.426319 ], [ -82.933212, 42.42663 ], [ -82.932719, 42.42728 ], [ -82.932441, 42.427643 ], [ -82.932195, 42.427968 ], [ -82.92999, 42.427065 ], [ -82.928007, 42.426253 ], [ -82.927878, 42.426183 ], [ -82.927656, 42.426062 ], [ -82.927809, 42.425865 ], [ -82.928612, 42.424835 ], [ -82.928674, 42.424755 ], [ -82.928904, 42.424459 ], [ -82.928974, 42.42437 ], [ -82.93007, 42.422973 ], [ -82.930442, 42.422499 ], [ -82.930456, 42.42248 ], [ -82.930834, 42.421968 ], [ -82.931247, 42.421433 ], [ -82.931535, 42.421115 ], [ -82.931878, 42.420768 ], [ -82.932159, 42.420514 ], [ -82.932288, 42.420389 ], [ -82.932613, 42.420101 ], [ -82.933005, 42.419779 ], [ -82.933403, 42.419477 ], [ -82.933594, 42.419344 ], [ -82.933716, 42.419429 ], [ -82.933783, 42.419475 ], [ -82.933858, 42.419514 ], [ -82.934008, 42.41959 ], [ -82.934437, 42.419764 ], [ -82.935399, 42.420155 ], [ -82.936294, 42.420521 ], [ -82.936365, 42.420551 ], [ -82.937224, 42.4209 ], [ -82.937611, 42.421059 ], [ -82.938166, 42.421287 ], [ -82.938741, 42.421523 ] ] ] } },
{ "type": "Feature", "properties": { "GEOID": "261635015002", "NAME": "15000US261635015002", "population": 829, "acs_year": "2020-2024", "ALAND": 362458, "AWATER": 0, "walk_minutes": 11.588966346230135, "access_bin": "<= 15 min", "within_15": true, "tract": "26163501500" }, "geometry": { "type": "Polygon", "coordinates": [ [ [ -82.937228, 42.417333 ], [ -82.936824, 42.417558 ], [ -82.935989, 42.417977 ], [ -82.935311, 42.418318 ], [ -82.935195, 42.41838 ], [ -82.934759, 42.418612 ], [ -82.934355, 42.418834 ], [ -82.934027, 42.419052 ], [ -82.933775, 42.419219 ], [ -82.933594, 42.419344 ], [ -82.933456, 42.419248 ], [ -82.932823, 42.418808 ], [ -82.932768, 42.418774 ], [ -82.932698, 42.418741 ], [ -82.93258, 42.418784 ], [ -82.93229, 42.418945 ], [ -82.931446, 42.417659 ], [ -82.930372, 42.416027 ], [ -82.929303, 42.414408 ], [ -82.928313, 42.412906 ], [ -82.928181, 42.412699 ], [ -82.929279, 42.412289 ], [ -82.930232, 42.411933 ], [ -82.931164, 42.411584 ], [ -82.932062, 42.411256 ], [ -82.933005, 42.410924 ], [ -82.933125, 42.411107 ], [ -82.933231, 42.411258 ], [ -82.934142, 42.412641 ], [ -82.935214, 42.414269 ], [ -82.935477, 42.414665 ], [ -82.936373, 42.416044 ], [ -82.936637, 42.416436 ], [ -82.936889, 42.416827 ], [ -82.936928, 42.416888 ], [ -82.937145, 42.417209 ], [ -82.937228, 42.417333 ] ] ] } },
{ "type": "Feature", "properties": { "GEOID": "261635138002", "NAME": "15000US261635138002", "population": 1129, "acs_year": "2020-2024", "ALAND": 864898, "AWATER": 0, "walk_minutes": 17.688121648061053, "access_bin": "<= 20 min", "within_15": false, "tract": "26163513800" }, "geometry": { "type": "Polygon", "coordinates": [ [ [ -82.999297, 42.369714 ], [ -82.998341, 42.370099 ], [ -82.998013, 42.370235 ], [ -82.997568, 42.370438 ], [ -82.997102, 42.370655 ], [ -82.996932, 42.370735 ], [ -82.996179, 42.371085 ], [ -82.995995, 42.37117 ], [ -82.995108, 42.371582 ], [ -82.994634, 42.371801 ], [ -82.99412, 42.372046 ], [ -82.993612, 42.371336 ], [ -82.993146, 42.370694 ], [ -82.992684, 42.370055 ], [ -82.99246, 42.369744 ], [ -82.992193, 42.369376 ], [ -82.991739, 42.368746 ], [ -82.991287, 42.368115 ], [ -82.990931, 42.367626 ], [ -82.990826, 42.367472 ], [ -82.990762, 42.367379 ], [ -82.990379, 42.366859 ], [ -82.99021, 42.366626 ], [ -82.989924, 42.366229 ], [ -82.989499, 42.365637 ], [ -82.989019, 42.36497 ], [ -82.988568, 42.364341 ], [ -82.988112, 42.363709 ], [ -82.987752, 42.36321 ], [ -82.987273, 42.362545 ], [ -82.986703, 42.361752 ], [ -82.986216, 42.361076 ], [ -82.98577, 42.360458 ], [ -82.984589, 42.358817 ], [ -82.984933, 42.358549 ], [ -82.985402, 42.358182 ], [ -82.985783, 42.357884 ], [ -82.986214, 42.357547 ], [ -82.987076, 42.356873 ], [ -82.987183, 42.35679 ], [ -82.987919, 42.356219 ], [ -82.988993, 42.355379 ], [ -82.989621, 42.35625 ], [ -82.990021, 42.356803 ], [ -82.990438, 42.357381 ], [ -82.990629, 42.357645 ], [ -82.99094, 42.358078 ], [ -82.991391, 42.358702 ], [ -82.991852, 42.359339 ], [ -82.991958, 42.359478 ], [ -82.992269, 42.359913 ], [ -82.993108, 42.361087 ], [ -82.994599, 42.36316 ], [ -82.996091, 42.36523 ], [ -82.996186, 42.365367 ], [ -82.996275, 42.365517 ], [ -82.99635, 42.365643 ], [ -82.99785, 42.367731 ], [ -82.999208, 42.369611 ], [ -82.999297, 42.369714 ] ] ] } },
{ "type": "Feature", "properties": { "GEOID": "261635138001", "NAME": "15000US261635138001", "population": 1043, "acs_year": "2020-2024", "ALAND": 978907, "AWATER": 0, "walk_minutes": 14.823238815176374, "access_bin": "<= 15 min", "within_15": true, "tract": "26163513800" }, "geometry": { "type": "Polygon", "coordinates": [ [ [ -82.989499, 42.365637 ], [ -82.98715, 42.366505 ], [ -82.986035, 42.36693 ], [ -82.984923, 42.367369 ], [ -82.984053, 42.367721 ], [ -82.983923, 42.367779 ], [ -82.983827, 42.367821 ], [ -82.982806, 42.368223 ], [ -82.981675, 42.368667 ], [ -82.980466, 42.369118 ], [ -82.979141, 42.369594 ], [ -82.978002, 42.370004 ], [ -82.976922, 42.370391 ], [ -82.975991, 42.370726 ], [ -82.974881, 42.371125 ], [ -82.973625, 42.371581 ], [ -82.972189, 42.369392 ], [ -82.970611, 42.366982 ], [ -82.97123, 42.366681 ], [ -82.97143, 42.366593 ], [ -82.971657, 42.366493 ], [ -82.971986, 42.366336 ], [ -82.972094, 42.366285 ], [ -82.972836, 42.365932 ], [ -82.973729, 42.365507 ], [ -82.974639, 42.365075 ], [ -82.975477, 42.364676 ], [ -82.975673, 42.364584 ], [ -82.976311, 42.364282 ], [ -82.97692, 42.363992 ], [ -82.977141, 42.363886 ], [ -82.978013, 42.363473 ], [ -82.978884, 42.363058 ], [ -82.979068, 42.362968 ], [ -82.979191, 42.362896 ], [ -82.980011, 42.362349 ], [ -82.980439, 42.362057 ], [ -82.980861, 42.361731 ], [ -82.981783, 42.360995 ], [ -82.98269, 42.360301 ], [ -82.983068, 42.360006 ], [ -82.983461, 42.359698 ], [ -82.984081, 42.359213 ], [ -82.984589, 42.358817 ], [ -82.98577, 42.360458 ], [ -82.986216, 42.361076 ], [ -82.986703, 42.361752 ], [ -82.987273, 42.362545 ], [ -82.987752, 42.36321 ], [ -82.988112, 42.363709 ], [ -82.988568, 42.364341 ], [ -82.989019, 42.36497 ], [ -82.989499, 42.365637 ] ] ] } },
{ "type": "Feature", "properties": { "GEOID": "261635016002", "NAME": "15000US261635016002", "population": 754, "acs_year": "2020-2024", "ALAND": 619979, "AWATER": 0, "walk_minutes": 27.280741936547983, "access_bin": "> 20 min", "within_15": false, "tract": "26163501600" }, "geometry": { "type": "Polygon", "coordinates": [ [ [ -82.932062, 42.411256 ], [ -82.931164, 42.411584 ], [ -82.930232, 42.411933 ], [ -82.929279, 42.412289 ], [ -82.928181, 42.412699 ], [ -82.926829, 42.413205 ], [ -82.925751, 42.413608 ], [ -82.925629, 42.413647 ], [ -82.925523, 42.413682 ], [ -82.924513, 42.414047 ], [ -82.923594, 42.414373 ], [ -82.922703, 42.414692 ], [ -82.921742, 42.415034 ], [ -82.920747, 42.413516 ], [ -82.919684, 42.411889 ], [ -82.918837, 42.410601 ], [ -82.918582, 42.410204 ], [ -82.919507, 42.409855 ], [ -82.920388, 42.409522 ], [ -82.921296, 42.409184 ], [ -82.922403, 42.40877 ], [ -82.923618, 42.408322 ], [ -82.924942, 42.407851 ], [ -82.926084, 42.407439 ], [ -82.927045, 42.407091 ], [ -82.927983, 42.406751 ], [ -82.92983, 42.406075 ], [ -82.930092, 42.406473 ], [ -82.930925, 42.407762 ], [ -82.931889, 42.409218 ], [ -82.931997, 42.409387 ], [ -82.933005, 42.410924 ], [ -82.932062, 42.411256 ] ] ] } },
{ "type": "Feature", "properties": { "GEOID": "261635245002", "NAME": "15000US261635245002", "population": 35, "acs_year": "2020-2024", "ALAND": 1361538, "AWATER": 28400, "walk_minutes": 46.459434673731323, "access_bin": "> 20 min", "within_15": false, "tract": "26163524500" }, "geometry": { "type": "Polygon", "coordinates": [ [ [ -83.16337, 42.285263 ], [ -83.162385, 42.28549 ], [ -83.160289, 42.285965 ], [ -83.158622, 42.286381 ], [ -83.156502, 42.286872 ], [ -83.153415, 42.287585 ], [ -83.152837, 42.287729 ], [ -83.152452, 42.287865 ], [ -83.152245, 42.287934 ], [ -83.151174, 42.28829 ], [ -83.149404, 42.288874 ], [ -83.148318, 42.289232 ], [ -83.145576, 42.29016 ], [ -83.143936, 42.290731 ], [ -83.143746, 42.2908 ], [ -83.143422, 42.290918 ], [ -83.142828, 42.291139 ], [ -83.142629, 42.291215 ], [ -83.139832, 42.28736 ], [ -83.139557, 42.286976 ], [ -83.139496, 42.286887 ], [ -83.139434, 42.2868 ], [ -83.140038, 42.286553 ], [ -83.141598, 42.285913 ], [ -83.143062, 42.285313 ], [ -83.146004, 42.284105 ], [ -83.146371, 42.28394 ], [ -83.146729, 42.283765 ], [ -83.147073, 42.283584 ], [ -83.147397, 42.283399 ], [ -83.147712, 42.283205 ], [ -83.148043, 42.282982 ], [ -83.148358, 42.282748 ], [ -83.148697, 42.282473 ], [ -83.148956, 42.282244 ], [ -83.149388, 42.281841 ], [ -83.149785, 42.281361 ], [ -83.150126, 42.280949 ], [ -83.150853, 42.280083 ], [ -83.151126, 42.279773 ], [ -83.151284, 42.27961 ], [ -83.151448, 42.279451 ], [ -83.151738, 42.279195 ], [ -83.15192, 42.279048 ], [ -83.152025, 42.278968 ], [ -83.152109, 42.278904 ], [ -83.152438, 42.278676 ], [ -83.152761, 42.278478 ], [ -83.15296, 42.278367 ], [ -83.153165, 42.278262 ], [ -83.153375, 42.278162 ], [ -83.153559, 42.278081 ], [ -83.15385, 42.277963 ], [ -83.154518, 42.277726 ], [ -83.156295, 42.277136 ], [ -83.156467, 42.277288 ], [ -83.156641, 42.277442 ], [ -83.157454, 42.278157 ], [ -83.157693, 42.278384 ], [ -83.157929, 42.278577 ], [ -83.158041, 42.278674 ], [ -83.15824, 42.278844 ], [ -83.158689, 42.279232 ], [ -83.158742, 42.279279 ], [ -83.159731, 42.280162 ], [ -83.160737, 42.281149 ], [ -83.160794, 42.281205 ], [ -83.160894, 42.281303 ], [ -83.161472, 42.281857 ], [ -83.161799, 42.282233 ], [ -83.161877, 42.282332 ], [ -83.162022, 42.282533 ], [ -83.162184, 42.282792 ], [ -83.162298, 42.283004 ], [ -83.162451, 42.283337 ], [ -83.162947, 42.284452 ], [ -83.163063, 42.284685 ], [ -83.16318, 42.284923 ], [ -83.163342, 42.285214 ], [ -83.16337, 42.285263 ] ] ] } },
{ "type": "Feature", "properties": { "GEOID": "261635106002", "NAME": "15000US261635106002", "population": 2170, "acs_year": "2020-2024", "ALAND": 314184, "AWATER": 0, "walk_minutes": 12.177148941602038, "access_bin": "<= 15 min", "within_15": true, "tract": "26163510600" }, "geometry": { "type": "Polygon", "coordinates": [ [ [ -83.056917, 42.408752 ], [ -83.056202, 42.409015 ], [ -83.05616, 42.409025 ], [ -83.056117, 42.409028 ], [ -83.055207, 42.408944 ], [ -83.054405, 42.408872 ], [ -83.052613, 42.408707 ], [ -83.05234, 42.408682 ], [ -83.050769, 42.408536 ], [ -83.05011, 42.408471 ], [ -83.04925, 42.408384 ], [ -83.048941, 42.408352 ], [ -83.048751, 42.408333 ], [ -83.048653, 42.408341 ], [ -83.048322, 42.408401 ], [ -83.04736, 42.408551 ], [ -83.047344, 42.408209 ], [ -83.047362, 42.408106 ], [ -83.04738, 42.407985 ], [ -83.047354, 42.407282 ], [ -83.047323, 42.406393 ], [ -83.047293, 42.405505 ], [ -83.047257, 42.40446 ], [ -83.04993, 42.404429 ], [ -83.050195, 42.404429 ], [ -83.052634, 42.404427 ], [ -83.054023, 42.40444 ], [ -83.05422, 42.404733 ], [ -83.054662, 42.405394 ], [ -83.055102, 42.40605 ], [ -83.055574, 42.406754 ], [ -83.055642, 42.406855 ], [ -83.056032, 42.407434 ], [ -83.056473, 42.408094 ], [ -83.056917, 42.408752 ] ] ] } },
{ "type": "Feature", "properties": { "GEOID": "261635106003", "NAME": "15000US261635106003", "population": 2245, "acs_year": "2020-2024", "ALAND": 283814, "AWATER": 0, "walk_minutes": 18.244550137432846, "access_bin": "<= 20 min", "within_15": false, "tract": "26163510600" }, "geometry": { "type": "Polygon", "coordinates": [ [ [ -83.058779, 42.411507 ], [ -83.055315, 42.411594 ], [ -83.052463, 42.411659 ], [ -83.049383, 42.411731 ], [ -83.048494, 42.411751 ], [ -83.047514, 42.411775 ], [ -83.047487, 42.411686 ], [ -83.047472, 42.411315 ], [ -83.047459, 42.411002 ], [ -83.047401, 42.40958 ], [ -83.04736, 42.408551 ], [ -83.048322, 42.408401 ], [ -83.048653, 42.408341 ], [ -83.048751, 42.408333 ], [ -83.048941, 42.408352 ], [ -83.04925, 42.408384 ], [ -83.05011, 42.408471 ], [ -83.050769, 42.408536 ], [ -83.05234, 42.408682 ], [ -83.052613, 42.408707 ], [ -83.054405, 42.408872 ], [ -83.055207, 42.408944 ], [ -83.056117, 42.409028 ], [ -83.05616, 42.409025 ], [ -83.056202, 42.409015 ], [ -83.056917, 42.408752 ], [ -83.057071, 42.408981 ], [ -83.057299, 42.409319 ], [ -83.057788, 42.410045 ], [ -83.058275, 42.410766 ], [ -83.05856, 42.411185 ], [ -83.058779, 42.411507 ] ] ] } },
{ "type": "Feature", "properties": { "GEOID": "261635042001", "NAME": "15000US261635042001", "population": 1557, "acs_year": "2020-2024", "ALAND": 1006231, "AWATER": 0, "walk_minutes": 25.527361583850048, "access_bin": "> 20 min", "within_15": false, "tract": "26163504200" }, "geometry": { "type": "Polygon", "coordinates": [ [ [ -82.979356, 42.412158 ], [ -82.976536, 42.413137 ], [ -82.973826, 42.414077 ], [ -82.971235, 42.414974 ], [ -82.971097, 42.414994 ], [ -82.970974, 42.414802 ], [ -82.9705, 42.414068 ], [ -82.970416, 42.413939 ], [ -82.969886, 42.413113 ], [ -82.969312, 42.412226 ], [ -82.968641, 42.411188 ], [ -82.968035, 42.410248 ], [ -82.967479, 42.409384 ], [ -82.966995, 42.408632 ], [ -82.966522, 42.407897 ], [ -82.96626, 42.407491 ], [ -82.966086, 42.407221 ], [ -82.965661, 42.40656 ], [ -82.965492, 42.406298 ], [ -82.965379, 42.406101 ], [ -82.965029, 42.405494 ], [ -82.96499, 42.405407 ], [ -82.964951, 42.405318 ], [ -82.964589, 42.404663 ], [ -82.964596, 42.404501 ], [ -82.964592, 42.404424 ], [ -82.964579, 42.404347 ], [ -82.96455, 42.404254 ], [ -82.964538, 42.404223 ], [ -82.964457, 42.404077 ], [ -82.964403, 42.403979 ], [ -82.964298, 42.403822 ], [ -82.964937, 42.403611 ], [ -82.965358, 42.403497 ], [ -82.967103, 42.403046 ], [ -82.967975, 42.402848 ], [ -82.96892, 42.402588 ], [ -82.973106, 42.401595 ], [ -82.973294, 42.40193 ], [ -82.97337, 42.402086 ], [ -82.973738, 42.402836 ], [ -82.974089, 42.40354 ], [ -82.974479, 42.40433 ], [ -82.974803, 42.404964 ], [ -82.974844, 42.405029 ], [ -82.975313, 42.405769 ], [ -82.975789, 42.406525 ], [ -82.976331, 42.407385 ], [ -82.976926, 42.408329 ], [ -82.977561, 42.409329 ], [ -82.978149, 42.410256 ], [ -82.978749, 42.411203 ], [ -82.979237, 42.411973 ], [ -82.979296, 42.412066 ], [ -82.979356, 42.412158 ] ] ] } },
{ "type": "Feature", "properties": { "GEOID": "261635043002", "NAME": "15000US261635043002", "population": 712, "acs_year": "2020-2024", "ALAND": 348127, "AWATER": 0, "walk_minutes": 20.236814043690355, "access_bin": "> 20 min", "within_15": false, "tract": "26163504300" }, "geometry": { "type": "Polygon", "coordinates": [ [ [ -82.987563, 42.409304 ], [ -82.984749, 42.410283 ], [ -82.982041, 42.411225 ], [ -82.979356, 42.412158 ], [ -82.979296, 42.412066 ], [ -82.979237, 42.411973 ], [ -82.978749, 42.411203 ], [ -82.978149, 42.410256 ], [ -82.977561, 42.409329 ], [ -82.976926, 42.408329 ], [ -82.976331, 42.407385 ], [ -82.97905, 42.406447 ], [ -82.981772, 42.405509 ], [ -82.982372, 42.406453 ], [ -82.982995, 42.407439 ], [ -82.983569, 42.408369 ], [ -82.986384, 42.40739 ], [ -82.986957, 42.408349 ], [ -82.987447, 42.409122 ], [ -82.987563, 42.409304 ] ] ] } },
{ "type": "Feature", "properties": { "GEOID": "261635068001", "NAME": "15000US261635068001", "population": 2225, "acs_year": "2020-2024", "ALAND": 592566, "AWATER": 0, "walk_minutes": 22.624701100893617, "access_bin": "> 20 min", "within_15": false, "tract": "26163506800" }, "geometry": { "type": "Polygon", "coordinates": [ [ [ -83.071046, 42.447175 ], [ -83.070825, 42.447178 ], [ -83.070582, 42.447181 ], [ -83.070362, 42.447183 ], [ -83.070034, 42.447187 ], [ -83.069942, 42.447188 ], [ -83.06947, 42.447193 ], [ -83.069281, 42.447195 ], [ -83.069025, 42.447197 ], [ -83.068797, 42.4472 ], [ -83.068353, 42.447206 ], [ -83.068197, 42.447208 ], [ -83.067992, 42.447211 ], [ -83.067497, 42.447217 ], [ -83.067125, 42.447222 ], [ -83.066941, 42.447224 ], [ -83.066603, 42.447227 ], [ -83.066412, 42.447229 ], [ -83.066062, 42.447233 ], [ -83.065926, 42.447234 ], [ -83.065722, 42.447236 ], [ -83.065626, 42.447237 ], [ -83.065118, 42.447244 ], [ -83.064991, 42.447246 ], [ -83.064936, 42.447247 ], [ -83.063877, 42.447258 ], [ -83.062839, 42.447288 ], [ -83.062786, 42.447289 ], [ -83.062657, 42.447293 ], [ -83.06221, 42.447305 ], [ -83.062049, 42.447309 ], [ -83.061678, 42.447318 ], [ -83.061656, 42.446697 ], [ -83.061632, 42.445828 ], [ -83.061545, 42.444018 ], [ -83.061455, 42.44221 ], [ -83.061375, 42.440573 ], [ -83.061363, 42.440371 ], [ -83.062513, 42.440342 ], [ -83.063555, 42.440328 ], [ -83.064567, 42.440315 ], [ -83.065551, 42.440306 ], [ -83.066565, 42.440289 ], [ -83.067603, 42.440269 ], [ -83.068633, 42.440247 ], [ -83.069644, 42.440226 ], [ -83.070639, 42.440207 ], [ -83.070658, 42.44041 ], [ -83.070811, 42.442653 ], [ -83.070892, 42.443925 ], [ -83.070952, 42.445106 ], [ -83.071046, 42.447175 ] ] ] } },
{ "type": "Feature", "properties": { "GEOID": "261635068002", "NAME": "15000US261635068002", "population": 2037, "acs_year": "2020-2024", "ALAND": 667888, "AWATER": 0, "walk_minutes": 12.682788564771196, "access_bin": "<= 15 min", "within_15": true, "tract": "26163506800" }, "geometry": { "type": "Polygon", "coordinates": [ [ [ -83.083393, 42.447153 ], [ -83.081287, 42.447065 ], [ -83.081037, 42.447055 ], [ -83.080163, 42.447066 ], [ -83.079798, 42.44707 ], [ -83.07963, 42.447072 ], [ -83.079089, 42.447078 ], [ -83.078733, 42.447082 ], [ -83.077997, 42.447091 ], [ -83.077861, 42.447093 ], [ -83.077754, 42.447094 ], [ -83.07691, 42.447104 ], [ -83.07664, 42.447107 ], [ -83.075413, 42.447119 ], [ -83.075073, 42.447123 ], [ -83.074182, 42.447133 ], [ -83.074076, 42.447135 ], [ -83.073609, 42.447142 ], [ -83.073525, 42.447143 ], [ -83.073159, 42.447148 ], [ -83.073023, 42.44715 ], [ -83.07284, 42.447152 ], [ -83.072496, 42.447156 ], [ -83.072336, 42.447158 ], [ -83.072037, 42.447162 ], [ -83.07187, 42.447164 ], [ -83.071469, 42.447169 ], [ -83.071431, 42.44717 ], [ -83.071046, 42.447175 ], [ -83.070952, 42.445106 ], [ -83.070892, 42.443925 ], [ -83.070811, 42.442653 ], [ -83.070658, 42.44041 ], [ -83.070639, 42.440207 ], [ -83.071637, 42.440191 ], [ -83.072634, 42.440175 ], [ -83.073742, 42.440156 ], [ -83.074968, 42.440135 ], [ -83.076194, 42.440114 ], [ -83.077419, 42.440093 ], [ -83.078812, 42.440067 ], [ -83.078957, 42.440269 ], [ -83.080588, 42.442533 ], [ -83.081708, 42.444092 ], [ -83.082319, 42.444954 ], [ -83.083153, 42.446119 ], [ -83.083266, 42.446333 ], [ -83.083339, 42.446656 ], [ -83.083358, 42.446803 ], [ -83.083386, 42.44702 ], [ -83.083393, 42.447153 ] ] ] } },
{ "type": "Feature", "properties": { "GEOID": "261635132002", "NAME": "15000US261635132002", "population": 930, "acs_year": "2020-2024", "ALAND": 498184, "AWATER": 0, "walk_minutes": 28.91731246094178, "access_bin": "> 20 min", "within_15": false, "tract": "26163513200" }, "geometry": { "type": "Polygon", "coordinates": [ [ [ -82.94633, 42.372068 ], [ -82.94572, 42.37232 ], [ -82.945249, 42.372515 ], [ -82.944527, 42.372812 ], [ -82.94416, 42.372963 ], [ -82.943367, 42.373289 ], [ -82.943184, 42.373364 ], [ -82.942195, 42.373773 ], [ -82.941345, 42.374116 ], [ -82.941133, 42.374201 ], [ -82.940423, 42.374494 ], [ -82.940377, 42.374513 ], [ -82.940219, 42.374579 ], [ -82.93953, 42.374875 ], [ -82.939134, 42.375038 ], [ -82.93891, 42.37514 ], [ -82.938762, 42.374742 ], [ -82.937402, 42.372693 ], [ -82.935543, 42.36993 ], [ -82.934977, 42.369075 ], [ -82.935541, 42.368849 ], [ -82.935795, 42.368765 ], [ -82.935911, 42.368725 ], [ -82.935959, 42.368707 ], [ -82.936254, 42.368594 ], [ -82.937278, 42.368221 ], [ -82.938181, 42.367895 ], [ -82.938297, 42.367849 ], [ -82.938411, 42.367803 ], [ -82.939505, 42.367408 ], [ -82.940698, 42.36698 ], [ -82.941919, 42.366536 ], [ -82.943763, 42.36934 ], [ -82.944775, 42.368977 ], [ -82.946696, 42.371917 ], [ -82.94633, 42.372068 ] ] ] } },
{ "type": "Feature", "properties": { "GEOID": "261635133002", "NAME": "15000US261635133002", "population": 1094, "acs_year": "2020-2024", "ALAND": 462912, "AWATER": 0, "walk_minutes": 40.417231609547784, "access_bin": "> 20 min", "within_15": false, "tract": "26163513300" }, "geometry": { "type": "Polygon", "coordinates": [ [ [ -82.946681, 42.363278 ], [ -82.94584, 42.363578 ], [ -82.945533, 42.363688 ], [ -82.944912, 42.36391 ], [ -82.944268, 42.364141 ], [ -82.943954, 42.364254 ], [ -82.943175, 42.364534 ], [ -82.942995, 42.364599 ], [ -82.942203, 42.364881 ], [ -82.942254, 42.364961 ], [ -82.942406, 42.365341 ], [ -82.942438, 42.365406 ], [ -82.942468, 42.365454 ], [ -82.942507, 42.365502 ], [ -82.942918, 42.366136 ], [ -82.942915, 42.366172 ], [ -82.943286, 42.366521 ], [ -82.943276, 42.366573 ], [ -82.943281, 42.366654 ], [ -82.943302, 42.366717 ], [ -82.944385, 42.368374 ], [ -82.944404, 42.368412 ], [ -82.944429, 42.368445 ], [ -82.944461, 42.368473 ], [ -82.944529, 42.368511 ], [ -82.944567, 42.368521 ], [ -82.944775, 42.368977 ], [ -82.943763, 42.36934 ], [ -82.941919, 42.366536 ], [ -82.940698, 42.36698 ], [ -82.93924, 42.364761 ], [ -82.938116, 42.363046 ], [ -82.936474, 42.360557 ], [ -82.936931, 42.360391 ], [ -82.937701, 42.360111 ], [ -82.938809, 42.359714 ], [ -82.939771, 42.359368 ], [ -82.940874, 42.358974 ], [ -82.942135, 42.358519 ], [ -82.943284, 42.358105 ], [ -82.944921, 42.360603 ], [ -82.946049, 42.362313 ], [ -82.94654, 42.36306 ], [ -82.946681, 42.363278 ] ] ] } },
{ "type": "Feature", "properties": { "GEOID": "261635133001", "NAME": "15000US261635133001", "population": 940, "acs_year": "2020-2024", "ALAND": 1156545, "AWATER": 1704615, "walk_minutes": 47.677129324655652, "access_bin": "> 20 min", "within_15": false, "tract": "26163513300" }, "geometry": { "type": "Polygon", "coordinates": [ [ [ -82.957867, 42.364272 ], [ -82.957535, 42.364391 ], [ -82.956646, 42.364712 ], [ -82.954809, 42.361902 ], [ -82.953924, 42.362229 ], [ -82.952869, 42.360614 ], [ -82.951987, 42.360933 ], [ -82.951752, 42.361016 ], [ -82.951055, 42.361236 ], [ -82.950181, 42.361516 ], [ -82.950152, 42.361542 ], [ -82.949695, 42.361711 ], [ -82.949157, 42.361937 ], [ -82.949022, 42.361962 ], [ -82.948886, 42.361986 ], [ -82.948535, 42.362078 ], [ -82.948408, 42.362095 ], [ -82.948305, 42.362093 ], [ -82.948274, 42.362149 ], [ -82.948201, 42.362196 ], [ -82.947723, 42.362384 ], [ -82.947199, 42.362549 ], [ -82.947038, 42.362626 ], [ -82.947014, 42.362641 ], [ -82.946875, 42.362728 ], [ -82.946728, 42.362864 ], [ -82.94654, 42.36306 ], [ -82.946049, 42.362313 ], [ -82.944921, 42.360603 ], [ -82.943284, 42.358105 ], [ -82.942135, 42.358519 ], [ -82.940874, 42.358974 ], [ -82.939771, 42.359368 ], [ -82.938809, 42.359714 ], [ -82.937701, 42.360111 ], [ -82.936931, 42.360391 ], [ -82.936474, 42.360557 ], [ -82.935285, 42.360988 ], [ -82.934067, 42.361428 ], [ -82.933028, 42.361805 ], [ -82.932519, 42.361991 ], [ -82.932007, 42.362178 ], [ -82.931502, 42.361409 ], [ -82.931143, 42.361537 ], [ -82.931062, 42.361544 ], [ -82.930894, 42.361535 ], [ -82.930697, 42.361525 ], [ -82.930293, 42.360914 ], [ -82.930005, 42.360481 ], [ -82.929962, 42.360365 ], [ -82.928566, 42.358295 ], [ -82.928438, 42.3581 ], [ -82.928519, 42.358071 ], [ -82.928671, 42.358012 ], [ -82.927745, 42.357002 ], [ -82.927258, 42.356476 ], [ -82.927241, 42.356454 ], [ -82.92514, 42.353607 ], [ -82.924174, 42.352298 ], [ -82.924047, 42.352123 ], [ -82.924541, 42.352018 ], [ -82.925944, 42.351719 ], [ -82.926288, 42.351647 ], [ -82.931699, 42.350487 ], [ -82.940137, 42.34858 ], [ -82.940979, 42.34839 ], [ -82.941572, 42.348256 ], [ -82.945485, 42.347396 ], [ -82.948108, 42.346042 ], [ -82.94815, 42.346121 ], [ -82.949473, 42.348541 ], [ -82.951679, 42.352573 ], [ -82.952915, 42.354868 ], [ -82.956511, 42.361323 ], [ -82.956659, 42.361555 ], [ -82.958135, 42.363932 ], [ -82.957867, 42.364272 ] ] ] } },
{ "type": "Feature", "properties": { "GEOID": "261635137002", "NAME": "15000US261635137002", "population": 1279, "acs_year": "2020-2024", "ALAND": 2135556, "AWATER": 595580, "walk_minutes": 12.170980929211259, "access_bin": "<= 15 min", "within_15": true, "tract": "26163513700" }, "geometry": { "type": "Polygon", "coordinates": [ [ [ -82.978013, 42.363473 ], [ -82.977141, 42.363886 ], [ -82.97692, 42.363992 ], [ -82.976311, 42.364282 ], [ -82.975673, 42.364584 ], [ -82.975477, 42.364676 ], [ -82.974639, 42.365075 ], [ -82.973729, 42.365507 ], [ -82.972836, 42.365932 ], [ -82.972094, 42.366285 ], [ -82.971986, 42.366336 ], [ -82.971657, 42.366493 ], [ -82.97143, 42.366593 ], [ -82.97123, 42.366681 ], [ -82.970611, 42.366982 ], [ -82.969772, 42.367389 ], [ -82.969503, 42.367517 ], [ -82.969235, 42.367627 ], [ -82.968981, 42.367721 ], [ -82.967683, 42.368201 ], [ -82.966717, 42.368555 ], [ -82.96565, 42.368953 ], [ -82.96513, 42.369144 ], [ -82.964992, 42.369188 ], [ -82.964932, 42.369208 ], [ -82.964798, 42.369232 ], [ -82.961896, 42.369656 ], [ -82.961297, 42.369726 ], [ -82.959994, 42.36988 ], [ -82.959384, 42.369952 ], [ -82.958905, 42.370001 ], [ -82.958728, 42.369515 ], [ -82.958689, 42.369265 ], [ -82.958702, 42.369012 ], [ -82.958731, 42.368909 ], [ -82.958765, 42.368787 ], [ -82.958811, 42.368698 ], [ -82.958874, 42.368577 ], [ -82.959025, 42.368361 ], [ -82.959467, 42.367756 ], [ -82.95952, 42.367671 ], [ -82.959574, 42.367514 ], [ -82.959617, 42.367302 ], [ -82.959618, 42.367138 ], [ -82.959572, 42.366918 ], [ -82.959504, 42.366754 ], [ -82.959238, 42.36634 ], [ -82.958435, 42.365124 ], [ -82.957867, 42.364272 ], [ -82.958135, 42.363932 ], [ -82.956659, 42.361555 ], [ -82.956511, 42.361323 ], [ -82.952915, 42.354868 ], [ -82.951679, 42.352573 ], [ -82.952776, 42.352372 ], [ -82.963748, 42.35278 ], [ -82.967523, 42.352922 ], [ -82.971017, 42.353239 ], [ -82.97202, 42.353359 ], [ -82.973363, 42.355328 ], [ -82.974722, 42.357197 ], [ -82.975259, 42.357967 ], [ -82.978884, 42.363058 ], [ -82.978013, 42.363473 ] ] ] } },
{ "type": "Feature", "properties": { "GEOID": "261635154002", "NAME": "15000US261635154002", "population": 954, "acs_year": "2020-2024", "ALAND": 409461, "AWATER": 0, "walk_minutes": 3.7618844116377037, "access_bin": "<= 5 min", "within_15": true, "tract": "26163515400" }, "geometry": { "type": "Polygon", "coordinates": [ [ [ -82.997938, 42.359172 ], [ -82.997173, 42.359476 ], [ -82.995727, 42.360051 ], [ -82.994281, 42.360622 ], [ -82.993108, 42.361087 ], [ -82.992269, 42.359913 ], [ -82.991958, 42.359478 ], [ -82.991852, 42.359339 ], [ -82.991391, 42.358702 ], [ -82.99094, 42.358078 ], [ -82.990629, 42.357645 ], [ -82.990438, 42.357381 ], [ -82.990021, 42.356803 ], [ -82.989621, 42.35625 ], [ -82.988993, 42.355379 ], [ -82.989604, 42.3549 ], [ -82.989804, 42.354744 ], [ -82.98996, 42.354622 ], [ -82.990443, 42.354263 ], [ -82.991208, 42.353776 ], [ -82.992481, 42.352952 ], [ -82.994025, 42.351953 ], [ -82.994523, 42.352646 ], [ -82.99432, 42.352712 ], [ -82.994268, 42.352766 ], [ -82.99432, 42.352878 ], [ -82.994494, 42.353107 ], [ -82.9946, 42.353246 ], [ -82.994911, 42.353726 ], [ -82.996124, 42.355465 ], [ -82.996844, 42.356467 ], [ -82.997329, 42.357138 ], [ -82.998603, 42.358909 ], [ -82.997938, 42.359172 ] ] ] } },
{ "type": "Feature", "properties": { "GEOID": "261635316001", "NAME": "15000US261635316001", "population": 573, "acs_year": "2020-2024", "ALAND": 235557, "AWATER": 0, "walk_minutes": 6.6327345081396523, "access_bin": "<= 10 min", "within_15": true, "tract": "26163531600" }, "geometry": { "type": "Polygon", "coordinates": [ [ [ -83.132441, 42.392081 ], [ -83.129022, 42.393342 ], [ -83.126313, 42.394341 ], [ -83.123587, 42.395336 ], [ -83.123106, 42.394621 ], [ -83.122582, 42.393844 ], [ -83.12203, 42.393019 ], [ -83.124733, 42.392013 ], [ -83.124931, 42.39194 ], [ -83.127253, 42.391078 ], [ -83.127442, 42.391012 ], [ -83.130873, 42.389743 ], [ -83.131431, 42.390576 ], [ -83.131953, 42.391354 ], [ -83.132441, 42.392081 ] ] ] } },
{ "type": "Feature", "properties": { "GEOID": "261635018001", "NAME": "15000US261635018001", "population": 2443, "acs_year": "2020-2024", "ALAND": 696846, "AWATER": 0, "walk_minutes": 17.129621550542531, "access_bin": "<= 20 min", "within_15": false, "tract": "26163501800" }, "geometry": { "type": "Polygon", "coordinates": [ [ [ -82.935237, 42.404093 ], [ -82.934112, 42.404504 ], [ -82.933098, 42.404874 ], [ -82.932051, 42.405261 ], [ -82.930882, 42.405689 ], [ -82.92983, 42.406075 ], [ -82.929273, 42.405248 ], [ -82.928841, 42.404601 ], [ -82.928706, 42.404397 ], [ -82.928399, 42.403932 ], [ -82.927981, 42.4033 ], [ -82.927551, 42.402645 ], [ -82.927125, 42.401998 ], [ -82.92667, 42.401307 ], [ -82.926266, 42.400693 ], [ -82.925829, 42.400031 ], [ -82.925198, 42.399075 ], [ -82.923966, 42.397206 ], [ -82.92375, 42.396879 ], [ -82.923538, 42.396559 ], [ -82.923102, 42.395899 ], [ -82.922399, 42.394829 ], [ -82.923465, 42.394432 ], [ -82.924442, 42.394055 ], [ -82.92462, 42.393982 ], [ -82.925353, 42.393696 ], [ -82.925692, 42.393564 ], [ -82.926482, 42.393256 ], [ -82.926671, 42.393182 ], [ -82.927261, 42.392951 ], [ -82.927795, 42.392733 ], [ -82.929213, 42.3949 ], [ -82.930651, 42.3971 ], [ -82.932086, 42.399293 ], [ -82.934132, 42.402409 ], [ -82.935237, 42.404093 ] ] ] } },
{ "type": "Feature", "properties": { "GEOID": "261635366001", "NAME": "15000US261635366001", "population": 352, "acs_year": "2020-2024", "ALAND": 859271, "AWATER": 0, "walk_minutes": 19.144939570669425, "access_bin": "<= 20 min", "within_15": false, "tract": "26163536600" }, "geometry": { "type": "Polygon", "coordinates": [ [ [ -83.169053, 42.395031 ], [ -83.163607, 42.39515 ], [ -83.163205, 42.395155 ], [ -83.162535, 42.395173 ], [ -83.161802, 42.395197 ], [ -83.161472, 42.395203 ], [ -83.160939, 42.395213 ], [ -83.160407, 42.395223 ], [ -83.15935, 42.39524 ], [ -83.1593, 42.393865 ], [ -83.159297, 42.393776 ], [ -83.159293, 42.393688 ], [ -83.159238, 42.392243 ], [ -83.15921, 42.39165 ], [ -83.159153, 42.390297 ], [ -83.159071, 42.388501 ], [ -83.159059, 42.388253 ], [ -83.158998, 42.386066 ], [ -83.158993, 42.385901 ], [ -83.158985, 42.385615 ], [ -83.158979, 42.385423 ], [ -83.159102, 42.385422 ], [ -83.163223, 42.385446 ], [ -83.165553, 42.385448 ], [ -83.165864, 42.385443 ], [ -83.167038, 42.385402 ], [ -83.167636, 42.385369 ], [ -83.168198, 42.385332 ], [ -83.168602, 42.385283 ], [ -83.168609, 42.38547 ], [ -83.168622, 42.385801 ], [ -83.168721, 42.388248 ], [ -83.168811, 42.390056 ], [ -83.168875, 42.391417 ], [ -83.168963, 42.393188 ], [ -83.168974, 42.393402 ], [ -83.168981, 42.393546 ], [ -83.168982, 42.393571 ], [ -83.168987, 42.393675 ], [ -83.168989, 42.393722 ], [ -83.169025, 42.394461 ], [ -83.169053, 42.395031 ] ] ] } },
{ "type": "Feature", "properties": { "GEOID": "261635457002", "NAME": "15000US261635457002", "population": 1704, "acs_year": "2020-2024", "ALAND": 428310, "AWATER": 0, "walk_minutes": 39.937664437519388, "access_bin": "> 20 min", "within_15": false, "tract": "26163545700" }, "geometry": { "type": "Polygon", "coordinates": [ [ [ -83.235105, 42.335834 ], [ -83.234765, 42.335864 ], [ -83.233848, 42.33588 ], [ -83.232643, 42.335897 ], [ -83.231449, 42.33591 ], [ -83.230233, 42.335933 ], [ -83.229046, 42.335947 ], [ -83.227851, 42.335966 ], [ -83.226632, 42.335983 ], [ -83.225412, 42.336003 ], [ -83.225404, 42.335686 ], [ -83.225397, 42.335368 ], [ -83.225376, 42.334414 ], [ -83.225308, 42.332379 ], [ -83.225266, 42.33091 ], [ -83.225223, 42.329442 ], [ -83.225209, 42.329044 ], [ -83.225188, 42.328942 ], [ -83.225029, 42.328815 ], [ -83.225197, 42.328809 ], [ -83.225226, 42.328812 ], [ -83.225329, 42.328948 ], [ -83.225606, 42.329369 ], [ -83.22645, 42.330578 ], [ -83.227707, 42.332377 ], [ -83.227913, 42.332607 ], [ -83.228525, 42.332382 ], [ -83.228942, 42.332229 ], [ -83.23009, 42.331798 ], [ -83.230118, 42.331788 ], [ -83.231268, 42.33133 ], [ -83.23245, 42.33087 ], [ -83.234654, 42.329843 ], [ -83.234981, 42.32983 ], [ -83.235006, 42.330776 ], [ -83.234937, 42.33199 ], [ -83.234951, 42.332266 ], [ -83.234972, 42.332727 ], [ -83.235, 42.333043 ], [ -83.235046, 42.33427 ], [ -83.235105, 42.335834 ] ] ] } },
{ "type": "Feature", "properties": { "GEOID": "261635393002", "NAME": "15000US261635393002", "population": 2470, "acs_year": "2020-2024", "ALAND": 669422, "AWATER": 0, "walk_minutes": 14.941769848546702, "access_bin": "<= 15 min", "within_15": true, "tract": "26163539300" }, "geometry": { "type": "Polygon", "coordinates": [ [ [ -83.194161, 42.437836 ], [ -83.193941, 42.437834 ], [ -83.192811, 42.437871 ], [ -83.19159, 42.437913 ], [ -83.190355, 42.437956 ], [ -83.18921, 42.437999 ], [ -83.187937, 42.43805 ], [ -83.186732, 42.438097 ], [ -83.185554, 42.438141 ], [ -83.18439, 42.438186 ], [ -83.183183, 42.438233 ], [ -83.181977, 42.438278 ], [ -83.180759, 42.438322 ], [ -83.18069, 42.436445 ], [ -83.180627, 42.43476 ], [ -83.18062, 42.43456 ], [ -83.180556, 42.432869 ], [ -83.180524, 42.431556 ], [ -83.180507, 42.431078 ], [ -83.181683, 42.431035 ], [ -83.182859, 42.430995 ], [ -83.184036, 42.43095 ], [ -83.185208, 42.430906 ], [ -83.186377, 42.430859 ], [ -83.186636, 42.430846 ], [ -83.186946, 42.430832 ], [ -83.187158, 42.430821 ], [ -83.187712, 42.431343 ], [ -83.188435, 42.432047 ], [ -83.189744, 42.433391 ], [ -83.19049, 42.434131 ], [ -83.190787, 42.434415 ], [ -83.193954, 42.437447 ], [ -83.194372, 42.43783 ], [ -83.194161, 42.437836 ] ] ] } },
{ "type": "Feature", "properties": { "GEOID": "261635238004", "NAME": "15000US261635238004", "population": 909, "acs_year": "2020-2024", "ALAND": 262234, "AWATER": 0, "walk_minutes": 19.629332795209987, "access_bin": "<= 20 min", "within_15": false, "tract": "26163523800" }, "geometry": { "type": "Polygon", "coordinates": [ [ [ -83.111751, 42.310326 ], [ -83.111112, 42.310597 ], [ -83.11011, 42.311025 ], [ -83.109873, 42.311127 ], [ -83.1092, 42.311411 ], [ -83.108628, 42.311642 ], [ -83.107447, 42.312111 ], [ -83.106806, 42.311227 ], [ -83.106163, 42.310341 ], [ -83.105534, 42.309475 ], [ -83.104902, 42.3086 ], [ -83.104543, 42.308108 ], [ -83.104295, 42.307768 ], [ -83.105224, 42.307264 ], [ -83.105763, 42.307 ], [ -83.106295, 42.306767 ], [ -83.107163, 42.306409 ], [ -83.107838, 42.306144 ], [ -83.109165, 42.305626 ], [ -83.109415, 42.305969 ], [ -83.109901, 42.30664 ], [ -83.111144, 42.308349 ], [ -83.11239, 42.310062 ], [ -83.111751, 42.310326 ] ] ] } },
{ "type": "Feature", "properties": { "GEOID": "261635403003", "NAME": "15000US261635403003", "population": 1724, "acs_year": "2020-2024", "ALAND": 502724, "AWATER": 0, "walk_minutes": 15.141188893218954, "access_bin": "<= 20 min", "within_15": false, "tract": "26163540300" }, "geometry": { "type": "Polygon", "coordinates": [ [ [ -83.207364, 42.430312 ], [ -83.206312, 42.430326 ], [ -83.205253, 42.430338 ], [ -83.204136, 42.430351 ], [ -83.203125, 42.430363 ], [ -83.202899, 42.430365 ], [ -83.202049, 42.43038 ], [ -83.201307, 42.430395 ], [ -83.200963, 42.430402 ], [ -83.199874, 42.430422 ], [ -83.199801, 42.428578 ], [ -83.19973, 42.426774 ], [ -83.19966, 42.424967 ], [ -83.199588, 42.423155 ], [ -83.200178, 42.423141 ], [ -83.201026, 42.423127 ], [ -83.202407, 42.423097 ], [ -83.203794, 42.423072 ], [ -83.204969, 42.42305 ], [ -83.206055, 42.42303 ], [ -83.207137, 42.42301 ], [ -83.207209, 42.424815 ], [ -83.20728, 42.426661 ], [ -83.207351, 42.428476 ], [ -83.20742, 42.43021 ], [ -83.207364, 42.430312 ] ] ] } },
{ "type": "Feature", "properties": { "GEOID": "261635035001", "NAME": "15000US261635035001", "population": 1354, "acs_year": "2020-2024", "ALAND": 728893, "AWATER": 0, "walk_minutes": 21.778469605969587, "access_bin": "> 20 min", "within_15": false, "tract": "26163503500" }, "geometry": { "type": "Polygon", "coordinates": [ [ [ -83.004692, 42.434426 ], [ -83.003453, 42.434462 ], [ -83.002442, 42.434487 ], [ -83.002234, 42.434487 ], [ -83.001019, 42.434529 ], [ -82.999766, 42.434578 ], [ -82.998524, 42.434609 ], [ -82.997292, 42.43464 ], [ -82.996043, 42.434673 ], [ -82.994859, 42.434703 ], [ -82.993634, 42.43473 ], [ -82.993562, 42.432919 ], [ -82.993489, 42.431103 ], [ -82.99342, 42.42929 ], [ -82.993347, 42.427547 ], [ -82.993374, 42.427472 ], [ -82.994573, 42.427445 ], [ -82.995759, 42.427421 ], [ -82.997006, 42.427392 ], [ -82.99824, 42.427364 ], [ -82.999457, 42.427336 ], [ -83.000682, 42.427309 ], [ -83.001902, 42.427282 ], [ -83.003121, 42.427255 ], [ -83.004318, 42.427228 ], [ -83.004341, 42.427767 ], [ -83.004408, 42.429021 ], [ -83.004502, 42.430841 ], [ -83.004593, 42.432642 ], [ -83.00467, 42.434042 ], [ -83.004692, 42.434426 ] ] ] } },
{ "type": "Feature", "properties": { "GEOID": "261635334001", "NAME": "15000US261635334001", "population": 386, "acs_year": "2020-2024", "ALAND": 437177, "AWATER": 0, "walk_minutes": 26.733445230117724, "access_bin": "> 20 min", "within_15": false, "tract": "26163533400" }, "geometry": { "type": "Polygon", "coordinates": [ [ [ -83.130964, 42.364811 ], [ -83.130881, 42.364926 ], [ -83.130674, 42.365208 ], [ -83.130597, 42.365261 ], [ -83.130489, 42.365307 ], [ -83.128705, 42.365968 ], [ -83.12781, 42.366307 ], [ -83.126913, 42.366637 ], [ -83.126568, 42.366779 ], [ -83.125833, 42.367057 ], [ -83.124899, 42.367417 ], [ -83.124503, 42.367566 ], [ -83.123696, 42.367866 ], [ -83.12338, 42.367985 ], [ -83.12313, 42.368079 ], [ -83.122498, 42.368318 ], [ -83.122059, 42.368483 ], [ -83.12159, 42.368659 ], [ -83.121125, 42.367972 ], [ -83.12068, 42.367317 ], [ -83.120236, 42.366662 ], [ -83.119778, 42.365986 ], [ -83.119258, 42.365212 ], [ -83.119529, 42.364734 ], [ -83.119619, 42.364576 ], [ -83.119834, 42.364199 ], [ -83.120473, 42.363074 ], [ -83.121027, 42.36199 ], [ -83.12124, 42.361696 ], [ -83.121301, 42.361596 ], [ -83.12142, 42.361487 ], [ -83.121501, 42.361441 ], [ -83.121715, 42.361355 ], [ -83.122003, 42.361231 ], [ -83.122227, 42.361146 ], [ -83.122932, 42.36143 ], [ -83.124832, 42.362197 ], [ -83.125809, 42.362585 ], [ -83.127135, 42.363042 ], [ -83.127486, 42.363173 ], [ -83.1276, 42.363214 ], [ -83.128736, 42.363646 ], [ -83.129117, 42.363784 ], [ -83.129835, 42.364054 ], [ -83.130577, 42.364319 ], [ -83.130813, 42.364403 ], [ -83.131168, 42.36453 ], [ -83.130964, 42.364811 ] ] ] } },
{ "type": "Feature", "properties": { "GEOID": "261635459001", "NAME": "15000US261635459001", "population": 1410, "acs_year": "2020-2024", "ALAND": 641819, "AWATER": 0, "walk_minutes": 25.919902745455389, "access_bin": "> 20 min", "within_15": false, "tract": "26163545900" }, "geometry": { "type": "Polygon", "coordinates": [ [ [ -83.235652, 42.350334 ], [ -83.234426, 42.350351 ], [ -83.233225, 42.35037 ], [ -83.232004, 42.350387 ], [ -83.23079, 42.350405 ], [ -83.229584, 42.350421 ], [ -83.228364, 42.350438 ], [ -83.22716, 42.350455 ], [ -83.225932, 42.350473 ], [ -83.22579, 42.346941 ], [ -83.225646, 42.343278 ], [ -83.226873, 42.34326 ], [ -83.228087, 42.34324 ], [ -83.229298, 42.343221 ], [ -83.230504, 42.343202 ], [ -83.231711, 42.343183 ], [ -83.232922, 42.343165 ], [ -83.234129, 42.343145 ], [ -83.235387, 42.343126 ], [ -83.235522, 42.346804 ], [ -83.235652, 42.350334 ] ] ] } },
{ "type": "Feature", "properties": { "GEOID": "261635069003", "NAME": "15000US261635069003", "population": 704, "acs_year": "2020-2024", "ALAND": 385020, "AWATER": 0, "walk_minutes": 6.1032032715434577, "access_bin": "<= 10 min", "within_15": true, "tract": "26163506900" }, "geometry": { "type": "Polygon", "coordinates": [ [ [ -83.078812, 42.440067 ], [ -83.077419, 42.440093 ], [ -83.076194, 42.440114 ], [ -83.074968, 42.440135 ], [ -83.073742, 42.440156 ], [ -83.072634, 42.440175 ], [ -83.071637, 42.440191 ], [ -83.070639, 42.440207 ], [ -83.070628, 42.44008 ], [ -83.070503, 42.43794 ], [ -83.070366, 42.435582 ], [ -83.070214, 42.432973 ], [ -83.070905, 42.432959 ], [ -83.071208, 42.432952 ], [ -83.071993, 42.432937 ], [ -83.072205, 42.432935 ], [ -83.07353, 42.432929 ], [ -83.073673, 42.432929 ], [ -83.075053, 42.434838 ], [ -83.075526, 42.435494 ], [ -83.076329, 42.436615 ], [ -83.077202, 42.437827 ], [ -83.077739, 42.438571 ], [ -83.078812, 42.440067 ] ] ] } },
{ "type": "Feature", "properties": { "GEOID": "261635152001", "NAME": "15000US261635152001", "population": 789, "acs_year": "2020-2024", "ALAND": 483202, "AWATER": 0, "walk_minutes": 20.353676953342465, "access_bin": "> 20 min", "within_15": false, "tract": "26163515200" }, "geometry": { "type": "Polygon", "coordinates": [ [ [ -83.009685, 42.36038 ], [ -83.009506, 42.360445 ], [ -83.008876, 42.360674 ], [ -83.007761, 42.361079 ], [ -83.00682, 42.36142 ], [ -83.005886, 42.361758 ], [ -83.004852, 42.362135 ], [ -83.004017, 42.362451 ], [ -83.003105, 42.362814 ], [ -83.002124, 42.363203 ], [ -83.001147, 42.363588 ], [ -82.999452, 42.361236 ], [ -82.998468, 42.359868 ], [ -82.998011, 42.359234 ], [ -82.997938, 42.359172 ], [ -82.998603, 42.358909 ], [ -82.998936, 42.358777 ], [ -82.999918, 42.358389 ], [ -83.00125, 42.357861 ], [ -83.00176, 42.357674 ], [ -83.002884, 42.357266 ], [ -83.003816, 42.356928 ], [ -83.004759, 42.356586 ], [ -83.005909, 42.356166 ], [ -83.006622, 42.355908 ], [ -83.007463, 42.355604 ], [ -83.008858, 42.357718 ], [ -83.010434, 42.360109 ], [ -83.009685, 42.36038 ] ] ] } },
{ "type": "Feature", "properties": { "GEOID": "261635243003", "NAME": "15000US261635243003", "population": 1770, "acs_year": "2020-2024", "ALAND": 394394, "AWATER": 0, "walk_minutes": 16.226325461998623, "access_bin": "<= 20 min", "within_15": false, "tract": "26163524300" }, "geometry": { "type": "Polygon", "coordinates": [ [ [ -83.13477, 42.301283 ], [ -83.131734, 42.302463 ], [ -83.130414, 42.302975 ], [ -83.128704, 42.303647 ], [ -83.12826, 42.303001 ], [ -83.127748, 42.302254 ], [ -83.127214, 42.30148 ], [ -83.126677, 42.300701 ], [ -83.126196, 42.300008 ], [ -83.125752, 42.299367 ], [ -83.125382, 42.29883 ], [ -83.125345, 42.298775 ], [ -83.125314, 42.298731 ], [ -83.125252, 42.29865 ], [ -83.125203, 42.298577 ], [ -83.125107, 42.298431 ], [ -83.125074, 42.298384 ], [ -83.124933, 42.29818 ], [ -83.124815, 42.298023 ], [ -83.125185, 42.297873 ], [ -83.125511, 42.297751 ], [ -83.125599, 42.297718 ], [ -83.126167, 42.297501 ], [ -83.126243, 42.297472 ], [ -83.12726, 42.29708 ], [ -83.127856, 42.296859 ], [ -83.129553, 42.296217 ], [ -83.12988, 42.296098 ], [ -83.130908, 42.295724 ], [ -83.132244, 42.297642 ], [ -83.13275, 42.298376 ], [ -83.133282, 42.299147 ], [ -83.133829, 42.299927 ], [ -83.134315, 42.30063 ], [ -83.13477, 42.301283 ] ] ] } },
{ "type": "Feature", "properties": { "GEOID": "261635065001", "NAME": "15000US261635065001", "population": 1016, "acs_year": "2020-2024", "ALAND": 413327, "AWATER": 0, "walk_minutes": 23.550294399628601, "access_bin": "> 20 min", "within_15": false, "tract": "26163506500" }, "geometry": { "type": "Polygon", "coordinates": [ [ [ -83.05332, 42.433344 ], [ -83.052691, 42.433359 ], [ -83.052296, 42.433368 ], [ -83.05145, 42.43339 ], [ -83.051276, 42.433394 ], [ -83.050465, 42.433405 ], [ -83.050229, 42.433411 ], [ -83.049234, 42.433439 ], [ -83.049112, 42.433442 ], [ -83.048202, 42.433463 ], [ -83.048076, 42.433466 ], [ -83.047121, 42.433488 ], [ -83.047034, 42.431617 ], [ -83.046952, 42.429858 ], [ -83.046938, 42.429665 ], [ -83.04686, 42.428036 ], [ -83.046782, 42.42622 ], [ -83.047319, 42.426208 ], [ -83.047857, 42.426197 ], [ -83.048937, 42.426175 ], [ -83.04996, 42.426155 ], [ -83.050981, 42.426133 ], [ -83.052001, 42.426112 ], [ -83.053025, 42.426091 ], [ -83.053059, 42.426927 ], [ -83.053098, 42.427906 ], [ -83.05317, 42.429721 ], [ -83.053243, 42.431475 ], [ -83.05332, 42.433344 ] ] ] } },
{ "type": "Feature", "properties": { "GEOID": "261635304001", "NAME": "15000US261635304001", "population": 497, "acs_year": "2020-2024", "ALAND": 214354, "AWATER": 0, "walk_minutes": 6.7764466043123859, "access_bin": "<= 10 min", "within_15": true, "tract": "26163530400" }, "geometry": { "type": "Polygon", "coordinates": [ [ [ -83.139668, 42.389348 ], [ -83.136941, 42.390379 ], [ -83.134865, 42.391163 ], [ -83.132441, 42.392081 ], [ -83.131953, 42.391354 ], [ -83.131431, 42.390576 ], [ -83.130873, 42.389743 ], [ -83.133285, 42.388811 ], [ -83.135372, 42.388044 ], [ -83.136997, 42.38741 ], [ -83.138621, 42.386775 ], [ -83.139017, 42.386564 ], [ -83.139302, 42.386513 ], [ -83.13954, 42.386493 ], [ -83.139548, 42.386691 ], [ -83.139584, 42.387493 ], [ -83.139628, 42.388455 ], [ -83.139668, 42.389348 ] ] ] } },
{ "type": "Feature", "properties": { "GEOID": "261635065002", "NAME": "15000US261635065002", "population": 1048, "acs_year": "2020-2024", "ALAND": 542616, "AWATER": 0, "walk_minutes": 16.140211949287636, "access_bin": "<= 20 min", "within_15": false, "tract": "26163506500" }, "geometry": { "type": "Polygon", "coordinates": [ [ [ -83.047121, 42.433488 ], [ -83.047027, 42.43349 ], [ -83.046016, 42.433514 ], [ -83.04495, 42.433537 ], [ -83.043823, 42.433565 ], [ -83.043392, 42.433575 ], [ -83.042718, 42.433589 ], [ -83.041658, 42.433611 ], [ -83.041473, 42.433615 ], [ -83.040356, 42.433645 ], [ -83.040187, 42.433651 ], [ -83.038948, 42.433682 ], [ -83.038875, 42.431831 ], [ -83.038795, 42.430045 ], [ -83.038737, 42.428669 ], [ -83.038707, 42.427966 ], [ -83.038639, 42.426403 ], [ -83.04001, 42.426373 ], [ -83.041342, 42.426342 ], [ -83.042421, 42.426316 ], [ -83.043059, 42.4263 ], [ -83.043482, 42.426289 ], [ -83.044635, 42.426264 ], [ -83.045708, 42.426242 ], [ -83.046782, 42.42622 ], [ -83.04686, 42.428036 ], [ -83.046938, 42.429665 ], [ -83.046952, 42.429858 ], [ -83.047034, 42.431617 ], [ -83.047121, 42.433488 ] ] ] } },
{ "type": "Feature", "properties": { "GEOID": "261635007004", "NAME": "15000US261635007004", "population": 1303, "acs_year": "2020-2024", "ALAND": 348073, "AWATER": 0, "walk_minutes": 14.255906636934245, "access_bin": "<= 15 min", "within_15": true, "tract": "26163500700" }, "geometry": { "type": "Polygon", "coordinates": [ [ [ -82.956785, 42.42972 ], [ -82.956161, 42.430542 ], [ -82.955939, 42.430837 ], [ -82.955545, 42.43136 ], [ -82.954927, 42.432177 ], [ -82.954162, 42.433187 ], [ -82.953713, 42.433775 ], [ -82.953522, 42.434004 ], [ -82.953192, 42.434404 ], [ -82.95296, 42.434657 ], [ -82.952792, 42.435049 ], [ -82.952538, 42.435387 ], [ -82.952328, 42.435667 ], [ -82.951991, 42.436119 ], [ -82.951802, 42.436373 ], [ -82.951603, 42.436297 ], [ -82.951004, 42.436272 ], [ -82.951357, 42.435809 ], [ -82.949894, 42.435207 ], [ -82.947855, 42.434373 ], [ -82.948108, 42.434035 ], [ -82.948374, 42.433682 ], [ -82.948862, 42.433031 ], [ -82.949094, 42.432721 ], [ -82.950346, 42.431059 ], [ -82.9518, 42.429146 ], [ -82.953073, 42.427464 ], [ -82.953137, 42.427405 ], [ -82.954118, 42.427807 ], [ -82.955162, 42.428234 ], [ -82.956203, 42.428665 ], [ -82.957252, 42.429101 ], [ -82.956785, 42.42972 ] ] ] } },
{ "type": "Feature", "properties": { "GEOID": "261635013002", "NAME": "15000US261635013002", "population": 1248, "acs_year": "2020-2024", "ALAND": 441444, "AWATER": 0, "walk_minutes": 15.743252207904415, "access_bin": "<= 20 min", "within_15": false, "tract": "26163501300" }, "geometry": { "type": "Polygon", "coordinates": [ [ [ -82.957841, 42.401817 ], [ -82.956792, 42.402199 ], [ -82.955774, 42.402577 ], [ -82.9546, 42.403009 ], [ -82.95361, 42.403371 ], [ -82.953039, 42.403581 ], [ -82.952071, 42.403936 ], [ -82.951039, 42.404314 ], [ -82.94992, 42.404725 ], [ -82.948906, 42.403188 ], [ -82.947835, 42.40156 ], [ -82.946729, 42.399875 ], [ -82.947828, 42.399474 ], [ -82.948842, 42.399101 ], [ -82.94981, 42.398746 ], [ -82.950374, 42.398539 ], [ -82.951357, 42.398178 ], [ -82.952385, 42.397798 ], [ -82.952534, 42.397743 ], [ -82.953337, 42.397445 ], [ -82.953617, 42.397342 ], [ -82.954492, 42.397021 ], [ -82.955844, 42.398577 ], [ -82.955963, 42.398714 ], [ -82.956167, 42.398974 ], [ -82.956812, 42.399934 ], [ -82.956902, 42.400089 ], [ -82.956965, 42.400222 ], [ -82.957542, 42.401141 ], [ -82.958102, 42.401723 ], [ -82.957841, 42.401817 ] ] ] } },
{ "type": "Feature", "properties": { "GEOID": "261635234002", "NAME": "15000US261635234002", "population": 766, "acs_year": "2020-2024", "ALAND": 230267, "AWATER": 0, "walk_minutes": 19.543338209158456, "access_bin": "<= 20 min", "within_15": false, "tract": "26163523400" }, "geometry": { "type": "Polygon", "coordinates": [ [ [ -83.096975, 42.323525 ], [ -83.096039, 42.323872 ], [ -83.096124, 42.323989 ], [ -83.09555, 42.324238 ], [ -83.095272, 42.324345 ], [ -83.094141, 42.32479 ], [ -83.094086, 42.324851 ], [ -83.094033, 42.324915 ], [ -83.093818, 42.325001 ], [ -83.093415, 42.325165 ], [ -83.092726, 42.325436 ], [ -83.091481, 42.325914 ], [ -83.090075, 42.323942 ], [ -83.089615, 42.323287 ], [ -83.089233, 42.322861 ], [ -83.089326, 42.322827 ], [ -83.090542, 42.322357 ], [ -83.091924, 42.321815 ], [ -83.093124, 42.321341 ], [ -83.093988, 42.321005 ], [ -83.094912, 42.320639 ], [ -83.095838, 42.320274 ], [ -83.096608, 42.321343 ], [ -83.097907, 42.323161 ], [ -83.096975, 42.323525 ] ] ] } },
{ "type": "Feature", "properties": { "GEOID": "261635069001", "NAME": "15000US261635069001", "population": 1114, "acs_year": "2020-2024", "ALAND": 354664, "AWATER": 0, "walk_minutes": 22.8624145593093, "access_bin": "> 20 min", "within_15": false, "tract": "26163506900" }, "geometry": { "type": "Polygon", "coordinates": [ [ [ -83.063555, 42.440328 ], [ -83.062513, 42.440342 ], [ -83.061363, 42.440371 ], [ -83.060213, 42.440395 ], [ -83.059185, 42.440418 ], [ -83.058654, 42.440425 ], [ -83.058167, 42.440436 ], [ -83.058028, 42.438167 ], [ -83.057885, 42.435811 ], [ -83.057721, 42.433248 ], [ -83.058773, 42.433225 ], [ -83.059836, 42.433201 ], [ -83.060951, 42.433177 ], [ -83.062066, 42.433154 ], [ -83.063117, 42.433129 ], [ -83.063271, 42.435701 ], [ -83.063416, 42.438058 ], [ -83.063555, 42.440328 ] ] ] } },
{ "type": "Feature", "properties": { "GEOID": "261635314001", "NAME": "15000US261635314001", "population": 774, "acs_year": "2020-2024", "ALAND": 249906, "AWATER": 0, "walk_minutes": 7.5892977748818486, "access_bin": "<= 10 min", "within_15": true, "tract": "26163531400" }, "geometry": { "type": "Polygon", "coordinates": [ [ [ -83.125108, 42.381181 ], [ -83.121681, 42.382451 ], [ -83.118978, 42.383452 ], [ -83.116209, 42.38448 ], [ -83.115633, 42.383662 ], [ -83.115067, 42.382861 ], [ -83.114503, 42.382062 ], [ -83.117326, 42.381009 ], [ -83.120023, 42.380003 ], [ -83.123448, 42.378725 ], [ -83.123618, 42.378977 ], [ -83.123995, 42.379534 ], [ -83.124074, 42.379652 ], [ -83.124534, 42.380333 ], [ -83.124986, 42.381001 ], [ -83.125108, 42.381181 ] ] ] } },
{ "type": "Feature", "properties": { "GEOID": "261635356003", "NAME": "15000US261635356003", "population": 1202, "acs_year": "2020-2024", "ALAND": 345928, "AWATER": 0, "walk_minutes": 22.11374571788463, "access_bin": "> 20 min", "within_15": false, "tract": "26163535600" }, "geometry": { "type": "Polygon", "coordinates": [ [ [ -83.177496, 42.358547 ], [ -83.17629, 42.358573 ], [ -83.175049, 42.358596 ], [ -83.174983, 42.357034 ], [ -83.174972, 42.356977 ], [ -83.174934, 42.356866 ], [ -83.174873, 42.356761 ], [ -83.17479, 42.356665 ], [ -83.174731, 42.356612 ], [ -83.174666, 42.356564 ], [ -83.174225, 42.356255 ], [ -83.174026, 42.356083 ], [ -83.173998, 42.356047 ], [ -83.173984, 42.356007 ], [ -83.173979, 42.355915 ], [ -83.173894, 42.355878 ], [ -83.173836, 42.355867 ], [ -83.173782, 42.355869 ], [ -83.173703, 42.355908 ], [ -83.172769, 42.355248 ], [ -83.172479, 42.355046 ], [ -83.171503, 42.354363 ], [ -83.17073, 42.353829 ], [ -83.170089, 42.35338 ], [ -83.169784, 42.353166 ], [ -83.16888, 42.352538 ], [ -83.168543, 42.352315 ], [ -83.167393, 42.351499 ], [ -83.168503, 42.351475 ], [ -83.1697, 42.351445 ], [ -83.169999, 42.351441 ], [ -83.171368, 42.351411 ], [ -83.172601, 42.351384 ], [ -83.173758, 42.351359 ], [ -83.174916, 42.351334 ], [ -83.176024, 42.35131 ], [ -83.177184, 42.351284 ], [ -83.177286, 42.353681 ], [ -83.177395, 42.356149 ], [ -83.177423, 42.35672 ], [ -83.177496, 42.358547 ] ] ] } },
{ "type": "Feature", "properties": { "GEOID": "261635369001", "NAME": "15000US261635369001", "population": 1271, "acs_year": "2020-2024", "ALAND": 616654, "AWATER": 0, "walk_minutes": 15.204532682056813, "access_bin": "<= 20 min", "within_15": false, "tract": "26163536900" }, "geometry": { "type": "Polygon", "coordinates": [ [ [ -83.179806, 42.41659 ], [ -83.179568, 42.416584 ], [ -83.178625, 42.41659 ], [ -83.177642, 42.416595 ], [ -83.177457, 42.416596 ], [ -83.176562, 42.416603 ], [ -83.176286, 42.416607 ], [ -83.17548, 42.41662 ], [ -83.174934, 42.416624 ], [ -83.174251, 42.416629 ], [ -83.173544, 42.416632 ], [ -83.17324, 42.416634 ], [ -83.172458, 42.416639 ], [ -83.172252, 42.41664 ], [ -83.172156, 42.41664 ], [ -83.172061, 42.416641 ], [ -83.171826, 42.416395 ], [ -83.170004, 42.414418 ], [ -83.169987, 42.414184 ], [ -83.169986, 42.414166 ], [ -83.169982, 42.413954 ], [ -83.169882, 42.411971 ], [ -83.169783, 42.409943 ], [ -83.169768, 42.409535 ], [ -83.170823, 42.409516 ], [ -83.171865, 42.409498 ], [ -83.172902, 42.409474 ], [ -83.174084, 42.409452 ], [ -83.17514, 42.409436 ], [ -83.176221, 42.409418 ], [ -83.177301, 42.409399 ], [ -83.178383, 42.409381 ], [ -83.179466, 42.409361 ], [ -83.17958, 42.4118 ], [ -83.179643, 42.413004 ], [ -83.179686, 42.413964 ], [ -83.179709, 42.414462 ], [ -83.179722, 42.414754 ], [ -83.179806, 42.41659 ] ] ] } },
{ "type": "Feature", "properties": { "GEOID": "261635377001", "NAME": "15000US261635377001", "population": 545, "acs_year": "2020-2024", "ALAND": 292760, "AWATER": 0, "walk_minutes": 14.885171505361974, "access_bin": "<= 15 min", "within_15": true, "tract": "26163537700" }, "geometry": { "type": "Polygon", "coordinates": [ [ [ -83.188917, 42.401818 ], [ -83.187771, 42.40185 ], [ -83.186606, 42.401882 ], [ -83.185523, 42.401912 ], [ -83.184526, 42.401938 ], [ -83.18443, 42.399735 ], [ -83.184322, 42.397102 ], [ -83.184224, 42.394666 ], [ -83.185219, 42.394636 ], [ -83.186303, 42.394603 ], [ -83.187468, 42.394569 ], [ -83.188616, 42.394537 ], [ -83.188678, 42.395964 ], [ -83.188714, 42.396981 ], [ -83.188823, 42.399605 ], [ -83.188917, 42.401818 ] ] ] } },
{ "type": "Feature", "properties": { "GEOID": "261635384002", "NAME": "15000US261635384002", "population": 1950, "acs_year": "2020-2024", "ALAND": 655585, "AWATER": 0, "walk_minutes": 7.3618496068080548, "access_bin": "<= 10 min", "within_15": true, "tract": "26163538400" }, "geometry": { "type": "Polygon", "coordinates": [ [ [ -83.141168, 42.424398 ], [ -83.139742, 42.424417 ], [ -83.138351, 42.424437 ], [ -83.136959, 42.424457 ], [ -83.135641, 42.424478 ], [ -83.134423, 42.424494 ], [ -83.133201, 42.42451 ], [ -83.131981, 42.424529 ], [ -83.1313, 42.42443 ], [ -83.131224, 42.422748 ], [ -83.13114, 42.420953 ], [ -83.131053, 42.419123 ], [ -83.131003, 42.418038 ], [ -83.130985, 42.418 ], [ -83.130964, 42.417973 ], [ -83.130846, 42.417941 ], [ -83.130802, 42.417919 ], [ -83.130764, 42.417891 ], [ -83.13066, 42.417769 ], [ -83.130639, 42.417728 ], [ -83.130627, 42.417671 ], [ -83.13063, 42.417628 ], [ -83.130642, 42.417585 ], [ -83.130668, 42.417521 ], [ -83.130707, 42.417472 ], [ -83.130797, 42.41742 ], [ -83.130832, 42.417408 ], [ -83.130855, 42.417386 ], [ -83.130862, 42.417294 ], [ -83.131643, 42.41728 ], [ -83.132865, 42.417262 ], [ -83.134087, 42.417244 ], [ -83.135307, 42.417225 ], [ -83.13597, 42.417214 ], [ -83.136914, 42.4172 ], [ -83.137889, 42.417186 ], [ -83.138851, 42.417174 ], [ -83.13983, 42.417161 ], [ -83.140836, 42.417147 ], [ -83.140919, 42.418959 ], [ -83.141002, 42.420792 ], [ -83.141007, 42.42092 ], [ -83.141086, 42.422592 ], [ -83.141126, 42.423497 ], [ -83.141168, 42.424398 ] ] ] } },
{ "type": "Feature", "properties": { "GEOID": "261635422001", "NAME": "15000US261635422001", "population": 2281, "acs_year": "2020-2024", "ALAND": 645325, "AWATER": 0, "walk_minutes": 10.350847406788853, "access_bin": "<= 15 min", "within_15": true, "tract": "26163542200" }, "geometry": { "type": "Polygon", "coordinates": [ [ [ -83.20875, 42.408542 ], [ -83.207665, 42.40858 ], [ -83.206564, 42.408605 ], [ -83.205504, 42.40863 ], [ -83.204423, 42.408655 ], [ -83.203218, 42.408662 ], [ -83.201835, 42.408688 ], [ -83.200453, 42.408719 ], [ -83.199017, 42.408753 ], [ -83.198945, 42.406925 ], [ -83.198885, 42.405379 ], [ -83.198876, 42.405127 ], [ -83.198825, 42.403952 ], [ -83.198788, 42.403305 ], [ -83.198695, 42.401513 ], [ -83.200171, 42.401475 ], [ -83.201553, 42.401443 ], [ -83.202937, 42.40141 ], [ -83.204092, 42.401383 ], [ -83.20517, 42.401359 ], [ -83.20625, 42.401334 ], [ -83.206622, 42.401327 ], [ -83.207292, 42.401314 ], [ -83.207842, 42.401303 ], [ -83.208411, 42.401292 ], [ -83.208498, 42.403093 ], [ -83.208582, 42.404903 ], [ -83.208667, 42.406713 ], [ -83.20875, 42.408542 ] ] ] } },
{ "type": "Feature", "properties": { "GEOID": "261635455001", "NAME": "15000US261635455001", "population": 552, "acs_year": "2020-2024", "ALAND": 368838, "AWATER": 0, "walk_minutes": 5.4017576770752367, "access_bin": "<= 10 min", "within_15": true, "tract": "26163545500" }, "geometry": { "type": "Polygon", "coordinates": [ [ [ -83.209531, 42.350703 ], [ -83.208352, 42.350723 ], [ -83.207196, 42.350738 ], [ -83.206459, 42.350748 ], [ -83.205968, 42.350755 ], [ -83.20518, 42.350766 ], [ -83.204966, 42.350769 ], [ -83.203959, 42.350783 ], [ -83.203857, 42.348327 ], [ -83.203751, 42.345952 ], [ -83.203642, 42.34357 ], [ -83.20465, 42.343557 ], [ -83.204868, 42.343553 ], [ -83.205648, 42.343541 ], [ -83.206165, 42.343532 ], [ -83.206908, 42.34352 ], [ -83.207358, 42.343513 ], [ -83.208064, 42.343501 ], [ -83.208576, 42.343493 ], [ -83.209241, 42.343482 ], [ -83.209336, 42.345864 ], [ -83.20943, 42.348238 ], [ -83.209523, 42.350632 ], [ -83.209531, 42.350703 ] ] ] } },
{ "type": "Feature", "properties": { "GEOID": "261635404001", "NAME": "15000US261635404001", "population": 1264, "acs_year": "2020-2024", "ALAND": 497134, "AWATER": 0, "walk_minutes": 15.145016080812992, "access_bin": "<= 20 min", "within_15": false, "tract": "26163540400" }, "geometry": { "type": "Polygon", "coordinates": [ [ [ -83.207137, 42.42301 ], [ -83.206055, 42.42303 ], [ -83.204969, 42.42305 ], [ -83.203794, 42.423072 ], [ -83.202407, 42.423097 ], [ -83.201026, 42.423127 ], [ -83.200178, 42.423141 ], [ -83.199588, 42.423155 ], [ -83.199522, 42.421359 ], [ -83.199515, 42.421163 ], [ -83.199456, 42.419671 ], [ -83.199452, 42.419568 ], [ -83.199447, 42.419466 ], [ -83.199385, 42.417783 ], [ -83.199316, 42.415983 ], [ -83.200753, 42.415944 ], [ -83.202134, 42.415906 ], [ -83.203518, 42.415876 ], [ -83.204727, 42.415851 ], [ -83.205804, 42.415829 ], [ -83.206882, 42.415807 ], [ -83.206943, 42.417625 ], [ -83.207005, 42.419309 ], [ -83.207011, 42.419512 ], [ -83.207068, 42.421144 ], [ -83.207137, 42.42301 ] ] ] } },
{ "type": "Feature", "properties": { "GEOID": "261635304002", "NAME": "15000US261635304002", "population": 772, "acs_year": "2020-2024", "ALAND": 231320, "AWATER": 0, "walk_minutes": 9.0243199075679144, "access_bin": "<= 10 min", "within_15": true, "tract": "26163530400" }, "geometry": { "type": "Polygon", "coordinates": [ [ [ -83.139846, 42.393312 ], [ -83.137023, 42.394381 ], [ -83.134401, 42.39537 ], [ -83.134026, 42.394566 ], [ -83.133838, 42.394165 ], [ -83.133622, 42.393839 ], [ -83.13357, 42.393762 ], [ -83.133085, 42.39304 ], [ -83.132954, 42.392844 ], [ -83.132441, 42.392081 ], [ -83.134865, 42.391163 ], [ -83.136941, 42.390379 ], [ -83.139668, 42.389348 ], [ -83.13971, 42.39029 ], [ -83.139716, 42.39041 ], [ -83.139721, 42.390531 ], [ -83.139742, 42.390976 ], [ -83.139762, 42.391422 ], [ -83.139766, 42.391524 ], [ -83.139805, 42.39238 ], [ -83.139846, 42.393312 ] ] ] } },
{ "type": "Feature", "properties": { "GEOID": "261635395003", "NAME": "15000US261635395003", "population": 848, "acs_year": "2020-2024", "ALAND": 637871, "AWATER": 0, "walk_minutes": 15.993633024707288, "access_bin": "<= 20 min", "within_15": false, "tract": "26163539500" }, "geometry": { "type": "Polygon", "coordinates": [ [ [ -83.199588, 42.423155 ], [ -83.198399, 42.423193 ], [ -83.197152, 42.423231 ], [ -83.195909, 42.423268 ], [ -83.195314, 42.423283 ], [ -83.194728, 42.423312 ], [ -83.194064, 42.423349 ], [ -83.193528, 42.423367 ], [ -83.192292, 42.423411 ], [ -83.190981, 42.423457 ], [ -83.189738, 42.423502 ], [ -83.189697, 42.421818 ], [ -83.189654, 42.420144 ], [ -83.189652, 42.420042 ], [ -83.189649, 42.419941 ], [ -83.189605, 42.418261 ], [ -83.189555, 42.416459 ], [ -83.189863, 42.416449 ], [ -83.19073, 42.416406 ], [ -83.192041, 42.416338 ], [ -83.193274, 42.416274 ], [ -83.194447, 42.416214 ], [ -83.195611, 42.416154 ], [ -83.196868, 42.416089 ], [ -83.198123, 42.416025 ], [ -83.198366, 42.416012 ], [ -83.199316, 42.415983 ], [ -83.199385, 42.417783 ], [ -83.199447, 42.419466 ], [ -83.199452, 42.419568 ], [ -83.199456, 42.419671 ], [ -83.199515, 42.421163 ], [ -83.199522, 42.421359 ], [ -83.199588, 42.423155 ] ] ] } },
{ "type": "Feature", "properties": { "GEOID": "261635369002", "NAME": "15000US261635369002", "population": 1314, "acs_year": "2020-2024", "ALAND": 357932, "AWATER": 0, "walk_minutes": 21.295338501012029, "access_bin": "> 20 min", "within_15": false, "tract": "26163536900" }, "geometry": { "type": "Polygon", "coordinates": [ [ [ -83.185175, 42.416525 ], [ -83.184685, 42.416532 ], [ -83.184095, 42.416539 ], [ -83.183358, 42.416548 ], [ -83.182967, 42.416554 ], [ -83.182177, 42.416565 ], [ -83.181917, 42.416568 ], [ -83.181023, 42.416569 ], [ -83.180869, 42.416571 ], [ -83.179806, 42.41659 ], [ -83.179722, 42.414754 ], [ -83.179709, 42.414462 ], [ -83.179686, 42.413964 ], [ -83.179643, 42.413004 ], [ -83.17958, 42.4118 ], [ -83.179466, 42.409361 ], [ -83.180517, 42.409329 ], [ -83.181571, 42.409296 ], [ -83.182624, 42.409264 ], [ -83.183748, 42.40923 ], [ -83.184846, 42.409195 ], [ -83.184861, 42.409543 ], [ -83.184955, 42.411632 ], [ -83.185078, 42.414373 ], [ -83.185175, 42.416525 ] ] ] } },
{ "type": "Feature", "properties": { "GEOID": "261635238003", "NAME": "15000US261635238003", "population": 798, "acs_year": "2020-2024", "ALAND": 307560, "AWATER": 0, "walk_minutes": 8.0518556139359454, "access_bin": "<= 10 min", "within_15": true, "tract": "26163523800" }, "geometry": { "type": "Polygon", "coordinates": [ [ [ -83.115031, 42.313705 ], [ -83.11462, 42.314237 ], [ -83.113712, 42.315616 ], [ -83.113647, 42.315719 ], [ -83.111471, 42.318923 ], [ -83.111147, 42.318478 ], [ -83.110908, 42.318149 ], [ -83.11034, 42.31737 ], [ -83.110005, 42.316908 ], [ -83.109936, 42.316679 ], [ -83.109904, 42.316608 ], [ -83.109895, 42.316561 ], [ -83.109894, 42.316516 ], [ -83.109989, 42.315866 ], [ -83.109996, 42.315706 ], [ -83.109978, 42.315614 ], [ -83.10961, 42.315096 ], [ -83.108614, 42.313712 ], [ -83.107447, 42.312111 ], [ -83.108628, 42.311642 ], [ -83.1092, 42.311411 ], [ -83.109873, 42.311127 ], [ -83.11011, 42.311025 ], [ -83.111112, 42.310597 ], [ -83.111751, 42.310326 ], [ -83.11239, 42.310062 ], [ -83.113044, 42.310963 ], [ -83.113589, 42.311716 ], [ -83.113742, 42.311927 ], [ -83.114263, 42.312636 ], [ -83.114531, 42.313013 ], [ -83.11473, 42.31329 ], [ -83.115031, 42.313705 ] ] ] } },
{ "type": "Feature", "properties": { "GEOID": "261635114002", "NAME": "15000US261635114002", "population": 895, "acs_year": "2020-2024", "ALAND": 762574, "AWATER": 0, "walk_minutes": 8.4619609150963431, "access_bin": "<= 10 min", "within_15": true, "tract": "26163511400" }, "geometry": { "type": "Polygon", "coordinates": [ [ [ -83.085328, 42.388716 ], [ -83.08263, 42.389733 ], [ -83.08199, 42.388783 ], [ -83.080501, 42.389357 ], [ -83.079013, 42.389888 ], [ -83.076002, 42.390959 ], [ -83.075906, 42.390821 ], [ -83.075465, 42.390191 ], [ -83.075186, 42.389727 ], [ -83.075093, 42.389585 ], [ -83.074461, 42.388644 ], [ -83.074187, 42.388233 ], [ -83.073807, 42.387664 ], [ -83.073248, 42.386826 ], [ -83.072749, 42.386079 ], [ -83.071853, 42.386427 ], [ -83.070984, 42.386765 ], [ -83.070125, 42.387099 ], [ -83.069236, 42.387446 ], [ -83.069177, 42.387467 ], [ -83.069052, 42.387511 ], [ -83.06851, 42.386701 ], [ -83.068331, 42.386431 ], [ -83.06858, 42.386279 ], [ -83.069297, 42.385839 ], [ -83.069648, 42.385627 ], [ -83.070056, 42.385377 ], [ -83.070832, 42.384905 ], [ -83.071477, 42.384515 ], [ -83.071535, 42.384476 ], [ -83.071646, 42.384427 ], [ -83.07179, 42.384364 ], [ -83.074765, 42.383261 ], [ -83.075967, 42.382818 ], [ -83.077578, 42.382226 ], [ -83.078306, 42.381957 ], [ -83.078982, 42.381705 ], [ -83.080593, 42.381113 ], [ -83.080672, 42.381231 ], [ -83.081207, 42.382024 ], [ -83.081738, 42.382815 ], [ -83.082214, 42.383523 ], [ -83.082355, 42.383734 ], [ -83.082774, 42.384356 ], [ -83.08294, 42.384602 ], [ -83.083423, 42.385318 ], [ -83.083524, 42.385468 ], [ -83.084129, 42.386366 ], [ -83.084943, 42.387579 ], [ -83.085636, 42.388605 ], [ -83.085328, 42.388716 ] ] ] } },
{ "type": "Feature", "properties": { "GEOID": "261635073001", "NAME": "15000US261635073001", "population": 2083, "acs_year": "2020-2024", "ALAND": 802314, "AWATER": 0, "walk_minutes": 21.685270520158959, "access_bin": "> 20 min", "within_15": false, "tract": "26163507300" }, "geometry": { "type": "Polygon", "coordinates": [ [ [ -83.094654, 42.432484 ], [ -83.09425, 42.432499 ], [ -83.093657, 42.432521 ], [ -83.092638, 42.432558 ], [ -83.091639, 42.432593 ], [ -83.091436, 42.432601 ], [ -83.090656, 42.43263 ], [ -83.09023, 42.432645 ], [ -83.089737, 42.432663 ], [ -83.089006, 42.432689 ], [ -83.088751, 42.432699 ], [ -83.087764, 42.432734 ], [ -83.086553, 42.432777 ], [ -83.085328, 42.432822 ], [ -83.084103, 42.432866 ], [ -83.083492, 42.432888 ], [ -83.083271, 42.432896 ], [ -83.082894, 42.432901 ], [ -83.08288, 42.432519 ], [ -83.082785, 42.430481 ], [ -83.082682, 42.428273 ], [ -83.082544, 42.42534 ], [ -83.083215, 42.425244 ], [ -83.083519, 42.425201 ], [ -83.083747, 42.425189 ], [ -83.083987, 42.425176 ], [ -83.084973, 42.425147 ], [ -83.086199, 42.425111 ], [ -83.087424, 42.425076 ], [ -83.088652, 42.42504 ], [ -83.089876, 42.425004 ], [ -83.091081, 42.424968 ], [ -83.092299, 42.424934 ], [ -83.092748, 42.424923 ], [ -83.093184, 42.424915 ], [ -83.093386, 42.425192 ], [ -83.093545, 42.425438 ], [ -83.093724, 42.425751 ], [ -83.09383, 42.425973 ], [ -83.093915, 42.42619 ], [ -83.093993, 42.426434 ], [ -83.094056, 42.426681 ], [ -83.094093, 42.426879 ], [ -83.094123, 42.427095 ], [ -83.094148, 42.427358 ], [ -83.094174, 42.427863 ], [ -83.094195, 42.428278 ], [ -83.094242, 42.429198 ], [ -83.09447, 42.431001 ], [ -83.094547, 42.431566 ], [ -83.094566, 42.431704 ], [ -83.094612, 42.432114 ], [ -83.094654, 42.432484 ] ] ] } },
{ "type": "Feature", "properties": { "GEOID": "261635069002", "NAME": "15000US261635069002", "population": 1594, "acs_year": "2020-2024", "ALAND": 468628, "AWATER": 0, "walk_minutes": 13.71069136487146, "access_bin": "<= 15 min", "within_15": true, "tract": "26163506900" }, "geometry": { "type": "Polygon", "coordinates": [ [ [ -83.070639, 42.440207 ], [ -83.069644, 42.440226 ], [ -83.068633, 42.440247 ], [ -83.067603, 42.440269 ], [ -83.066565, 42.440289 ], [ -83.065551, 42.440306 ], [ -83.064567, 42.440315 ], [ -83.063555, 42.440328 ], [ -83.063416, 42.438058 ], [ -83.063271, 42.435701 ], [ -83.063117, 42.433129 ], [ -83.064129, 42.433106 ], [ -83.065113, 42.433084 ], [ -83.066122, 42.433062 ], [ -83.067159, 42.43304 ], [ -83.067922, 42.433024 ], [ -83.068186, 42.433018 ], [ -83.068923, 42.433002 ], [ -83.069199, 42.432996 ], [ -83.069913, 42.43298 ], [ -83.070214, 42.432973 ], [ -83.070366, 42.435582 ], [ -83.070503, 42.43794 ], [ -83.070628, 42.44008 ], [ -83.070639, 42.440207 ] ] ] } },
{ "type": "Feature", "properties": { "GEOID": "261635141001", "NAME": "15000US261635141001", "population": 1218, "acs_year": "2020-2024", "ALAND": 798793, "AWATER": 0, "walk_minutes": 26.488793529170628, "access_bin": "> 20 min", "within_15": false, "tract": "26163514100" }, "geometry": { "type": "Polygon", "coordinates": [ [ [ -83.000181, 42.380975 ], [ -82.999927, 42.381102 ], [ -82.999039, 42.381482 ], [ -82.997988, 42.381904 ], [ -82.996816, 42.382358 ], [ -82.995658, 42.38277 ], [ -82.994577, 42.383181 ], [ -82.993537, 42.383593 ], [ -82.992503, 42.384004 ], [ -82.990982, 42.38186 ], [ -82.98959, 42.379874 ], [ -82.987937, 42.377497 ], [ -82.986538, 42.375525 ], [ -82.987677, 42.375001 ], [ -82.988773, 42.374499 ], [ -82.989742, 42.374056 ], [ -82.990846, 42.373552 ], [ -82.991944, 42.373049 ], [ -82.993868, 42.372166 ], [ -82.99412, 42.372046 ], [ -82.994751, 42.372932 ], [ -82.995307, 42.373714 ], [ -82.995771, 42.374367 ], [ -82.995867, 42.374503 ], [ -82.99623, 42.375017 ], [ -82.996673, 42.375649 ], [ -82.997123, 42.376288 ], [ -82.997348, 42.376609 ], [ -82.997769, 42.377206 ], [ -82.998305, 42.377967 ], [ -82.998843, 42.378732 ], [ -82.999376, 42.379486 ], [ -82.999911, 42.380246 ], [ -83.000349, 42.38087 ], [ -83.000181, 42.380975 ] ] ] } },
{ "type": "Feature", "properties": { "GEOID": "261635353001", "NAME": "15000US261635353001", "population": 2203, "acs_year": "2020-2024", "ALAND": 546341, "AWATER": 0, "walk_minutes": 10.320855145923455, "access_bin": "<= 15 min", "within_15": true, "tract": "26163535300" }, "geometry": { "type": "Polygon", "coordinates": [ [ [ -83.191012, 42.372748 ], [ -83.189924, 42.372777 ], [ -83.188845, 42.372806 ], [ -83.187751, 42.372833 ], [ -83.186529, 42.372859 ], [ -83.18532, 42.372883 ], [ -83.184121, 42.372909 ], [ -83.182973, 42.372935 ], [ -83.18284, 42.372131 ], [ -83.182744, 42.371022 ], [ -83.182704, 42.370559 ], [ -83.182582, 42.368933 ], [ -83.182561, 42.367835 ], [ -83.182474, 42.365688 ], [ -83.183854, 42.365658 ], [ -83.185064, 42.365635 ], [ -83.18628, 42.365609 ], [ -83.187502, 42.365582 ], [ -83.188595, 42.365559 ], [ -83.189673, 42.365531 ], [ -83.190755, 42.365508 ], [ -83.190843, 42.367993 ], [ -83.190927, 42.370354 ], [ -83.191012, 42.372748 ] ] ] } },
{ "type": "Feature", "properties": { "GEOID": "261635422002", "NAME": "15000US261635422002", "population": 1765, "acs_year": "2020-2024", "ALAND": 655460, "AWATER": 0, "walk_minutes": 17.324148984747538, "access_bin": "<= 20 min", "within_15": false, "tract": "26163542200" }, "geometry": { "type": "Polygon", "coordinates": [ [ [ -83.218713, 42.408328 ], [ -83.218532, 42.408332 ], [ -83.218227, 42.408342 ], [ -83.217895, 42.408353 ], [ -83.217746, 42.408355 ], [ -83.21745, 42.40836 ], [ -83.216549, 42.408377 ], [ -83.21639, 42.40838 ], [ -83.215297, 42.408401 ], [ -83.214554, 42.408419 ], [ -83.214202, 42.408427 ], [ -83.213009, 42.408446 ], [ -83.211789, 42.408472 ], [ -83.210699, 42.408495 ], [ -83.209725, 42.408515 ], [ -83.20875, 42.408542 ], [ -83.208667, 42.406713 ], [ -83.208582, 42.404903 ], [ -83.208498, 42.403093 ], [ -83.208411, 42.401292 ], [ -83.209044, 42.401279 ], [ -83.209389, 42.401273 ], [ -83.210364, 42.401253 ], [ -83.210635, 42.401248 ], [ -83.211463, 42.401232 ], [ -83.212686, 42.40121 ], [ -83.214234, 42.401188 ], [ -83.216188, 42.401154 ], [ -83.217898, 42.401129 ], [ -83.218203, 42.401127 ], [ -83.218386, 42.401121 ], [ -83.218347, 42.402917 ], [ -83.218366, 42.403442 ], [ -83.218456, 42.404734 ], [ -83.218593, 42.406539 ], [ -83.218713, 42.408328 ] ] ] } },
{ "type": "Feature", "properties": { "GEOID": "261635394001", "NAME": "15000US261635394001", "population": 1010, "acs_year": "2020-2024", "ALAND": 314683, "AWATER": 0, "walk_minutes": 18.947517557473994, "access_bin": "<= 20 min", "within_15": false, "tract": "26163539400" }, "geometry": { "type": "Polygon", "coordinates": [ [ [ -83.17548, 42.43117 ], [ -83.174228, 42.43119 ], [ -83.173991, 42.431194 ], [ -83.17306, 42.431207 ], [ -83.1729, 42.431209 ], [ -83.17272, 42.431211 ], [ -83.171851, 42.431237 ], [ -83.171659, 42.431243 ], [ -83.170698, 42.431249 ], [ -83.170661, 42.430267 ], [ -83.170646, 42.429855 ], [ -83.170632, 42.429442 ], [ -83.170569, 42.427623 ], [ -83.170502, 42.425825 ], [ -83.170438, 42.423993 ], [ -83.171551, 42.423978 ], [ -83.17272, 42.423958 ], [ -83.173889, 42.423938 ], [ -83.175138, 42.423917 ], [ -83.175225, 42.425761 ], [ -83.175312, 42.427564 ], [ -83.175396, 42.429371 ], [ -83.17548, 42.43117 ] ] ] } },
{ "type": "Feature", "properties": { "GEOID": "261635384001", "NAME": "15000US261635384001", "population": 1893, "acs_year": "2020-2024", "ALAND": 651840, "AWATER": 0, "walk_minutes": 13.348269014151459, "access_bin": "<= 15 min", "within_15": true, "tract": "26163538400" }, "geometry": { "type": "Polygon", "coordinates": [ [ [ -83.141503, 42.431606 ], [ -83.140499, 42.431626 ], [ -83.140093, 42.431633 ], [ -83.138701, 42.431659 ], [ -83.138224, 42.431667 ], [ -83.13731, 42.431679 ], [ -83.135974, 42.431694 ], [ -83.13548, 42.431699 ], [ -83.134752, 42.431707 ], [ -83.133529, 42.431721 ], [ -83.132335, 42.431739 ], [ -83.131634, 42.431748 ], [ -83.131468, 42.428131 ], [ -83.1313, 42.42443 ], [ -83.131981, 42.424529 ], [ -83.133201, 42.42451 ], [ -83.134423, 42.424494 ], [ -83.135641, 42.424478 ], [ -83.136959, 42.424457 ], [ -83.138351, 42.424437 ], [ -83.139742, 42.424417 ], [ -83.141168, 42.424398 ], [ -83.141256, 42.426211 ], [ -83.141266, 42.426415 ], [ -83.141343, 42.428019 ], [ -83.141414, 42.429535 ], [ -83.141427, 42.429826 ], [ -83.141503, 42.431606 ] ] ] } },
{ "type": "Feature", "properties": { "GEOID": "261635353002", "NAME": "15000US261635353002", "population": 868, "acs_year": "2020-2024", "ALAND": 1003119, "AWATER": 0, "walk_minutes": 10.412754932032581, "access_bin": "<= 15 min", "within_15": true, "tract": "26163535300" }, "geometry": { "type": "Polygon", "coordinates": [ [ [ -83.198044, 42.379232 ], [ -83.197901, 42.379235 ], [ -83.195224, 42.379249 ], [ -83.194554, 42.379253 ], [ -83.193123, 42.379272 ], [ -83.192762, 42.379294 ], [ -83.192453, 42.379325 ], [ -83.192147, 42.379368 ], [ -83.191845, 42.379422 ], [ -83.191548, 42.379488 ], [ -83.190896, 42.379684 ], [ -83.190628, 42.379777 ], [ -83.190383, 42.379876 ], [ -83.190257, 42.379921 ], [ -83.189028, 42.380335 ], [ -83.188129, 42.380664 ], [ -83.186682, 42.381182 ], [ -83.185694, 42.38152 ], [ -83.185169, 42.381686 ], [ -83.184601, 42.38186 ], [ -83.183301, 42.382216 ], [ -83.183157, 42.38225 ], [ -83.183113, 42.38226 ], [ -83.183056, 42.382274 ], [ -83.183057, 42.382092 ], [ -83.183054, 42.38192 ], [ -83.183015, 42.380796 ], [ -83.183004, 42.380173 ], [ -83.182996, 42.37996 ], [ -83.182987, 42.379748 ], [ -83.183015, 42.379329 ], [ -83.18304, 42.379217 ], [ -83.183075, 42.379049 ], [ -83.183108, 42.378896 ], [ -83.183147, 42.378696 ], [ -83.183159, 42.37847 ], [ -83.183165, 42.378364 ], [ -83.183171, 42.378248 ], [ -83.183171, 42.37804 ], [ -83.183169, 42.377334 ], [ -83.183169, 42.376751 ], [ -83.183134, 42.3762 ], [ -83.183124, 42.375966 ], [ -83.182971, 42.373213 ], [ -83.182964, 42.37301 ], [ -83.182973, 42.372935 ], [ -83.184121, 42.372909 ], [ -83.18532, 42.372883 ], [ -83.186529, 42.372859 ], [ -83.187751, 42.372833 ], [ -83.188845, 42.372806 ], [ -83.189924, 42.372777 ], [ -83.191012, 42.372748 ], [ -83.192096, 42.372711 ], [ -83.193186, 42.372682 ], [ -83.194273, 42.372653 ], [ -83.195359, 42.372622 ], [ -83.196448, 42.372585 ], [ -83.196667, 42.372577 ], [ -83.19756, 42.37256 ], [ -83.197591, 42.373338 ], [ -83.197616, 42.374447 ], [ -83.197628, 42.374746 ], [ -83.197686, 42.376129 ], [ -83.197699, 42.376262 ], [ -83.197706, 42.376569 ], [ -83.197735, 42.376892 ], [ -83.197757, 42.377056 ], [ -83.197795, 42.377383 ], [ -83.197857, 42.377718 ], [ -83.197921, 42.377946 ], [ -83.197991, 42.378243 ], [ -83.198007, 42.378573 ], [ -83.198033, 42.378894 ], [ -83.198042, 42.379064 ], [ -83.198044, 42.379232 ] ] ] } },
{ "type": "Feature", "properties": { "GEOID": "261635402002", "NAME": "15000US261635402002", "population": 546, "acs_year": "2020-2024", "ALAND": 418034, "AWATER": 0, "walk_minutes": 23.877848753653691, "access_bin": "> 20 min", "within_15": false, "tract": "26163540200" }, "geometry": { "type": "Polygon", "coordinates": [ [ [ -83.21954, 42.437237 ], [ -83.219356, 42.437239 ], [ -83.218582, 42.437252 ], [ -83.218251, 42.437258 ], [ -83.217524, 42.43727 ], [ -83.217069, 42.437278 ], [ -83.216426, 42.43729 ], [ -83.215882, 42.4373 ], [ -83.215328, 42.437311 ], [ -83.214696, 42.437322 ], [ -83.214236, 42.43733 ], [ -83.21351, 42.437343 ], [ -83.213179, 42.437349 ], [ -83.213107, 42.435545 ], [ -83.213037, 42.433808 ], [ -83.212967, 42.431993 ], [ -83.212771, 42.430196 ], [ -83.213895, 42.430165 ], [ -83.215022, 42.430134 ], [ -83.216117, 42.430104 ], [ -83.217181, 42.430075 ], [ -83.218145, 42.430037 ], [ -83.218262, 42.430037 ], [ -83.218893, 42.430027 ], [ -83.219233, 42.43002 ], [ -83.219311, 42.432052 ], [ -83.219332, 42.432604 ], [ -83.219369, 42.433632 ], [ -83.21954, 42.437237 ] ] ] } },
{ "type": "Feature", "properties": { "GEOID": "261635452001", "NAME": "15000US261635452001", "population": 387, "acs_year": "2020-2024", "ALAND": 422908, "AWATER": 0, "walk_minutes": 18.319686673222446, "access_bin": "<= 20 min", "within_15": false, "tract": "26163545200" }, "geometry": { "type": "Polygon", "coordinates": [ [ [ -83.214434, 42.372294 ], [ -83.213228, 42.372307 ], [ -83.212014, 42.372338 ], [ -83.210808, 42.37237 ], [ -83.209601, 42.372394 ], [ -83.208391, 42.372416 ], [ -83.207185, 42.372438 ], [ -83.205978, 42.372455 ], [ -83.204768, 42.372471 ], [ -83.203562, 42.372483 ], [ -83.202329, 42.372495 ], [ -83.202244, 42.370119 ], [ -83.202158, 42.367759 ], [ -83.203387, 42.367737 ], [ -83.204592, 42.367716 ], [ -83.205797, 42.367693 ], [ -83.207038, 42.367672 ], [ -83.208244, 42.367652 ], [ -83.209453, 42.367632 ], [ -83.209526, 42.369991 ], [ -83.210734, 42.369973 ], [ -83.211949, 42.369954 ], [ -83.213166, 42.369933 ], [ -83.214373, 42.369912 ], [ -83.214434, 42.372294 ] ] ] } },
{ "type": "Feature", "properties": { "GEOID": "261635302001", "NAME": "15000US261635302001", "population": 1972, "acs_year": "2020-2024", "ALAND": 473125, "AWATER": 0, "walk_minutes": 24.782736852103426, "access_bin": "> 20 min", "within_15": false, "tract": "26163530200" }, "geometry": { "type": "Polygon", "coordinates": [ [ [ -83.135307, 42.417225 ], [ -83.134087, 42.417244 ], [ -83.132865, 42.417262 ], [ -83.131643, 42.41728 ], [ -83.130862, 42.417294 ], [ -83.130427, 42.417303 ], [ -83.129263, 42.417327 ], [ -83.128149, 42.417349 ], [ -83.128122, 42.416861 ], [ -83.128035, 42.414985 ], [ -83.127921, 42.412578 ], [ -83.127807, 42.410154 ], [ -83.128748, 42.410127 ], [ -83.128924, 42.410123 ], [ -83.129726, 42.410099 ], [ -83.130082, 42.410089 ], [ -83.130702, 42.410078 ], [ -83.131315, 42.410062 ], [ -83.131679, 42.410053 ], [ -83.132519, 42.410033 ], [ -83.132653, 42.41003 ], [ -83.133628, 42.410016 ], [ -83.133755, 42.410015 ], [ -83.134617, 42.410004 ], [ -83.134977, 42.410005 ], [ -83.135086, 42.412466 ], [ -83.135193, 42.414821 ], [ -83.135307, 42.417225 ] ] ] } },
{ "type": "Feature", "properties": { "GEOID": "261635033002", "NAME": "15000US261635033002", "population": 1507, "acs_year": "2020-2024", "ALAND": 565736, "AWATER": 0, "walk_minutes": 15.399600912830923, "access_bin": "<= 20 min", "within_15": false, "tract": "26163503300" }, "geometry": { "type": "Polygon", "coordinates": [ [ [ -82.993932, 42.441973 ], [ -82.992682, 42.442006 ], [ -82.991503, 42.442038 ], [ -82.990267, 42.442068 ], [ -82.98904, 42.442099 ], [ -82.987842, 42.442131 ], [ -82.986612, 42.442164 ], [ -82.986037, 42.442179 ], [ -82.985407, 42.442205 ], [ -82.985377, 42.441389 ], [ -82.985346, 42.440603 ], [ -82.985308, 42.439527 ], [ -82.985266, 42.438571 ], [ -82.985237, 42.437764 ], [ -82.985207, 42.43697 ], [ -82.985125, 42.434917 ], [ -82.985315, 42.434921 ], [ -82.986346, 42.434893 ], [ -82.987548, 42.434862 ], [ -82.988785, 42.434834 ], [ -82.990013, 42.434807 ], [ -82.991203, 42.434783 ], [ -82.992406, 42.434757 ], [ -82.993634, 42.43473 ], [ -82.99371, 42.43654 ], [ -82.993786, 42.43835 ], [ -82.993866, 42.440383 ], [ -82.993932, 42.441973 ] ] ] } },
{ "type": "Feature", "properties": { "GEOID": "261635257003", "NAME": "15000US261635257003", "population": 2034, "acs_year": "2020-2024", "ALAND": 365893, "AWATER": 0, "walk_minutes": 11.892727380804738, "access_bin": "<= 15 min", "within_15": true, "tract": "26163525700" }, "geometry": { "type": "Polygon", "coordinates": [ [ [ -83.137597, 42.331102 ], [ -83.13732, 42.331096 ], [ -83.136566, 42.331091 ], [ -83.136378, 42.33109 ], [ -83.135533, 42.331096 ], [ -83.135158, 42.331099 ], [ -83.134439, 42.331093 ], [ -83.133978, 42.331091 ], [ -83.133284, 42.331097 ], [ -83.132875, 42.3311 ], [ -83.131896, 42.331111 ], [ -83.131807, 42.331009 ], [ -83.130807, 42.329727 ], [ -83.130077, 42.328771 ], [ -83.129647, 42.328221 ], [ -83.129558, 42.328108 ], [ -83.129124, 42.327558 ], [ -83.129054, 42.327469 ], [ -83.128548, 42.32682 ], [ -83.127899, 42.326063 ], [ -83.127348, 42.325428 ], [ -83.131885, 42.323526 ], [ -83.132121, 42.32343 ], [ -83.133233, 42.324972 ], [ -83.133702, 42.325621 ], [ -83.134169, 42.326269 ], [ -83.134636, 42.326915 ], [ -83.135507, 42.328116 ], [ -83.136233, 42.329117 ], [ -83.13691, 42.330048 ], [ -83.13758, 42.330992 ], [ -83.137597, 42.331102 ] ] ] } },
{ "type": "Feature", "properties": { "GEOID": "261635312002", "NAME": "15000US261635312002", "population": 1712, "acs_year": "2020-2024", "ALAND": 587720, "AWATER": 0, "walk_minutes": 16.207807772786403, "access_bin": "<= 20 min", "within_15": false, "tract": "26163531200" }, "geometry": { "type": "Polygon", "coordinates": [ [ [ -83.112286, 42.378799 ], [ -83.10937, 42.379883 ], [ -83.106665, 42.380891 ], [ -83.103428, 42.382091 ], [ -83.102777, 42.38118 ], [ -83.102658, 42.381005 ], [ -83.101975, 42.380005 ], [ -83.101855, 42.37983 ], [ -83.101278, 42.37898 ], [ -83.100689, 42.378116 ], [ -83.100094, 42.377248 ], [ -83.099898, 42.37696 ], [ -83.099673, 42.376733 ], [ -83.099313, 42.376441 ], [ -83.099459, 42.376384 ], [ -83.10289, 42.375122 ], [ -83.105586, 42.374119 ], [ -83.108507, 42.373031 ], [ -83.108798, 42.373471 ], [ -83.109088, 42.37391 ], [ -83.109661, 42.374781 ], [ -83.11023, 42.375652 ], [ -83.11079, 42.376503 ], [ -83.110912, 42.376681 ], [ -83.111425, 42.377469 ], [ -83.111571, 42.377691 ], [ -83.111687, 42.377867 ], [ -83.111904, 42.378203 ], [ -83.112286, 42.378799 ] ] ] } },
{ "type": "Feature", "properties": { "GEOID": "261635019001", "NAME": "15000US261635019001", "population": 1267, "acs_year": "2020-2024", "ALAND": 323254, "AWATER": 0, "walk_minutes": 9.8323286945244668, "access_bin": "<= 10 min", "within_15": true, "tract": "26163501900" }, "geometry": { "type": "Polygon", "coordinates": [ [ [ -82.945692, 42.400256 ], [ -82.944762, 42.400596 ], [ -82.943822, 42.400942 ], [ -82.942866, 42.401293 ], [ -82.941908, 42.401643 ], [ -82.940957, 42.401992 ], [ -82.939851, 42.400309 ], [ -82.938786, 42.398679 ], [ -82.937721, 42.39705 ], [ -82.938677, 42.3967 ], [ -82.939634, 42.396347 ], [ -82.940588, 42.395998 ], [ -82.94153, 42.395655 ], [ -82.94246, 42.395313 ], [ -82.94348, 42.394938 ], [ -82.944552, 42.396566 ], [ -82.945622, 42.398193 ], [ -82.946729, 42.399875 ], [ -82.945692, 42.400256 ] ] ] } },
{ "type": "Feature", "properties": { "GEOID": "261635423001", "NAME": "15000US261635423001", "population": 931, "acs_year": "2020-2024", "ALAND": 387236, "AWATER": 0, "walk_minutes": 17.066339879620358, "access_bin": "<= 20 min", "within_15": false, "tract": "26163542300" }, "geometry": { "type": "Polygon", "coordinates": [ [ [ -83.218386, 42.401121 ], [ -83.218203, 42.401127 ], [ -83.217898, 42.401129 ], [ -83.216188, 42.401154 ], [ -83.214234, 42.401188 ], [ -83.212686, 42.40121 ], [ -83.211463, 42.401232 ], [ -83.210635, 42.401248 ], [ -83.210364, 42.401253 ], [ -83.209389, 42.401273 ], [ -83.209044, 42.401279 ], [ -83.208411, 42.401292 ], [ -83.207842, 42.401303 ], [ -83.207292, 42.401314 ], [ -83.206622, 42.401327 ], [ -83.20625, 42.401334 ], [ -83.20517, 42.401359 ], [ -83.204092, 42.401383 ], [ -83.202937, 42.40141 ], [ -83.202886, 42.4003 ], [ -83.202839, 42.399204 ], [ -83.205284, 42.39915 ], [ -83.20652, 42.399122 ], [ -83.206475, 42.39819 ], [ -83.206485, 42.398062 ], [ -83.206386, 42.395894 ], [ -83.207218, 42.39623 ], [ -83.207616, 42.396391 ], [ -83.208225, 42.396637 ], [ -83.208569, 42.396776 ], [ -83.208898, 42.396909 ], [ -83.209693, 42.39723 ], [ -83.210222, 42.397444 ], [ -83.210862, 42.397702 ], [ -83.211508, 42.397963 ], [ -83.212035, 42.398176 ], [ -83.212713, 42.398449 ], [ -83.214128, 42.39902 ], [ -83.215176, 42.399444 ], [ -83.216119, 42.399823 ], [ -83.216708, 42.400059 ], [ -83.21799, 42.40058 ], [ -83.218203, 42.400665 ], [ -83.218385, 42.400738 ], [ -83.218386, 42.401121 ] ] ] } },
{ "type": "Feature", "properties": { "GEOID": "261635061001", "NAME": "15000US261635061001", "population": 1949, "acs_year": "2020-2024", "ALAND": 922603, "AWATER": 0, "walk_minutes": 18.660780617174709, "access_bin": "<= 20 min", "within_15": false, "tract": "26163506100" }, "geometry": { "type": "Polygon", "coordinates": [ [ [ -83.039417, 42.447874 ], [ -83.039364, 42.447875 ], [ -83.037436, 42.447919 ], [ -83.037044, 42.447928 ], [ -83.036621, 42.447929 ], [ -83.034713, 42.447935 ], [ -83.034519, 42.447936 ], [ -83.033304, 42.447957 ], [ -83.032834, 42.447969 ], [ -83.032739, 42.447972 ], [ -83.032666, 42.447974 ], [ -83.032096, 42.447988 ], [ -83.030827, 42.448016 ], [ -83.030618, 42.448021 ], [ -83.029631, 42.448045 ], [ -83.029558, 42.448047 ], [ -83.028406, 42.448075 ], [ -83.028392, 42.448075 ], [ -83.027685, 42.448092 ], [ -83.027583, 42.448095 ], [ -83.027542, 42.448096 ], [ -83.027184, 42.448103 ], [ -83.026775, 42.448113 ], [ -83.025961, 42.448131 ], [ -83.024745, 42.448159 ], [ -83.024678, 42.446098 ], [ -83.024602, 42.443886 ], [ -83.024594, 42.443632 ], [ -83.024501, 42.441341 ], [ -83.02487, 42.441329 ], [ -83.025775, 42.44131 ], [ -83.026545, 42.441292 ], [ -83.026941, 42.441283 ], [ -83.02766, 42.44127 ], [ -83.028165, 42.44126 ], [ -83.028812, 42.441245 ], [ -83.029402, 42.441231 ], [ -83.029929, 42.441219 ], [ -83.030625, 42.441204 ], [ -83.030978, 42.441197 ], [ -83.031848, 42.441178 ], [ -83.033073, 42.441151 ], [ -83.03401, 42.441131 ], [ -83.034298, 42.44112 ], [ -83.034993, 42.441018 ], [ -83.036707, 42.440927 ], [ -83.038019, 42.4409 ], [ -83.038407, 42.440919 ], [ -83.038612, 42.440887 ], [ -83.038811, 42.440843 ], [ -83.039193, 42.440824 ], [ -83.039201, 42.441013 ], [ -83.039317, 42.444138 ], [ -83.039369, 42.445406 ], [ -83.039381, 42.44625 ], [ -83.039417, 42.447874 ] ] ] } },
{ "type": "Feature", "properties": { "GEOID": "261635336001", "NAME": "15000US261635336001", "population": 543, "acs_year": "2020-2024", "ALAND": 456614, "AWATER": 0, "walk_minutes": 36.984989329788533, "access_bin": "> 20 min", "within_15": false, "tract": "26163533600" }, "geometry": { "type": "Polygon", "coordinates": [ [ [ -83.124471, 42.360293 ], [ -83.122933, 42.360878 ], [ -83.122536, 42.361029 ], [ -83.122227, 42.361146 ], [ -83.120992, 42.360644 ], [ -83.119745, 42.360139 ], [ -83.11833, 42.359565 ], [ -83.116919, 42.358992 ], [ -83.11591, 42.358551 ], [ -83.115049, 42.358163 ], [ -83.113266, 42.35734 ], [ -83.112118, 42.356774 ], [ -83.110799, 42.356125 ], [ -83.110875, 42.356057 ], [ -83.111012, 42.355954 ], [ -83.111149, 42.355874 ], [ -83.111237, 42.355833 ], [ -83.111329, 42.355798 ], [ -83.111425, 42.355769 ], [ -83.111525, 42.355746 ], [ -83.111649, 42.355732 ], [ -83.112482, 42.355685 ], [ -83.113635, 42.355212 ], [ -83.11481, 42.354774 ], [ -83.115973, 42.354339 ], [ -83.116212, 42.35425 ], [ -83.117301, 42.35384 ], [ -83.118394, 42.353432 ], [ -83.119351, 42.353074 ], [ -83.119432, 42.353199 ], [ -83.119942, 42.353918 ], [ -83.120524, 42.354743 ], [ -83.121086, 42.355541 ], [ -83.121632, 42.356343 ], [ -83.122197, 42.357156 ], [ -83.122763, 42.357967 ], [ -83.123375, 42.358755 ], [ -83.123925, 42.359524 ], [ -83.124471, 42.360293 ] ] ] } },
{ "type": "Feature", "properties": { "GEOID": "261635401002", "NAME": "15000US261635401002", "population": 1046, "acs_year": "2020-2024", "ALAND": 394128, "AWATER": 0, "walk_minutes": 30.474951064060054, "access_bin": "> 20 min", "within_15": false, "tract": "26163540100" }, "geometry": { "type": "Polygon", "coordinates": [ [ [ -83.216746, 42.444414 ], [ -83.216663, 42.444416 ], [ -83.21614, 42.444429 ], [ -83.215973, 42.444434 ], [ -83.214974, 42.44446 ], [ -83.214442, 42.444475 ], [ -83.214332, 42.444477 ], [ -83.213765, 42.444493 ], [ -83.213609, 42.444495 ], [ -83.212591, 42.444516 ], [ -83.211472, 42.444538 ], [ -83.211368, 42.444539 ], [ -83.210934, 42.444552 ], [ -83.210759, 42.444556 ], [ -83.210637, 42.444558 ], [ -83.210254, 42.444568 ], [ -83.209522, 42.444591 ], [ -83.209113, 42.444601 ], [ -83.207968, 42.444633 ], [ -83.207909, 42.444635 ], [ -83.207845, 42.444636 ], [ -83.206913, 42.444662 ], [ -83.206792, 42.444665 ], [ -83.205897, 42.444689 ], [ -83.205228, 42.444707 ], [ -83.204896, 42.444716 ], [ -83.204789, 42.444648 ], [ -83.20465, 42.444544 ], [ -83.204972, 42.444534 ], [ -83.205205, 42.444521 ], [ -83.205888, 42.444503 ], [ -83.206907, 42.444476 ], [ -83.207955, 42.444433 ], [ -83.207952, 42.44426 ], [ -83.207947, 42.444063 ], [ -83.207882, 42.44288 ], [ -83.207786, 42.44107 ], [ -83.207593, 42.437463 ], [ -83.208726, 42.437437 ], [ -83.209868, 42.437412 ], [ -83.210934, 42.437391 ], [ -83.21114, 42.437387 ], [ -83.212055, 42.43737 ], [ -83.212324, 42.437365 ], [ -83.213179, 42.437349 ], [ -83.21351, 42.437343 ], [ -83.213578, 42.439133 ], [ -83.213648, 42.440943 ], [ -83.213717, 42.442755 ], [ -83.213754, 42.444154 ], [ -83.213759, 42.44432 ], [ -83.214943, 42.444288 ], [ -83.216121, 42.444259 ], [ -83.21673, 42.444244 ], [ -83.217097, 42.444239 ], [ -83.216746, 42.444414 ] ] ] } },
{ "type": "Feature", "properties": { "GEOID": "261635460002", "NAME": "15000US261635460002", "population": 809, "acs_year": "2020-2024", "ALAND": 635009, "AWATER": 0, "walk_minutes": 17.666511070373268, "access_bin": "<= 20 min", "within_15": false, "tract": "26163546000" }, "geometry": { "type": "Polygon", "coordinates": [ [ [ -83.226212, 42.357709 ], [ -83.224875, 42.357727 ], [ -83.223703, 42.357744 ], [ -83.222534, 42.35776 ], [ -83.221338, 42.357775 ], [ -83.220103, 42.357793 ], [ -83.218906, 42.357811 ], [ -83.217708, 42.357827 ], [ -83.216908, 42.357837 ], [ -83.216581, 42.357845 ], [ -83.216471, 42.354868 ], [ -83.216426, 42.354297 ], [ -83.216457, 42.351816 ], [ -83.216446, 42.350616 ], [ -83.21678, 42.350612 ], [ -83.217443, 42.350603 ], [ -83.21864, 42.350585 ], [ -83.219838, 42.350567 ], [ -83.221068, 42.350548 ], [ -83.222257, 42.350529 ], [ -83.223427, 42.350511 ], [ -83.224597, 42.350496 ], [ -83.225932, 42.350473 ], [ -83.226002, 42.352281 ], [ -83.226072, 42.354092 ], [ -83.226141, 42.355871 ], [ -83.226212, 42.357709 ] ] ] } },
{ "type": "Feature", "properties": { "GEOID": "261635373001", "NAME": "15000US261635373001", "population": 470, "acs_year": "2020-2024", "ALAND": 326983, "AWATER": 0, "walk_minutes": 10.198849457308707, "access_bin": "<= 15 min", "within_15": true, "tract": "26163537300" }, "geometry": { "type": "Polygon", "coordinates": [ [ [ -83.198365, 42.392657 ], [ -83.196335, 42.391838 ], [ -83.195183, 42.391374 ], [ -83.194579, 42.39113 ], [ -83.193962, 42.390882 ], [ -83.193361, 42.39064 ], [ -83.192497, 42.390291 ], [ -83.191784, 42.390003 ], [ -83.191298, 42.389809 ], [ -83.190412, 42.389453 ], [ -83.190111, 42.389331 ], [ -83.189407, 42.389049 ], [ -83.188969, 42.388872 ], [ -83.188379, 42.388634 ], [ -83.187212, 42.388165 ], [ -83.186021, 42.387686 ], [ -83.185421, 42.387444 ], [ -83.186104, 42.387424 ], [ -83.187447, 42.387386 ], [ -83.188323, 42.387359 ], [ -83.188461, 42.387355 ], [ -83.188903, 42.387342 ], [ -83.189476, 42.387324 ], [ -83.190025, 42.387308 ], [ -83.190497, 42.387292 ], [ -83.19119, 42.38727 ], [ -83.191461, 42.387261 ], [ -83.192503, 42.387228 ], [ -83.193785, 42.387186 ], [ -83.194744, 42.387155 ], [ -83.195022, 42.387146 ], [ -83.195642, 42.387127 ], [ -83.196218, 42.387108 ], [ -83.196847, 42.38709 ], [ -83.19817, 42.387052 ], [ -83.1982, 42.387865 ], [ -83.198229, 42.388686 ], [ -83.198251, 42.389349 ], [ -83.198311, 42.391085 ], [ -83.198342, 42.39175 ], [ -83.198365, 42.392657 ] ] ] } },
{ "type": "Feature", "properties": { "GEOID": "261635451001", "NAME": "15000US261635451001", "population": 596, "acs_year": "2020-2024", "ALAND": 804521, "AWATER": 0, "walk_minutes": 23.236445268946323, "access_bin": "> 20 min", "within_15": false, "tract": "26163545100" }, "geometry": { "type": "Polygon", "coordinates": [ [ [ -83.216931, 42.378803 ], [ -83.21687, 42.378802 ], [ -83.216733, 42.378803 ], [ -83.2115, 42.378855 ], [ -83.211159, 42.378859 ], [ -83.21044, 42.378884 ], [ -83.209399, 42.378936 ], [ -83.208751, 42.378981 ], [ -83.208637, 42.378986 ], [ -83.2077, 42.379033 ], [ -83.206547, 42.379099 ], [ -83.206302, 42.379113 ], [ -83.205668, 42.379139 ], [ -83.205158, 42.37916 ], [ -83.204029, 42.379196 ], [ -83.202383, 42.379216 ], [ -83.202057, 42.37922 ], [ -83.198232, 42.379234 ], [ -83.198112, 42.379233 ], [ -83.198044, 42.379232 ], [ -83.198042, 42.379064 ], [ -83.198033, 42.378894 ], [ -83.198007, 42.378573 ], [ -83.197991, 42.378243 ], [ -83.197921, 42.377946 ], [ -83.197857, 42.377718 ], [ -83.197795, 42.377383 ], [ -83.197757, 42.377056 ], [ -83.198919, 42.377032 ], [ -83.20013, 42.377013 ], [ -83.201345, 42.376994 ], [ -83.202533, 42.376976 ], [ -83.203734, 42.376964 ], [ -83.204939, 42.376946 ], [ -83.206148, 42.376928 ], [ -83.206062, 42.374628 ], [ -83.205978, 42.372455 ], [ -83.207185, 42.372438 ], [ -83.208391, 42.372416 ], [ -83.209601, 42.372394 ], [ -83.210808, 42.37237 ], [ -83.212014, 42.372338 ], [ -83.213228, 42.372307 ], [ -83.214434, 42.372294 ], [ -83.215639, 42.372268 ], [ -83.216265, 42.37226 ], [ -83.216585, 42.372257 ], [ -83.216658, 42.3741 ], [ -83.216664, 42.374246 ], [ -83.216678, 42.374374 ], [ -83.21669, 42.374776 ], [ -83.216763, 42.376432 ], [ -83.216827, 42.377447 ], [ -83.216866, 42.378073 ], [ -83.216873, 42.378245 ], [ -83.216883, 42.378409 ], [ -83.216892, 42.378485 ], [ -83.216912, 42.378639 ], [ -83.216925, 42.37875 ], [ -83.216931, 42.378803 ] ] ] } },
{ "type": "Feature", "properties": { "GEOID": "261635387001", "NAME": "15000US261635387001", "population": 1583, "acs_year": "2020-2024", "ALAND": 651468, "AWATER": 0, "walk_minutes": 8.412655897684262, "access_bin": "<= 10 min", "within_15": true, "tract": "26163538700" }, "geometry": { "type": "Polygon", "coordinates": [ [ [ -83.170438, 42.423993 ], [ -83.170204, 42.423997 ], [ -83.169902, 42.424003 ], [ -83.169389, 42.424014 ], [ -83.168337, 42.424035 ], [ -83.167239, 42.424054 ], [ -83.166158, 42.424076 ], [ -83.165058, 42.424095 ], [ -83.163971, 42.424116 ], [ -83.162881, 42.424137 ], [ -83.161792, 42.424158 ], [ -83.160719, 42.424176 ], [ -83.16071, 42.423922 ], [ -83.160626, 42.422366 ], [ -83.160525, 42.420559 ], [ -83.160423, 42.418742 ], [ -83.160324, 42.416932 ], [ -83.161397, 42.416903 ], [ -83.162481, 42.416871 ], [ -83.163569, 42.41684 ], [ -83.164652, 42.41681 ], [ -83.165798, 42.416777 ], [ -83.166882, 42.416746 ], [ -83.167966, 42.416715 ], [ -83.169016, 42.416685 ], [ -83.170129, 42.416656 ], [ -83.170155, 42.417405 ], [ -83.170204, 42.418493 ], [ -83.170291, 42.420299 ], [ -83.170313, 42.420904 ], [ -83.170362, 42.422172 ], [ -83.170438, 42.423993 ] ] ] } },
{ "type": "Feature", "properties": { "GEOID": "261635020001", "NAME": "15000US261635020001", "population": 2143, "acs_year": "2020-2024", "ALAND": 894349, "AWATER": 0, "walk_minutes": 14.280521906968598, "access_bin": "<= 15 min", "within_15": true, "tract": "26163502000" }, "geometry": { "type": "Polygon", "coordinates": [ [ [ -82.954492, 42.397021 ], [ -82.953617, 42.397342 ], [ -82.953337, 42.397445 ], [ -82.952534, 42.397743 ], [ -82.952385, 42.397798 ], [ -82.951357, 42.398178 ], [ -82.950374, 42.398539 ], [ -82.94981, 42.398746 ], [ -82.948842, 42.399101 ], [ -82.947828, 42.399474 ], [ -82.946729, 42.399875 ], [ -82.945622, 42.398193 ], [ -82.944552, 42.396566 ], [ -82.94348, 42.394938 ], [ -82.942408, 42.393309 ], [ -82.941338, 42.391681 ], [ -82.940267, 42.390054 ], [ -82.939596, 42.389023 ], [ -82.939416, 42.388771 ], [ -82.939603, 42.388728 ], [ -82.940571, 42.388543 ], [ -82.94089, 42.388479 ], [ -82.941662, 42.388344 ], [ -82.94221, 42.388247 ], [ -82.94259, 42.388183 ], [ -82.942711, 42.38816 ], [ -82.942743, 42.388154 ], [ -82.942891, 42.388128 ], [ -82.943353, 42.388047 ], [ -82.944039, 42.387925 ], [ -82.944473, 42.387847 ], [ -82.945602, 42.387648 ], [ -82.94647, 42.387495 ], [ -82.946644, 42.387469 ], [ -82.947699, 42.3873 ], [ -82.94794, 42.387661 ], [ -82.949365, 42.389786 ], [ -82.949576, 42.390103 ], [ -82.950843, 42.391995 ], [ -82.951033, 42.392279 ], [ -82.952049, 42.393796 ], [ -82.952646, 42.394692 ], [ -82.953091, 42.395358 ], [ -82.953201, 42.395512 ], [ -82.953257, 42.395585 ], [ -82.954145, 42.396617 ], [ -82.954492, 42.397021 ] ] ] } },
{ "type": "Feature", "properties": { "GEOID": "261635386003", "NAME": "15000US261635386003", "population": 899, "acs_year": "2020-2024", "ALAND": 310589, "AWATER": 0, "walk_minutes": 18.191725075337942, "access_bin": "<= 20 min", "within_15": false, "tract": "26163538600" }, "geometry": { "type": "Polygon", "coordinates": [ [ [ -83.156622, 42.431388 ], [ -83.155488, 42.431393 ], [ -83.15428, 42.431399 ], [ -83.153068, 42.431404 ], [ -83.151858, 42.431413 ], [ -83.151811, 42.429616 ], [ -83.151761, 42.427849 ], [ -83.151669, 42.426065 ], [ -83.151572, 42.424283 ], [ -83.152787, 42.424269 ], [ -83.154006, 42.424254 ], [ -83.155257, 42.42424 ], [ -83.156361, 42.424228 ], [ -83.156375, 42.424498 ], [ -83.156424, 42.426017 ], [ -83.156483, 42.427683 ], [ -83.156492, 42.427811 ], [ -83.156508, 42.428039 ], [ -83.156562, 42.429592 ], [ -83.156622, 42.431388 ] ] ] } },
{ "type": "Feature", "properties": { "GEOID": "261635461002", "NAME": "15000US261635461002", "population": 2307, "acs_year": "2020-2024", "ALAND": 537639, "AWATER": 0, "walk_minutes": 22.211158006144199, "access_bin": "> 20 min", "within_15": false, "tract": "26163546100" }, "geometry": { "type": "Polygon", "coordinates": [ [ [ -83.24475, 42.350163 ], [ -83.2442, 42.350175 ], [ -83.243008, 42.350203 ], [ -83.242774, 42.350207 ], [ -83.241797, 42.350227 ], [ -83.241605, 42.350232 ], [ -83.24057, 42.350253 ], [ -83.240433, 42.350255 ], [ -83.239302, 42.350275 ], [ -83.23811, 42.350294 ], [ -83.236883, 42.350313 ], [ -83.235652, 42.350334 ], [ -83.235522, 42.346804 ], [ -83.235387, 42.343126 ], [ -83.236618, 42.343104 ], [ -83.237846, 42.343086 ], [ -83.23901, 42.343066 ], [ -83.240015, 42.343047 ], [ -83.240186, 42.343044 ], [ -83.241355, 42.343022 ], [ -83.242505, 42.343005 ], [ -83.242584, 42.343194 ], [ -83.242714, 42.343443 ], [ -83.243697, 42.346676 ], [ -83.244202, 42.34826 ], [ -83.244244, 42.34844 ], [ -83.244263, 42.348607 ], [ -83.244513, 42.349482 ], [ -83.24475, 42.350163 ] ] ] } },
{ "type": "Feature", "properties": { "GEOID": "261635451002", "NAME": "15000US261635451002", "population": 423, "acs_year": "2020-2024", "ALAND": 345673, "AWATER": 0, "walk_minutes": 14.065526216290072, "access_bin": "<= 15 min", "within_15": true, "tract": "26163545100" }, "geometry": { "type": "Polygon", "coordinates": [ [ [ -83.206148, 42.376928 ], [ -83.204939, 42.376946 ], [ -83.203734, 42.376964 ], [ -83.202533, 42.376976 ], [ -83.201345, 42.376994 ], [ -83.20013, 42.377013 ], [ -83.198919, 42.377032 ], [ -83.197757, 42.377056 ], [ -83.197735, 42.376892 ], [ -83.197706, 42.376569 ], [ -83.197699, 42.376262 ], [ -83.197686, 42.376129 ], [ -83.197628, 42.374746 ], [ -83.197616, 42.374447 ], [ -83.197591, 42.373338 ], [ -83.19756, 42.37256 ], [ -83.198745, 42.372544 ], [ -83.199957, 42.372528 ], [ -83.201169, 42.372511 ], [ -83.202329, 42.372495 ], [ -83.203562, 42.372483 ], [ -83.204768, 42.372471 ], [ -83.205978, 42.372455 ], [ -83.206062, 42.374628 ], [ -83.206148, 42.376928 ] ] ] } },
{ "type": "Feature", "properties": { "GEOID": "261635302002", "NAME": "15000US261635302002", "population": 1130, "acs_year": "2020-2024", "ALAND": 600809, "AWATER": 0, "walk_minutes": 22.156256910295856, "access_bin": "> 20 min", "within_15": false, "tract": "26163530200" }, "geometry": { "type": "Polygon", "coordinates": [ [ [ -83.140537, 42.409904 ], [ -83.139496, 42.409923 ], [ -83.138545, 42.40994 ], [ -83.138366, 42.409943 ], [ -83.137564, 42.409958 ], [ -83.13727, 42.409963 ], [ -83.136585, 42.409976 ], [ -83.136174, 42.409984 ], [ -83.135603, 42.409994 ], [ -83.134977, 42.410005 ], [ -83.134617, 42.410004 ], [ -83.133755, 42.410015 ], [ -83.133628, 42.410016 ], [ -83.132653, 42.41003 ], [ -83.132519, 42.410033 ], [ -83.131679, 42.410053 ], [ -83.131315, 42.410062 ], [ -83.130702, 42.410078 ], [ -83.130082, 42.410089 ], [ -83.129726, 42.410099 ], [ -83.128924, 42.410123 ], [ -83.128748, 42.410127 ], [ -83.127807, 42.410154 ], [ -83.127689, 42.410155 ], [ -83.127517, 42.40778 ], [ -83.127459, 42.406534 ], [ -83.127424, 42.405798 ], [ -83.127422, 42.405585 ], [ -83.127411, 42.405218 ], [ -83.127409, 42.405156 ], [ -83.127406, 42.40508 ], [ -83.128953, 42.405047 ], [ -83.129549, 42.405035 ], [ -83.130395, 42.405017 ], [ -83.130492, 42.405011 ], [ -83.131109, 42.404989 ], [ -83.133298, 42.404947 ], [ -83.133437, 42.404944 ], [ -83.133721, 42.404939 ], [ -83.135558, 42.404897 ], [ -83.136812, 42.404864 ], [ -83.136914, 42.404862 ], [ -83.140343, 42.404807 ], [ -83.140349, 42.404957 ], [ -83.140362, 42.405275 ], [ -83.140399, 42.406266 ], [ -83.140417, 42.406736 ], [ -83.140449, 42.407556 ], [ -83.140537, 42.409904 ] ] ] } },
{ "type": "Feature", "properties": { "GEOID": "261635247003", "NAME": "15000US261635247003", "population": 1017, "acs_year": "2020-2024", "ALAND": 634591, "AWATER": 0, "walk_minutes": 63.166944740547969, "access_bin": "> 20 min", "within_15": false, "tract": "26163524700" }, "geometry": { "type": "Polygon", "coordinates": [ [ [ -83.156295, 42.277136 ], [ -83.154518, 42.277726 ], [ -83.15385, 42.277963 ], [ -83.153559, 42.278081 ], [ -83.153375, 42.278162 ], [ -83.153165, 42.278262 ], [ -83.15296, 42.278367 ], [ -83.152761, 42.278478 ], [ -83.152438, 42.278676 ], [ -83.152109, 42.278904 ], [ -83.152025, 42.278968 ], [ -83.15192, 42.279048 ], [ -83.151738, 42.279195 ], [ -83.151448, 42.279451 ], [ -83.151284, 42.27961 ], [ -83.151126, 42.279773 ], [ -83.150853, 42.280083 ], [ -83.150126, 42.280949 ], [ -83.149785, 42.281361 ], [ -83.149388, 42.281841 ], [ -83.148956, 42.282244 ], [ -83.148697, 42.282473 ], [ -83.148358, 42.282748 ], [ -83.148043, 42.282982 ], [ -83.147722, 42.282835 ], [ -83.147602, 42.28278 ], [ -83.146706, 42.28237 ], [ -83.145768, 42.281941 ], [ -83.144007, 42.281135 ], [ -83.143117, 42.280727 ], [ -83.14299, 42.280669 ], [ -83.14195, 42.280193 ], [ -83.141218, 42.279856 ], [ -83.140897, 42.279709 ], [ -83.140368, 42.279466 ], [ -83.140621, 42.279176 ], [ -83.140821, 42.278928 ], [ -83.142216, 42.277314 ], [ -83.143534, 42.275735 ], [ -83.143679, 42.275781 ], [ -83.143817, 42.275811 ], [ -83.144076, 42.275852 ], [ -83.14435, 42.275876 ], [ -83.144514, 42.275882 ], [ -83.144892, 42.275863 ], [ -83.145028, 42.275857 ], [ -83.145318, 42.275816 ], [ -83.145489, 42.275783 ], [ -83.146635, 42.275505 ], [ -83.148463, 42.27506 ], [ -83.148708, 42.274999 ], [ -83.148859, 42.274968 ], [ -83.149002, 42.274945 ], [ -83.149122, 42.274935 ], [ -83.149523, 42.274905 ], [ -83.14993, 42.274913 ], [ -83.150304, 42.274935 ], [ -83.150615, 42.274964 ], [ -83.151062, 42.275021 ], [ -83.151483, 42.2751 ], [ -83.151938, 42.275192 ], [ -83.152583, 42.275335 ], [ -83.153041, 42.275445 ], [ -83.153147, 42.275471 ], [ -83.153358, 42.275526 ], [ -83.153568, 42.27558 ], [ -83.154235, 42.275791 ], [ -83.154532, 42.275888 ], [ -83.154954, 42.276039 ], [ -83.155157, 42.276169 ], [ -83.155252, 42.276229 ], [ -83.155391, 42.276336 ], [ -83.155474, 42.276411 ], [ -83.155827, 42.276733 ], [ -83.156076, 42.276947 ], [ -83.156295, 42.277136 ] ] ] } },
{ "type": "Feature", "properties": { "GEOID": "261635247002", "NAME": "15000US261635247002", "population": 971, "acs_year": "2020-2024", "ALAND": 778626, "AWATER": 0, "walk_minutes": 65.480491242303174, "access_bin": "> 20 min", "within_15": false, "tract": "26163524700" }, "geometry": { "type": "Polygon", "coordinates": [ [ [ -83.165103, 42.270067 ], [ -83.161843, 42.273943 ], [ -83.161487, 42.274351 ], [ -83.161358, 42.274609 ], [ -83.161173, 42.274975 ], [ -83.160802, 42.275453 ], [ -83.160606, 42.275713 ], [ -83.15852, 42.278474 ], [ -83.15824, 42.278844 ], [ -83.158041, 42.278674 ], [ -83.157929, 42.278577 ], [ -83.157693, 42.278384 ], [ -83.157454, 42.278157 ], [ -83.156641, 42.277442 ], [ -83.156467, 42.277288 ], [ -83.156295, 42.277136 ], [ -83.156076, 42.276947 ], [ -83.155827, 42.276733 ], [ -83.155474, 42.276411 ], [ -83.155391, 42.276336 ], [ -83.155252, 42.276229 ], [ -83.155157, 42.276169 ], [ -83.154954, 42.276039 ], [ -83.154532, 42.275888 ], [ -83.154235, 42.275791 ], [ -83.153568, 42.27558 ], [ -83.153358, 42.275526 ], [ -83.153147, 42.275471 ], [ -83.153041, 42.275445 ], [ -83.152583, 42.275335 ], [ -83.151938, 42.275192 ], [ -83.151483, 42.2751 ], [ -83.151062, 42.275021 ], [ -83.150615, 42.274964 ], [ -83.152774, 42.272383 ], [ -83.154386, 42.270464 ], [ -83.156011, 42.26852 ], [ -83.156701, 42.267696 ], [ -83.156928, 42.267436 ], [ -83.157042, 42.267287 ], [ -83.157123, 42.267164 ], [ -83.157174, 42.267069 ], [ -83.157217, 42.266972 ], [ -83.157275, 42.266801 ], [ -83.157306, 42.266733 ], [ -83.157406, 42.266572 ], [ -83.157478, 42.26648 ], [ -83.158592, 42.267001 ], [ -83.158733, 42.267067 ], [ -83.159653, 42.267499 ], [ -83.159676, 42.267506 ], [ -83.159954, 42.267635 ], [ -83.160766, 42.268016 ], [ -83.161595, 42.268405 ], [ -83.161959, 42.268573 ], [ -83.16254, 42.268845 ], [ -83.163457, 42.269272 ], [ -83.164362, 42.269693 ], [ -83.164864, 42.269926 ], [ -83.16489, 42.269946 ], [ -83.164901, 42.269966 ], [ -83.165103, 42.270067 ] ] ] } },
{ "type": "Feature", "properties": { "GEOID": "261635371002", "NAME": "15000US261635371002", "population": 554, "acs_year": "2020-2024", "ALAND": 359563, "AWATER": 0, "walk_minutes": 14.131694173005243, "access_bin": "<= 15 min", "within_15": true, "tract": "26163537100" }, "geometry": { "type": "Polygon", "coordinates": [ [ [ -83.184526, 42.401938 ], [ -83.183412, 42.401976 ], [ -83.182294, 42.401997 ], [ -83.181246, 42.402027 ], [ -83.180193, 42.402057 ], [ -83.179129, 42.40208 ], [ -83.179031, 42.399883 ], [ -83.17891, 42.39725 ], [ -83.1788, 42.394824 ], [ -83.179852, 42.394799 ], [ -83.180728, 42.394774 ], [ -83.181951, 42.394739 ], [ -83.183082, 42.394707 ], [ -83.184224, 42.394666 ], [ -83.184322, 42.397102 ], [ -83.18443, 42.399735 ], [ -83.184526, 42.401938 ] ] ] } },
{ "type": "Feature", "properties": { "GEOID": "261635238002", "NAME": "15000US261635238002", "population": 1771, "acs_year": "2020-2024", "ALAND": 388617, "AWATER": 0, "walk_minutes": 13.491702216114467, "access_bin": "<= 15 min", "within_15": true, "tract": "26163523800" }, "geometry": { "type": "Polygon", "coordinates": [ [ [ -83.118037, 42.309354 ], [ -83.116615, 42.311412 ], [ -83.115031, 42.313705 ], [ -83.11473, 42.31329 ], [ -83.114531, 42.313013 ], [ -83.114263, 42.312636 ], [ -83.113742, 42.311927 ], [ -83.113589, 42.311716 ], [ -83.113044, 42.310963 ], [ -83.11239, 42.310062 ], [ -83.111144, 42.308349 ], [ -83.109901, 42.30664 ], [ -83.109415, 42.305969 ], [ -83.109165, 42.305626 ], [ -83.110301, 42.305169 ], [ -83.111576, 42.304656 ], [ -83.113209, 42.304006 ], [ -83.113988, 42.303705 ], [ -83.114214, 42.304037 ], [ -83.114548, 42.304493 ], [ -83.115081, 42.305234 ], [ -83.115649, 42.306024 ], [ -83.116201, 42.306793 ], [ -83.116757, 42.307562 ], [ -83.117318, 42.308333 ], [ -83.117772, 42.308973 ], [ -83.118037, 42.309354 ] ] ] } },
{ "type": "Feature", "properties": { "GEOID": "261635233002", "NAME": "15000US261635233002", "population": 782, "acs_year": "2020-2024", "ALAND": 269553, "AWATER": 0, "walk_minutes": 14.080963468195899, "access_bin": "<= 15 min", "within_15": true, "tract": "26163523300" }, "geometry": { "type": "Polygon", "coordinates": [ [ [ -83.101832, 42.317819 ], [ -83.100667, 42.318298 ], [ -83.099503, 42.318778 ], [ -83.098338, 42.319256 ], [ -83.097164, 42.319737 ], [ -83.0962, 42.320131 ], [ -83.095838, 42.320274 ], [ -83.094091, 42.317832 ], [ -83.093131, 42.316495 ], [ -83.09446, 42.31596 ], [ -83.094655, 42.315882 ], [ -83.095623, 42.31547 ], [ -83.096772, 42.314975 ], [ -83.097923, 42.314479 ], [ -83.099074, 42.313984 ], [ -83.099565, 42.314663 ], [ -83.100122, 42.315436 ], [ -83.10068, 42.316214 ], [ -83.101832, 42.317819 ] ] ] } },
{ "type": "Feature", "properties": { "GEOID": "261635318002", "NAME": "15000US261635318002", "population": 724, "acs_year": "2020-2024", "ALAND": 381798, "AWATER": 0, "walk_minutes": 16.475428045347339, "access_bin": "<= 20 min", "within_15": false, "tract": "26163531800" }, "geometry": { "type": "Polygon", "coordinates": [ [ [ -83.118757, 42.388164 ], [ -83.115386, 42.389441 ], [ -83.112215, 42.390642 ], [ -83.110659, 42.391233 ], [ -83.110401, 42.391331 ], [ -83.110652, 42.391791 ], [ -83.110375, 42.391894 ], [ -83.1102, 42.39196 ], [ -83.110127, 42.391854 ], [ -83.109853, 42.391458 ], [ -83.109694, 42.391228 ], [ -83.10957, 42.391049 ], [ -83.109218, 42.390539 ], [ -83.109015, 42.390243 ], [ -83.10874, 42.389847 ], [ -83.108512, 42.389517 ], [ -83.10827, 42.389166 ], [ -83.10806, 42.388863 ], [ -83.107817, 42.388512 ], [ -83.107603, 42.388211 ], [ -83.107544, 42.388132 ], [ -83.107317, 42.387799 ], [ -83.109604, 42.386946 ], [ -83.112774, 42.385761 ], [ -83.112848, 42.385726 ], [ -83.112932, 42.385687 ], [ -83.113175, 42.385611 ], [ -83.116209, 42.38448 ], [ -83.11671, 42.38519 ], [ -83.116797, 42.385313 ], [ -83.117171, 42.385841 ], [ -83.117371, 42.386123 ], [ -83.117642, 42.386514 ], [ -83.117928, 42.386933 ], [ -83.118139, 42.387246 ], [ -83.118484, 42.387758 ], [ -83.11858, 42.387901 ], [ -83.118757, 42.388164 ] ] ] } },
{ "type": "Feature", "properties": { "GEOID": "261635319001", "NAME": "15000US261635319001", "population": 713, "acs_year": "2020-2024", "ALAND": 707420, "AWATER": 0, "walk_minutes": 22.889815616646448, "access_bin": "> 20 min", "within_15": false, "tract": "26163531900" }, "geometry": { "type": "Polygon", "coordinates": [ [ [ -83.112966, 42.396354 ], [ -83.112577, 42.396526 ], [ -83.112083, 42.396773 ], [ -83.111815, 42.396918 ], [ -83.111664, 42.397012 ], [ -83.111581, 42.397063 ], [ -83.111335, 42.397235 ], [ -83.1111, 42.397422 ], [ -83.110962, 42.397526 ], [ -83.110387, 42.397985 ], [ -83.110108, 42.398168 ], [ -83.109779, 42.398337 ], [ -83.109448, 42.398461 ], [ -83.109048, 42.398585 ], [ -83.108912, 42.398386 ], [ -83.108886, 42.398348 ], [ -83.108706, 42.398085 ], [ -83.108563, 42.397876 ], [ -83.108551, 42.397849 ], [ -83.107962, 42.396969 ], [ -83.107762, 42.396672 ], [ -83.107134, 42.39574 ], [ -83.107015, 42.395462 ], [ -83.106881, 42.395007 ], [ -83.106628, 42.394644 ], [ -83.106471, 42.394365 ], [ -83.106342, 42.394116 ], [ -83.106284, 42.39399 ], [ -83.106173, 42.393751 ], [ -83.106101, 42.393577 ], [ -83.105906, 42.393101 ], [ -83.105462, 42.392489 ], [ -83.104891, 42.391693 ], [ -83.104415, 42.39103 ], [ -83.104337, 42.390932 ], [ -83.103719, 42.390142 ], [ -83.103553, 42.389931 ], [ -83.103335, 42.389644 ], [ -83.103164, 42.389393 ], [ -83.103009, 42.389152 ], [ -83.102943, 42.38905 ], [ -83.102593, 42.388551 ], [ -83.102524, 42.388452 ], [ -83.102278, 42.388084 ], [ -83.102115, 42.387842 ], [ -83.100994, 42.386152 ], [ -83.100742, 42.385796 ], [ -83.100401, 42.385317 ], [ -83.100173, 42.385058 ], [ -83.099885, 42.384774 ], [ -83.099555, 42.384482 ], [ -83.099391, 42.384348 ], [ -83.099144, 42.384158 ], [ -83.09893, 42.384008 ], [ -83.098701, 42.383864 ], [ -83.098889, 42.383787 ], [ -83.099111, 42.38365 ], [ -83.099201, 42.38368 ], [ -83.099264, 42.38366 ], [ -83.100505, 42.383209 ], [ -83.103078, 42.38225 ], [ -83.103428, 42.382091 ], [ -83.103943, 42.382893 ], [ -83.104524, 42.383743 ], [ -83.10507, 42.384534 ], [ -83.10563, 42.385347 ], [ -83.105791, 42.38558 ], [ -83.106202, 42.386173 ], [ -83.106306, 42.386323 ], [ -83.106763, 42.38699 ], [ -83.107317, 42.387799 ], [ -83.107544, 42.388132 ], [ -83.107603, 42.388211 ], [ -83.107817, 42.388512 ], [ -83.10806, 42.388863 ], [ -83.10827, 42.389166 ], [ -83.108512, 42.389517 ], [ -83.10874, 42.389847 ], [ -83.109015, 42.390243 ], [ -83.109218, 42.390539 ], [ -83.10957, 42.391049 ], [ -83.109694, 42.391228 ], [ -83.109853, 42.391458 ], [ -83.110127, 42.391854 ], [ -83.1102, 42.39196 ], [ -83.110695, 42.392677 ], [ -83.111208, 42.39342 ], [ -83.111679, 42.394104 ], [ -83.11177, 42.394238 ], [ -83.112304, 42.395012 ], [ -83.112766, 42.395683 ], [ -83.112822, 42.395764 ], [ -83.113195, 42.396299 ], [ -83.112966, 42.396354 ] ] ] } },
{ "type": "Feature", "properties": { "GEOID": "261635324001", "NAME": "15000US261635324001", "population": 1170, "acs_year": "2020-2024", "ALAND": 546624, "AWATER": 0, "walk_minutes": 9.3573550391669986, "access_bin": "<= 10 min", "within_15": true, "tract": "26163532400" }, "geometry": { "type": "Polygon", "coordinates": [ [ [ -83.08984, 42.379871 ], [ -83.087754, 42.380638 ], [ -83.084776, 42.381736 ], [ -83.081738, 42.382815 ], [ -83.081207, 42.382024 ], [ -83.080672, 42.381231 ], [ -83.080593, 42.381113 ], [ -83.080092, 42.380368 ], [ -83.079581, 42.379608 ], [ -83.079031, 42.378791 ], [ -83.078486, 42.37798 ], [ -83.07794, 42.377169 ], [ -83.080951, 42.376055 ], [ -83.083937, 42.374964 ], [ -83.086051, 42.374192 ], [ -83.086363, 42.374053 ], [ -83.088029, 42.376498 ], [ -83.088732, 42.377531 ], [ -83.089768, 42.379111 ], [ -83.090225, 42.379716 ], [ -83.08984, 42.379871 ] ] ] } },
{ "type": "Feature", "properties": { "GEOID": "261635339001", "NAME": "15000US261635339001", "population": 746, "acs_year": "2020-2024", "ALAND": 196793, "AWATER": 0, "walk_minutes": 7.3688994644969004, "access_bin": "<= 10 min", "within_15": true, "tract": "26163533900" }, "geometry": { "type": "Polygon", "coordinates": [ [ [ -83.086051, 42.374192 ], [ -83.083937, 42.374964 ], [ -83.080951, 42.376055 ], [ -83.07794, 42.377169 ], [ -83.077423, 42.376404 ], [ -83.077338, 42.376278 ], [ -83.076935, 42.37568 ], [ -83.07655, 42.375106 ], [ -83.077041, 42.374914 ], [ -83.079565, 42.373997 ], [ -83.082553, 42.37291 ], [ -83.084607, 42.372161 ], [ -83.084964, 42.37203 ], [ -83.085977, 42.373655 ], [ -83.086363, 42.374053 ], [ -83.086051, 42.374192 ] ] ] } },
{ "type": "Feature", "properties": { "GEOID": "261635334002", "NAME": "15000US261635334002", "population": 747, "acs_year": "2020-2024", "ALAND": 346292, "AWATER": 0, "walk_minutes": 21.115846254793915, "access_bin": "> 20 min", "within_15": false, "tract": "26163533400" }, "geometry": { "type": "Polygon", "coordinates": [ [ [ -83.121136, 42.368828 ], [ -83.120254, 42.369158 ], [ -83.119928, 42.369282 ], [ -83.11937, 42.369493 ], [ -83.117631, 42.37015 ], [ -83.117179, 42.369483 ], [ -83.116737, 42.368831 ], [ -83.116284, 42.368163 ], [ -83.115818, 42.367476 ], [ -83.115339, 42.366771 ], [ -83.11486, 42.366064 ], [ -83.11438, 42.365359 ], [ -83.113904, 42.364657 ], [ -83.113428, 42.363957 ], [ -83.115732, 42.363094 ], [ -83.11787, 42.362294 ], [ -83.120539, 42.361292 ], [ -83.121301, 42.361596 ], [ -83.12124, 42.361696 ], [ -83.121027, 42.36199 ], [ -83.120473, 42.363074 ], [ -83.119834, 42.364199 ], [ -83.119619, 42.364576 ], [ -83.119529, 42.364734 ], [ -83.119258, 42.365212 ], [ -83.119778, 42.365986 ], [ -83.120236, 42.366662 ], [ -83.12068, 42.367317 ], [ -83.121125, 42.367972 ], [ -83.12159, 42.368659 ], [ -83.121136, 42.368828 ] ] ] } },
{ "type": "Feature", "properties": { "GEOID": "261635336002", "NAME": "15000US261635336002", "population": 849, "acs_year": "2020-2024", "ALAND": 460480, "AWATER": 0, "walk_minutes": 39.576330946782917, "access_bin": "> 20 min", "within_15": false, "tract": "26163533600" }, "geometry": { "type": "Polygon", "coordinates": [ [ [ -83.130105, 42.358152 ], [ -83.126411, 42.359554 ], [ -83.124471, 42.360293 ], [ -83.123925, 42.359524 ], [ -83.123375, 42.358755 ], [ -83.122763, 42.357967 ], [ -83.122197, 42.357156 ], [ -83.121632, 42.356343 ], [ -83.121086, 42.355541 ], [ -83.120524, 42.354743 ], [ -83.119942, 42.353918 ], [ -83.119432, 42.353199 ], [ -83.119351, 42.353074 ], [ -83.120444, 42.352665 ], [ -83.121315, 42.352338 ], [ -83.121433, 42.352294 ], [ -83.122573, 42.351859 ], [ -83.122661, 42.35183 ], [ -83.122713, 42.351825 ], [ -83.123124, 42.351838 ], [ -83.124381, 42.35186 ], [ -83.125659, 42.351882 ], [ -83.126159, 42.352596 ], [ -83.12672, 42.353385 ], [ -83.127285, 42.354181 ], [ -83.127855, 42.354987 ], [ -83.128431, 42.355795 ], [ -83.129008, 42.356609 ], [ -83.129558, 42.357382 ], [ -83.130105, 42.358152 ] ] ] } },
{ "type": "Feature", "properties": { "GEOID": "261635341002", "NAME": "15000US261635341002", "population": 868, "acs_year": "2020-2024", "ALAND": 320350, "AWATER": 0, "walk_minutes": 15.491577080650194, "access_bin": "<= 20 min", "within_15": false, "tract": "26163534100" }, "geometry": { "type": "Polygon", "coordinates": [ [ [ -83.146637, 42.381033 ], [ -83.146452, 42.381036 ], [ -83.146175, 42.381042 ], [ -83.145177, 42.381062 ], [ -83.145062, 42.381064 ], [ -83.144206, 42.381081 ], [ -83.14399, 42.381086 ], [ -83.143694, 42.381092 ], [ -83.142563, 42.381114 ], [ -83.141477, 42.381136 ], [ -83.140386, 42.381157 ], [ -83.139842, 42.381169 ], [ -83.139317, 42.381185 ], [ -83.139303, 42.380821 ], [ -83.139285, 42.380388 ], [ -83.13926, 42.379777 ], [ -83.139241, 42.379294 ], [ -83.139221, 42.378818 ], [ -83.139199, 42.378288 ], [ -83.139109, 42.37614 ], [ -83.139637, 42.376143 ], [ -83.14018, 42.376136 ], [ -83.141266, 42.376114 ], [ -83.141652, 42.376107 ], [ -83.142355, 42.376092 ], [ -83.143463, 42.376069 ], [ -83.144511, 42.376044 ], [ -83.145588, 42.376024 ], [ -83.145684, 42.376023 ], [ -83.145779, 42.376021 ], [ -83.146178, 42.376012 ], [ -83.146136, 42.377115 ], [ -83.146123, 42.377453 ], [ -83.146067, 42.378703 ], [ -83.146069, 42.379039 ], [ -83.146077, 42.379156 ], [ -83.146086, 42.379279 ], [ -83.146138, 42.379672 ], [ -83.146314, 42.380351 ], [ -83.146428, 42.380628 ], [ -83.146514, 42.380811 ], [ -83.146637, 42.381033 ] ] ] } },
{ "type": "Feature", "properties": { "GEOID": "261635342001", "NAME": "15000US261635342001", "population": 1629, "acs_year": "2020-2024", "ALAND": 596967, "AWATER": 0, "walk_minutes": 10.630245434899132, "access_bin": "<= 15 min", "within_15": true, "tract": "26163534200" }, "geometry": { "type": "Polygon", "coordinates": [ [ [ -83.168602, 42.385283 ], [ -83.168198, 42.385332 ], [ -83.167636, 42.385369 ], [ -83.167038, 42.385402 ], [ -83.165864, 42.385443 ], [ -83.165553, 42.385448 ], [ -83.163223, 42.385446 ], [ -83.159102, 42.385422 ], [ -83.158979, 42.385423 ], [ -83.158976, 42.385336 ], [ -83.158974, 42.385248 ], [ -83.158969, 42.385058 ], [ -83.15896, 42.384757 ], [ -83.158926, 42.383649 ], [ -83.158834, 42.380739 ], [ -83.158771, 42.37898 ], [ -83.158688, 42.376678 ], [ -83.159796, 42.377124 ], [ -83.160851, 42.377549 ], [ -83.162068, 42.378039 ], [ -83.163017, 42.378421 ], [ -83.163557, 42.378638 ], [ -83.164236, 42.378909 ], [ -83.165425, 42.37939 ], [ -83.166241, 42.379719 ], [ -83.168198, 42.380497 ], [ -83.168452, 42.380491 ], [ -83.168457, 42.380593 ], [ -83.168534, 42.383399 ], [ -83.168578, 42.384616 ], [ -83.168589, 42.384927 ], [ -83.168596, 42.385107 ], [ -83.168602, 42.385283 ] ] ] } },
{ "type": "Feature", "properties": { "GEOID": "261635365002", "NAME": "15000US261635365002", "population": 1235, "acs_year": "2020-2024", "ALAND": 431301, "AWATER": 0, "walk_minutes": 7.7377192554340395, "access_bin": "<= 10 min", "within_15": true, "tract": "26163536500" }, "geometry": { "type": "Polygon", "coordinates": [ [ [ -83.149174, 42.384898 ], [ -83.149169, 42.386174 ], [ -83.147497, 42.386213 ], [ -83.146365, 42.386238 ], [ -83.145894, 42.386243 ], [ -83.145397, 42.386254 ], [ -83.145281, 42.386257 ], [ -83.144208, 42.386281 ], [ -83.143912, 42.386303 ], [ -83.143777, 42.386307 ], [ -83.142781, 42.386366 ], [ -83.142377, 42.386389 ], [ -83.14169, 42.386414 ], [ -83.140604, 42.38646 ], [ -83.13954, 42.386493 ], [ -83.139505, 42.385687 ], [ -83.139469, 42.384822 ], [ -83.139439, 42.384089 ], [ -83.139431, 42.383889 ], [ -83.139393, 42.382931 ], [ -83.139349, 42.38191 ], [ -83.139317, 42.381185 ], [ -83.139842, 42.381169 ], [ -83.140386, 42.381157 ], [ -83.141477, 42.381136 ], [ -83.142563, 42.381114 ], [ -83.143694, 42.381092 ], [ -83.14399, 42.381086 ], [ -83.144206, 42.381081 ], [ -83.145062, 42.381064 ], [ -83.145177, 42.381062 ], [ -83.146175, 42.381042 ], [ -83.146452, 42.381036 ], [ -83.146637, 42.381033 ], [ -83.14686, 42.381399 ], [ -83.146892, 42.381446 ], [ -83.147067, 42.381702 ], [ -83.147187, 42.381856 ], [ -83.147314, 42.382006 ], [ -83.147582, 42.38229 ], [ -83.147847, 42.382544 ], [ -83.148016, 42.38269 ], [ -83.148191, 42.382833 ], [ -83.148496, 42.38306 ], [ -83.148847, 42.383314 ], [ -83.14903, 42.38344 ], [ -83.149148, 42.384497 ], [ -83.149174, 42.384722 ], [ -83.149174, 42.384898 ] ] ] } },
{ "type": "Feature", "properties": { "GEOID": "261635366002", "NAME": "15000US261635366002", "population": 1966, "acs_year": "2020-2024", "ALAND": 961505, "AWATER": 0, "walk_minutes": 20.803971095366727, "access_bin": "> 20 min", "within_15": false, "tract": "26163536600" }, "geometry": { "type": "Polygon", "coordinates": [ [ [ -83.15935, 42.39524 ], [ -83.15831, 42.395251 ], [ -83.157283, 42.395259 ], [ -83.156256, 42.395268 ], [ -83.15523, 42.395277 ], [ -83.154198, 42.395287 ], [ -83.153172, 42.395296 ], [ -83.152144, 42.395306 ], [ -83.151118, 42.395315 ], [ -83.150089, 42.395323 ], [ -83.148983, 42.395332 ], [ -83.148924, 42.393839 ], [ -83.148907, 42.39338 ], [ -83.148855, 42.392031 ], [ -83.148858, 42.391965 ], [ -83.14888, 42.391903 ], [ -83.148218, 42.391338 ], [ -83.148131, 42.391264 ], [ -83.148563, 42.390872 ], [ -83.14884, 42.390527 ], [ -83.149016, 42.390402 ], [ -83.149202, 42.389686 ], [ -83.149211, 42.38934 ], [ -83.149207, 42.388703 ], [ -83.149196, 42.388563 ], [ -83.149195, 42.388485 ], [ -83.149167, 42.386324 ], [ -83.149169, 42.386174 ], [ -83.149174, 42.384898 ], [ -83.149174, 42.384722 ], [ -83.149148, 42.384497 ], [ -83.14903, 42.38344 ], [ -83.1492, 42.383545 ], [ -83.150516, 42.384155 ], [ -83.150921, 42.384322 ], [ -83.151334, 42.384479 ], [ -83.151722, 42.384614 ], [ -83.152072, 42.384728 ], [ -83.152429, 42.384833 ], [ -83.152737, 42.384915 ], [ -83.153151, 42.385015 ], [ -83.153464, 42.385083 ], [ -83.153886, 42.385163 ], [ -83.154205, 42.385216 ], [ -83.154633, 42.385277 ], [ -83.154956, 42.385316 ], [ -83.155261, 42.385346 ], [ -83.155399, 42.385357 ], [ -83.155567, 42.38537 ], [ -83.155954, 42.38539 ], [ -83.156603, 42.385408 ], [ -83.156847, 42.385411 ], [ -83.156909, 42.385411 ], [ -83.157406, 42.385414 ], [ -83.157958, 42.385417 ], [ -83.158979, 42.385423 ], [ -83.158985, 42.385615 ], [ -83.158993, 42.385901 ], [ -83.158998, 42.386066 ], [ -83.159059, 42.388253 ], [ -83.159071, 42.388501 ], [ -83.159153, 42.390297 ], [ -83.15921, 42.39165 ], [ -83.159238, 42.392243 ], [ -83.159293, 42.393688 ], [ -83.159297, 42.393776 ], [ -83.1593, 42.393865 ], [ -83.15935, 42.39524 ] ] ] } },
{ "type": "Feature", "properties": { "GEOID": "261635368001", "NAME": "15000US261635368001", "population": 1724, "acs_year": "2020-2024", "ALAND": 634684, "AWATER": 0, "walk_minutes": 16.129909790522341, "access_bin": "<= 20 min", "within_15": false, "tract": "26163536800" }, "geometry": { "type": "Polygon", "coordinates": [ [ [ -83.170004, 42.414418 ], [ -83.169489, 42.413986 ], [ -83.16834, 42.412742 ], [ -83.168331, 42.412733 ], [ -83.167701, 42.412143 ], [ -83.166635, 42.411195 ], [ -83.166002, 42.410647 ], [ -83.165912, 42.410565 ], [ -83.165875, 42.410531 ], [ -83.165254, 42.409918 ], [ -83.164981, 42.40962 ], [ -83.163607, 42.408108 ], [ -83.163359, 42.407849 ], [ -83.162859, 42.407328 ], [ -83.162557, 42.407026 ], [ -83.16225, 42.406729 ], [ -83.162084, 42.406589 ], [ -83.16189, 42.406414 ], [ -83.161463, 42.406117 ], [ -83.161241, 42.405977 ], [ -83.160994, 42.405838 ], [ -83.160762, 42.405719 ], [ -83.160433, 42.405568 ], [ -83.160113, 42.405434 ], [ -83.159824, 42.405324 ], [ -83.159816, 42.405163 ], [ -83.159809, 42.405003 ], [ -83.159795, 42.404694 ], [ -83.159775, 42.404324 ], [ -83.159728, 42.403582 ], [ -83.159701, 42.402602 ], [ -83.159688, 42.402515 ], [ -83.160742, 42.402494 ], [ -83.161821, 42.402463 ], [ -83.162898, 42.402431 ], [ -83.163972, 42.402398 ], [ -83.164266, 42.402389 ], [ -83.164838, 42.402358 ], [ -83.165114, 42.402348 ], [ -83.166204, 42.402316 ], [ -83.167279, 42.402289 ], [ -83.168331, 42.402259 ], [ -83.169402, 42.402229 ], [ -83.169421, 42.402615 ], [ -83.169492, 42.404041 ], [ -83.169587, 42.405863 ], [ -83.169677, 42.407696 ], [ -83.169752, 42.409144 ], [ -83.169768, 42.409535 ], [ -83.169783, 42.409943 ], [ -83.169882, 42.411971 ], [ -83.169982, 42.413954 ], [ -83.169986, 42.414166 ], [ -83.169987, 42.414184 ], [ -83.170004, 42.414418 ] ] ] } },
{ "type": "Feature", "properties": { "GEOID": "261635371001", "NAME": "15000US261635371001", "population": 1134, "acs_year": "2020-2024", "ALAND": 781215, "AWATER": 0, "walk_minutes": 7.3744790066202563, "access_bin": "<= 10 min", "within_15": true, "tract": "26163537100" }, "geometry": { "type": "Polygon", "coordinates": [ [ [ -83.179129, 42.40208 ], [ -83.178049, 42.402097 ], [ -83.176966, 42.402111 ], [ -83.175883, 42.402128 ], [ -83.174803, 42.402142 ], [ -83.173703, 42.402165 ], [ -83.172531, 42.402181 ], [ -83.171496, 42.402198 ], [ -83.170452, 42.402212 ], [ -83.169402, 42.402229 ], [ -83.169295, 42.400036 ], [ -83.169224, 42.398553 ], [ -83.169185, 42.397744 ], [ -83.169053, 42.395031 ], [ -83.169025, 42.394461 ], [ -83.168989, 42.393722 ], [ -83.168987, 42.393675 ], [ -83.168982, 42.393571 ], [ -83.169381, 42.393557 ], [ -83.169579, 42.393556 ], [ -83.170273, 42.393535 ], [ -83.170751, 42.393527 ], [ -83.171733, 42.39351 ], [ -83.172595, 42.393508 ], [ -83.174406, 42.393483 ], [ -83.174976, 42.393461 ], [ -83.176191, 42.393375 ], [ -83.176748, 42.393286 ], [ -83.1769, 42.393252 ], [ -83.177151, 42.393204 ], [ -83.177757, 42.393043 ], [ -83.178715, 42.392699 ], [ -83.1788, 42.394824 ], [ -83.17891, 42.39725 ], [ -83.179031, 42.399883 ], [ -83.179129, 42.40208 ] ] ] } },
{ "type": "Feature", "properties": { "GEOID": "261635372001", "NAME": "15000US261635372001", "population": 649, "acs_year": "2020-2024", "ALAND": 1160085, "AWATER": 0, "walk_minutes": 12.140518701463343, "access_bin": "<= 15 min", "within_15": true, "tract": "26163537200" }, "geometry": { "type": "Polygon", "coordinates": [ [ [ -83.183114, 42.386684 ], [ -83.183072, 42.387893 ], [ -83.183072, 42.387916 ], [ -83.183071, 42.387938 ], [ -83.183018, 42.388341 ], [ -83.182997, 42.388448 ], [ -83.182959, 42.388612 ], [ -83.182922, 42.38873 ], [ -83.182887, 42.388818 ], [ -83.182844, 42.388909 ], [ -83.182793, 42.389009 ], [ -83.182707, 42.389164 ], [ -83.18263, 42.389304 ], [ -83.182514, 42.389507 ], [ -83.182177, 42.390092 ], [ -83.181677, 42.390715 ], [ -83.181602, 42.3908 ], [ -83.18153, 42.390881 ], [ -83.181245, 42.391195 ], [ -83.181154, 42.391302 ], [ -83.180532, 42.39172 ], [ -83.180358, 42.391838 ], [ -83.180154, 42.39197 ], [ -83.179939, 42.392099 ], [ -83.179674, 42.392244 ], [ -83.179454, 42.392356 ], [ -83.178715, 42.392699 ], [ -83.177757, 42.393043 ], [ -83.177151, 42.393204 ], [ -83.1769, 42.393252 ], [ -83.176748, 42.393286 ], [ -83.176191, 42.393375 ], [ -83.174976, 42.393461 ], [ -83.174406, 42.393483 ], [ -83.172595, 42.393508 ], [ -83.171733, 42.39351 ], [ -83.170751, 42.393527 ], [ -83.170273, 42.393535 ], [ -83.169579, 42.393556 ], [ -83.169381, 42.393557 ], [ -83.168982, 42.393571 ], [ -83.168981, 42.393546 ], [ -83.168974, 42.393402 ], [ -83.168963, 42.393188 ], [ -83.168875, 42.391417 ], [ -83.168811, 42.390056 ], [ -83.168721, 42.388248 ], [ -83.168622, 42.385801 ], [ -83.168609, 42.38547 ], [ -83.168602, 42.385283 ], [ -83.169234, 42.385204 ], [ -83.170253, 42.385057 ], [ -83.170732, 42.384972 ], [ -83.173751, 42.384321 ], [ -83.176297, 42.383772 ], [ -83.177015, 42.383616 ], [ -83.178366, 42.383321 ], [ -83.178886, 42.383205 ], [ -83.182935, 42.3823 ], [ -83.183056, 42.382274 ], [ -83.183058, 42.382398 ], [ -83.183048, 42.382452 ], [ -83.183048, 42.382498 ], [ -83.183015, 42.384186 ], [ -83.183013, 42.384304 ], [ -83.183034, 42.385028 ], [ -83.183047, 42.385249 ], [ -83.18307, 42.385643 ], [ -83.183096, 42.38609 ], [ -83.183109, 42.386515 ], [ -83.183114, 42.386684 ] ] ] } },
{ "type": "Feature", "properties": { "GEOID": "261635373003", "NAME": "15000US261635373003", "population": 1363, "acs_year": "2020-2024", "ALAND": 685814, "AWATER": 0, "walk_minutes": 12.910332440462048, "access_bin": "<= 15 min", "within_15": true, "tract": "26163537300" }, "geometry": { "type": "Polygon", "coordinates": [ [ [ -83.198184, 42.381767 ], [ -83.198138, 42.382013 ], [ -83.198089, 42.382217 ], [ -83.198011, 42.382477 ], [ -83.197962, 42.38287 ], [ -83.197979, 42.383139 ], [ -83.198009, 42.383752 ], [ -83.198021, 42.383933 ], [ -83.198052, 42.384834 ], [ -83.198103, 42.386086 ], [ -83.198146, 42.386657 ], [ -83.19817, 42.387052 ], [ -83.196847, 42.38709 ], [ -83.196218, 42.387108 ], [ -83.195642, 42.387127 ], [ -83.195022, 42.387146 ], [ -83.194744, 42.387155 ], [ -83.193785, 42.387186 ], [ -83.192503, 42.387228 ], [ -83.191461, 42.387261 ], [ -83.19119, 42.38727 ], [ -83.190497, 42.387292 ], [ -83.190025, 42.387308 ], [ -83.189476, 42.387324 ], [ -83.188903, 42.387342 ], [ -83.188461, 42.387355 ], [ -83.188324, 42.384061 ], [ -83.188227, 42.381681 ], [ -83.188187, 42.381092 ], [ -83.188156, 42.38086 ], [ -83.188129, 42.380664 ], [ -83.189028, 42.380335 ], [ -83.190257, 42.379921 ], [ -83.190383, 42.379876 ], [ -83.190628, 42.379777 ], [ -83.190896, 42.379684 ], [ -83.191548, 42.379488 ], [ -83.191845, 42.379422 ], [ -83.192147, 42.379368 ], [ -83.192453, 42.379325 ], [ -83.192762, 42.379294 ], [ -83.193123, 42.379272 ], [ -83.194554, 42.379253 ], [ -83.195224, 42.379249 ], [ -83.197901, 42.379235 ], [ -83.198044, 42.379232 ], [ -83.198048, 42.37932 ], [ -83.198053, 42.379407 ], [ -83.19805, 42.379594 ], [ -83.198047, 42.379814 ], [ -83.198066, 42.379997 ], [ -83.198174, 42.38125 ], [ -83.198192, 42.381591 ], [ -83.198184, 42.381767 ] ] ] } },
{ "type": "Feature", "properties": { "GEOID": "261635375001", "NAME": "15000US261635375001", "population": 770, "acs_year": "2020-2024", "ALAND": 327005, "AWATER": 0, "walk_minutes": 13.726462280876826, "access_bin": "<= 15 min", "within_15": true, "tract": "26163537500" }, "geometry": { "type": "Polygon", "coordinates": [ [ [ -83.194184, 42.408897 ], [ -83.192949, 42.408937 ], [ -83.191713, 42.408975 ], [ -83.190401, 42.409018 ], [ -83.189233, 42.409055 ], [ -83.189145, 42.407224 ], [ -83.189074, 42.405443 ], [ -83.188993, 42.403627 ], [ -83.188917, 42.401818 ], [ -83.190083, 42.401784 ], [ -83.19138, 42.401743 ], [ -83.192615, 42.401704 ], [ -83.193827, 42.401665 ], [ -83.193917, 42.403462 ], [ -83.19401, 42.405285 ], [ -83.194101, 42.40708 ], [ -83.194184, 42.408897 ] ] ] } },
{ "type": "Feature", "properties": { "GEOID": "261635375003", "NAME": "15000US261635375003", "population": 1325, "acs_year": "2020-2024", "ALAND": 322051, "AWATER": 0, "walk_minutes": 8.8253020872151939, "access_bin": "<= 10 min", "within_15": true, "tract": "26163537500" }, "geometry": { "type": "Polygon", "coordinates": [ [ [ -83.199017, 42.408753 ], [ -83.197821, 42.408787 ], [ -83.196563, 42.408826 ], [ -83.195306, 42.408864 ], [ -83.194184, 42.408897 ], [ -83.194101, 42.40708 ], [ -83.19401, 42.405285 ], [ -83.193917, 42.403462 ], [ -83.193827, 42.401665 ], [ -83.195024, 42.401626 ], [ -83.196281, 42.401585 ], [ -83.197539, 42.401545 ], [ -83.198695, 42.401513 ], [ -83.198788, 42.403305 ], [ -83.198825, 42.403952 ], [ -83.198876, 42.405127 ], [ -83.198885, 42.405379 ], [ -83.198945, 42.406925 ], [ -83.199017, 42.408753 ] ] ] } },
{ "type": "Feature", "properties": { "GEOID": "261635376001", "NAME": "15000US261635376001", "population": 1018, "acs_year": "2020-2024", "ALAND": 331326, "AWATER": 0, "walk_minutes": 16.672781058715213, "access_bin": "<= 20 min", "within_15": false, "tract": "26163537600" }, "geometry": { "type": "Polygon", "coordinates": [ [ [ -83.194447, 42.416214 ], [ -83.193274, 42.416274 ], [ -83.192041, 42.416338 ], [ -83.19073, 42.416406 ], [ -83.189863, 42.416449 ], [ -83.189555, 42.416459 ], [ -83.189543, 42.416061 ], [ -83.189465, 42.414268 ], [ -83.189342, 42.411493 ], [ -83.189247, 42.40938 ], [ -83.189233, 42.409055 ], [ -83.190401, 42.409018 ], [ -83.191713, 42.408975 ], [ -83.192949, 42.408937 ], [ -83.194184, 42.408897 ], [ -83.194199, 42.409314 ], [ -83.194265, 42.41114 ], [ -83.194265, 42.411252 ], [ -83.194265, 42.411404 ], [ -83.194365, 42.414213 ], [ -83.194447, 42.416214 ] ] ] } },
{ "type": "Feature", "properties": { "GEOID": "261635377002", "NAME": "15000US261635377002", "population": 692, "acs_year": "2020-2024", "ALAND": 326901, "AWATER": 0, "walk_minutes": 19.347307110547444, "access_bin": "<= 20 min", "within_15": false, "tract": "26163537700" }, "geometry": { "type": "Polygon", "coordinates": [ [ [ -83.193827, 42.401665 ], [ -83.192615, 42.401704 ], [ -83.19138, 42.401743 ], [ -83.190083, 42.401784 ], [ -83.188917, 42.401818 ], [ -83.188823, 42.399605 ], [ -83.188714, 42.396981 ], [ -83.188678, 42.395964 ], [ -83.188616, 42.394537 ], [ -83.189628, 42.39451 ], [ -83.190613, 42.394482 ], [ -83.191598, 42.394456 ], [ -83.192582, 42.39443 ], [ -83.193522, 42.394404 ], [ -83.193626, 42.396844 ], [ -83.193734, 42.399461 ], [ -83.193791, 42.400865 ], [ -83.193827, 42.401665 ] ] ] } },
{ "type": "Feature", "properties": { "GEOID": "261635377003", "NAME": "15000US261635377003", "population": 912, "acs_year": "2020-2024", "ALAND": 325011, "AWATER": 0, "walk_minutes": 18.552118070800656, "access_bin": "<= 20 min", "within_15": false, "tract": "26163537700" }, "geometry": { "type": "Polygon", "coordinates": [ [ [ -83.198695, 42.401513 ], [ -83.197539, 42.401545 ], [ -83.196281, 42.401585 ], [ -83.195024, 42.401626 ], [ -83.193827, 42.401665 ], [ -83.193791, 42.400865 ], [ -83.193734, 42.399461 ], [ -83.193626, 42.396844 ], [ -83.193522, 42.394404 ], [ -83.194718, 42.394372 ], [ -83.195975, 42.394338 ], [ -83.197233, 42.394304 ], [ -83.198422, 42.394273 ], [ -83.19853, 42.396687 ], [ -83.19864, 42.399305 ], [ -83.198666, 42.400924 ], [ -83.198695, 42.401513 ] ] ] } },
{ "type": "Feature", "properties": { "GEOID": "261635378002", "NAME": "15000US261635378002", "population": 349, "acs_year": "2020-2024", "ALAND": 337709, "AWATER": 0, "walk_minutes": 15.076513828374605, "access_bin": "<= 20 min", "within_15": false, "tract": "26163537800" }, "geometry": { "type": "Polygon", "coordinates": [ [ [ -83.198422, 42.394273 ], [ -83.197233, 42.394304 ], [ -83.195975, 42.394338 ], [ -83.194718, 42.394372 ], [ -83.193522, 42.394404 ], [ -83.192582, 42.39443 ], [ -83.191598, 42.394456 ], [ -83.190613, 42.394482 ], [ -83.189628, 42.39451 ], [ -83.188616, 42.394537 ], [ -83.188614, 42.394363 ], [ -83.188473, 42.390983 ], [ -83.188379, 42.388634 ], [ -83.188969, 42.388872 ], [ -83.189407, 42.389049 ], [ -83.190111, 42.389331 ], [ -83.190412, 42.389453 ], [ -83.191298, 42.389809 ], [ -83.191784, 42.390003 ], [ -83.192497, 42.390291 ], [ -83.193361, 42.39064 ], [ -83.193962, 42.390882 ], [ -83.194579, 42.39113 ], [ -83.195183, 42.391374 ], [ -83.196335, 42.391838 ], [ -83.198365, 42.392657 ], [ -83.198422, 42.394273 ] ] ] } },
{ "type": "Feature", "properties": { "GEOID": "261635381001", "NAME": "15000US261635381001", "population": 1511, "acs_year": "2020-2024", "ALAND": 367926, "AWATER": 0, "walk_minutes": 16.474241304025288, "access_bin": "<= 20 min", "within_15": false, "tract": "26163538100" }, "geometry": { "type": "Polygon", "coordinates": [ [ [ -83.142041, 42.446229 ], [ -83.142006, 42.44623 ], [ -83.141502, 42.44624 ], [ -83.141254, 42.446246 ], [ -83.140937, 42.446253 ], [ -83.140808, 42.446255 ], [ -83.140414, 42.446263 ], [ -83.140322, 42.446265 ], [ -83.139896, 42.446275 ], [ -83.139739, 42.446278 ], [ -83.139362, 42.446285 ], [ -83.139277, 42.446287 ], [ -83.138863, 42.446296 ], [ -83.138846, 42.446297 ], [ -83.138209, 42.44631 ], [ -83.137684, 42.44632 ], [ -83.137447, 42.446327 ], [ -83.136553, 42.446345 ], [ -83.136555, 42.446198 ], [ -83.136551, 42.446047 ], [ -83.136535, 42.445224 ], [ -83.136486, 42.443813 ], [ -83.136406, 42.441522 ], [ -83.136315, 42.438957 ], [ -83.136947, 42.438943 ], [ -83.138263, 42.438913 ], [ -83.139404, 42.438888 ], [ -83.140593, 42.438853 ], [ -83.141751, 42.438836 ], [ -83.141843, 42.441338 ], [ -83.141927, 42.443693 ], [ -83.141991, 42.445611 ], [ -83.142006, 42.445865 ], [ -83.142011, 42.445925 ], [ -83.142025, 42.446084 ], [ -83.14206, 42.446229 ], [ -83.142041, 42.446229 ] ] ] } },
{ "type": "Feature", "properties": { "GEOID": "261635385001", "NAME": "15000US261635385001", "population": 1062, "acs_year": "2020-2024", "ALAND": 316214, "AWATER": 0, "walk_minutes": 15.85428199236334, "access_bin": "<= 20 min", "within_15": false, "tract": "26163538500" }, "geometry": { "type": "Polygon", "coordinates": [ [ [ -83.156361, 42.424228 ], [ -83.155257, 42.42424 ], [ -83.154006, 42.424254 ], [ -83.152787, 42.424269 ], [ -83.151572, 42.424283 ], [ -83.151467, 42.422486 ], [ -83.15136, 42.420716 ], [ -83.151253, 42.418895 ], [ -83.151166, 42.417098 ], [ -83.152368, 42.417078 ], [ -83.15359, 42.417056 ], [ -83.154818, 42.417032 ], [ -83.15596, 42.417011 ], [ -83.156061, 42.418814 ], [ -83.156163, 42.420641 ], [ -83.156265, 42.422423 ], [ -83.156361, 42.424228 ] ] ] } },
{ "type": "Feature", "properties": { "GEOID": "261635386001", "NAME": "15000US261635386001", "population": 2212, "acs_year": "2020-2024", "ALAND": 323014, "AWATER": 0, "walk_minutes": 13.245071526308712, "access_bin": "<= 15 min", "within_15": true, "tract": "26163538600" }, "geometry": { "type": "Polygon", "coordinates": [ [ [ -83.151858, 42.431413 ], [ -83.151014, 42.43142 ], [ -83.150684, 42.431427 ], [ -83.14946, 42.431454 ], [ -83.148191, 42.431475 ], [ -83.146967, 42.431493 ], [ -83.146882, 42.429717 ], [ -83.146794, 42.427925 ], [ -83.146707, 42.426131 ], [ -83.146666, 42.425316 ], [ -83.146632, 42.424337 ], [ -83.147854, 42.424324 ], [ -83.14912, 42.42431 ], [ -83.150343, 42.424297 ], [ -83.151572, 42.424283 ], [ -83.151669, 42.426065 ], [ -83.151761, 42.427849 ], [ -83.151811, 42.429616 ], [ -83.151858, 42.431413 ] ] ] } },
{ "type": "Feature", "properties": { "GEOID": "261635387002", "NAME": "15000US261635387002", "population": 2265, "acs_year": "2020-2024", "ALAND": 641027, "AWATER": 0, "walk_minutes": 18.393335555106997, "access_bin": "<= 20 min", "within_15": false, "tract": "26163538700" }, "geometry": { "type": "Polygon", "coordinates": [ [ [ -83.170698, 42.431249 ], [ -83.170294, 42.431251 ], [ -83.169642, 42.431255 ], [ -83.168612, 42.431262 ], [ -83.167526, 42.431275 ], [ -83.166442, 42.431292 ], [ -83.165295, 42.431308 ], [ -83.164214, 42.431321 ], [ -83.163127, 42.43133 ], [ -83.162037, 42.431334 ], [ -83.160984, 42.431347 ], [ -83.160911, 42.429572 ], [ -83.160848, 42.427769 ], [ -83.160785, 42.425973 ], [ -83.160719, 42.424176 ], [ -83.161792, 42.424158 ], [ -83.162881, 42.424137 ], [ -83.163971, 42.424116 ], [ -83.165058, 42.424095 ], [ -83.166158, 42.424076 ], [ -83.167239, 42.424054 ], [ -83.168337, 42.424035 ], [ -83.169389, 42.424014 ], [ -83.169902, 42.424003 ], [ -83.170204, 42.423997 ], [ -83.170438, 42.423993 ], [ -83.170502, 42.425825 ], [ -83.170569, 42.427623 ], [ -83.170632, 42.429442 ], [ -83.170646, 42.429855 ], [ -83.170661, 42.430267 ], [ -83.170698, 42.431249 ] ] ] } },
{ "type": "Feature", "properties": { "GEOID": "261635388001", "NAME": "15000US261635388001", "population": 2130, "acs_year": "2020-2024", "ALAND": 660940, "AWATER": 0, "walk_minutes": 27.405920784295549, "access_bin": "> 20 min", "within_15": false, "tract": "26163538800" }, "geometry": { "type": "Polygon", "coordinates": [ [ [ -83.170992, 42.438433 ], [ -83.170415, 42.438438 ], [ -83.169885, 42.438443 ], [ -83.168804, 42.438461 ], [ -83.167733, 42.438473 ], [ -83.166671, 42.438847 ], [ -83.166199, 42.438848 ], [ -83.166127, 42.438852 ], [ -83.165984, 42.438868 ], [ -83.165671, 42.438919 ], [ -83.165598, 42.438921 ], [ -83.164542, 42.438942 ], [ -83.164517, 42.43895 ], [ -83.164501, 42.438968 ], [ -83.163399, 42.438837 ], [ -83.162299, 42.438846 ], [ -83.161227, 42.438854 ], [ -83.161215, 42.438512 ], [ -83.161163, 42.436764 ], [ -83.161142, 42.43603 ], [ -83.161111, 42.435045 ], [ -83.161107, 42.434852 ], [ -83.161054, 42.433777 ], [ -83.161037, 42.433153 ], [ -83.160984, 42.431347 ], [ -83.162037, 42.431334 ], [ -83.163127, 42.43133 ], [ -83.164214, 42.431321 ], [ -83.165295, 42.431308 ], [ -83.166442, 42.431292 ], [ -83.167526, 42.431275 ], [ -83.168612, 42.431262 ], [ -83.169642, 42.431255 ], [ -83.170294, 42.431251 ], [ -83.170698, 42.431249 ], [ -83.170716, 42.43168 ], [ -83.170774, 42.43302 ], [ -83.170846, 42.43471 ], [ -83.170854, 42.434913 ], [ -83.170857, 42.434998 ], [ -83.17087, 42.435334 ], [ -83.170922, 42.436619 ], [ -83.170992, 42.438433 ] ] ] } },
{ "type": "Feature", "properties": { "GEOID": "261635389001", "NAME": "15000US261635389001", "population": 1796, "acs_year": "2020-2024", "ALAND": 622962, "AWATER": 0, "walk_minutes": 14.816240422177248, "access_bin": "<= 15 min", "within_15": true, "tract": "26163538900" }, "geometry": { "type": "Polygon", "coordinates": [ [ [ -83.161215, 42.438512 ], [ -83.160162, 42.438527 ], [ -83.159072, 42.438544 ], [ -83.157969, 42.438562 ], [ -83.156874, 42.43858 ], [ -83.155754, 42.4386 ], [ -83.154549, 42.438622 ], [ -83.153321, 42.438642 ], [ -83.152107, 42.438663 ], [ -83.150887, 42.438684 ], [ -83.150679, 42.438688 ], [ -83.149664, 42.438704 ], [ -83.14906, 42.438714 ], [ -83.148394, 42.438725 ], [ -83.14744, 42.43874 ], [ -83.147167, 42.438745 ], [ -83.146052, 42.438762 ], [ -83.144904, 42.438779 ], [ -83.143911, 42.438798 ], [ -83.142958, 42.438814 ], [ -83.142813, 42.438815 ], [ -83.141751, 42.438836 ], [ -83.141693, 42.43702 ], [ -83.141637, 42.435335 ], [ -83.142696, 42.435317 ], [ -83.143771, 42.435297 ], [ -83.144841, 42.435276 ], [ -83.145913, 42.435254 ], [ -83.147056, 42.435231 ], [ -83.14828, 42.435207 ], [ -83.14955, 42.435181 ], [ -83.150772, 42.435158 ], [ -83.15198, 42.435142 ], [ -83.153194, 42.43513 ], [ -83.154405, 42.43512 ], [ -83.155615, 42.43511 ], [ -83.15675, 42.4351 ], [ -83.157472, 42.435094 ], [ -83.157824, 42.435091 ], [ -83.158908, 42.435083 ], [ -83.160008, 42.435073 ], [ -83.161111, 42.435045 ], [ -83.161142, 42.43603 ], [ -83.161163, 42.436764 ], [ -83.161215, 42.438512 ] ] ] } },
{ "type": "Feature", "properties": { "GEOID": "261635389002", "NAME": "15000US261635389002", "population": 1462, "acs_year": "2020-2024", "ALAND": 663069, "AWATER": 0, "walk_minutes": 9.8475449489832467, "access_bin": "<= 10 min", "within_15": true, "tract": "26163538900" }, "geometry": { "type": "Polygon", "coordinates": [ [ [ -83.161111, 42.435045 ], [ -83.160008, 42.435073 ], [ -83.158908, 42.435083 ], [ -83.157824, 42.435091 ], [ -83.157472, 42.435094 ], [ -83.15675, 42.4351 ], [ -83.155615, 42.43511 ], [ -83.154405, 42.43512 ], [ -83.153194, 42.43513 ], [ -83.15198, 42.435142 ], [ -83.150772, 42.435158 ], [ -83.14955, 42.435181 ], [ -83.14828, 42.435207 ], [ -83.147056, 42.435231 ], [ -83.145913, 42.435254 ], [ -83.144841, 42.435276 ], [ -83.143771, 42.435297 ], [ -83.142696, 42.435317 ], [ -83.141637, 42.435335 ], [ -83.141629, 42.435097 ], [ -83.141572, 42.433422 ], [ -83.141503, 42.431606 ], [ -83.142575, 42.431584 ], [ -83.143661, 42.431563 ], [ -83.144755, 42.431538 ], [ -83.145827, 42.431514 ], [ -83.146967, 42.431493 ], [ -83.148191, 42.431475 ], [ -83.14946, 42.431454 ], [ -83.150684, 42.431427 ], [ -83.151014, 42.43142 ], [ -83.151858, 42.431413 ], [ -83.153068, 42.431404 ], [ -83.15428, 42.431399 ], [ -83.155488, 42.431393 ], [ -83.156622, 42.431388 ], [ -83.157701, 42.431383 ], [ -83.158796, 42.431377 ], [ -83.159606, 42.431373 ], [ -83.159893, 42.431367 ], [ -83.160984, 42.431347 ], [ -83.161037, 42.433153 ], [ -83.161054, 42.433777 ], [ -83.161107, 42.434852 ], [ -83.161111, 42.435045 ] ] ] } },
{ "type": "Feature", "properties": { "GEOID": "261635390001", "NAME": "15000US261635390001", "population": 1918, "acs_year": "2020-2024", "ALAND": 706455, "AWATER": 0, "walk_minutes": 28.91471578435883, "access_bin": "> 20 min", "within_15": false, "tract": "26163539000" }, "geometry": { "type": "Polygon", "coordinates": [ [ [ -83.161516, 42.445794 ], [ -83.160443, 42.445821 ], [ -83.159507, 42.445844 ], [ -83.159349, 42.445848 ], [ -83.159318, 42.445849 ], [ -83.159222, 42.44585 ], [ -83.158893, 42.445854 ], [ -83.158553, 42.44586 ], [ -83.158248, 42.445867 ], [ -83.158001, 42.445872 ], [ -83.157658, 42.44588 ], [ -83.157534, 42.445884 ], [ -83.157141, 42.445891 ], [ -83.156704, 42.445902 ], [ -83.156618, 42.445904 ], [ -83.156578, 42.445905 ], [ -83.156018, 42.445917 ], [ -83.15594, 42.445919 ], [ -83.155398, 42.445931 ], [ -83.154784, 42.445944 ], [ -83.154006, 42.445961 ], [ -83.153947, 42.445963 ], [ -83.153582, 42.445971 ], [ -83.153377, 42.445976 ], [ -83.152485, 42.445995 ], [ -83.152384, 42.445998 ], [ -83.152164, 42.446003 ], [ -83.151986, 42.446007 ], [ -83.151779, 42.446012 ], [ -83.150944, 42.446031 ], [ -83.150925, 42.445885 ], [ -83.150918, 42.445734 ], [ -83.150849, 42.443889 ], [ -83.150842, 42.443485 ], [ -83.150772, 42.441154 ], [ -83.150679, 42.438688 ], [ -83.150887, 42.438684 ], [ -83.152107, 42.438663 ], [ -83.153321, 42.438642 ], [ -83.154549, 42.438622 ], [ -83.155754, 42.4386 ], [ -83.156874, 42.43858 ], [ -83.157969, 42.438562 ], [ -83.159072, 42.438544 ], [ -83.160162, 42.438527 ], [ -83.161215, 42.438512 ], [ -83.161227, 42.438854 ], [ -83.161314, 42.440915 ], [ -83.161412, 42.443255 ], [ -83.161498, 42.445466 ], [ -83.161508, 42.445644 ], [ -83.161516, 42.445794 ] ] ] } },
{ "type": "Feature", "properties": { "GEOID": "261635390002", "NAME": "15000US261635390002", "population": 1038, "acs_year": "2020-2024", "ALAND": 601279, "AWATER": 0, "walk_minutes": 16.715422517719375, "access_bin": "<= 20 min", "within_15": false, "tract": "26163539000" }, "geometry": { "type": "Polygon", "coordinates": [ [ [ -83.150944, 42.446031 ], [ -83.15077, 42.446035 ], [ -83.149318, 42.446066 ], [ -83.147848, 42.4461 ], [ -83.147712, 42.446103 ], [ -83.147211, 42.446115 ], [ -83.147117, 42.446116 ], [ -83.147087, 42.446117 ], [ -83.14699, 42.44612 ], [ -83.146338, 42.446133 ], [ -83.146163, 42.446137 ], [ -83.145243, 42.446157 ], [ -83.145166, 42.44616 ], [ -83.14488, 42.446166 ], [ -83.144814, 42.446167 ], [ -83.144607, 42.446172 ], [ -83.14419, 42.446181 ], [ -83.144118, 42.446182 ], [ -83.143595, 42.446195 ], [ -83.143209, 42.446203 ], [ -83.142933, 42.446209 ], [ -83.142125, 42.446228 ], [ -83.142111, 42.446228 ], [ -83.14206, 42.446229 ], [ -83.142025, 42.446084 ], [ -83.142011, 42.445925 ], [ -83.142006, 42.445865 ], [ -83.141991, 42.445611 ], [ -83.141927, 42.443693 ], [ -83.141843, 42.441338 ], [ -83.141751, 42.438836 ], [ -83.142813, 42.438815 ], [ -83.142958, 42.438814 ], [ -83.143911, 42.438798 ], [ -83.144904, 42.438779 ], [ -83.146052, 42.438762 ], [ -83.147167, 42.438745 ], [ -83.14744, 42.43874 ], [ -83.148394, 42.438725 ], [ -83.14906, 42.438714 ], [ -83.149664, 42.438704 ], [ -83.150679, 42.438688 ], [ -83.150772, 42.441154 ], [ -83.150842, 42.443485 ], [ -83.150849, 42.443889 ], [ -83.150918, 42.445734 ], [ -83.150925, 42.445885 ], [ -83.150944, 42.446031 ] ] ] } },
{ "type": "Feature", "properties": { "GEOID": "261635391001", "NAME": "15000US261635391001", "population": 1785, "acs_year": "2020-2024", "ALAND": 622449, "AWATER": 0, "walk_minutes": 36.081201942061789, "access_bin": "> 20 min", "within_15": false, "tract": "26163539100" }, "geometry": { "type": "Polygon", "coordinates": [ [ [ -83.171265, 42.445545 ], [ -83.170666, 42.445561 ], [ -83.170444, 42.445566 ], [ -83.170167, 42.445574 ], [ -83.170084, 42.445577 ], [ -83.169203, 42.445602 ], [ -83.169055, 42.445604 ], [ -83.1689, 42.44561 ], [ -83.167999, 42.445643 ], [ -83.167845, 42.445648 ], [ -83.16696, 42.445683 ], [ -83.166866, 42.445685 ], [ -83.165872, 42.445706 ], [ -83.164792, 42.44573 ], [ -83.164682, 42.445732 ], [ -83.163737, 42.445753 ], [ -83.163679, 42.445754 ], [ -83.163581, 42.445755 ], [ -83.162675, 42.445772 ], [ -83.162578, 42.445773 ], [ -83.161516, 42.445794 ], [ -83.161508, 42.445644 ], [ -83.161498, 42.445466 ], [ -83.161412, 42.443255 ], [ -83.161314, 42.440915 ], [ -83.161227, 42.438854 ], [ -83.162299, 42.438846 ], [ -83.163399, 42.438837 ], [ -83.164501, 42.438968 ], [ -83.164517, 42.43895 ], [ -83.164542, 42.438942 ], [ -83.165598, 42.438921 ], [ -83.165671, 42.438919 ], [ -83.165984, 42.438868 ], [ -83.166127, 42.438852 ], [ -83.166199, 42.438848 ], [ -83.166671, 42.438847 ], [ -83.167733, 42.438473 ], [ -83.168804, 42.438461 ], [ -83.169885, 42.438443 ], [ -83.170415, 42.438438 ], [ -83.170992, 42.438433 ], [ -83.171083, 42.440716 ], [ -83.171176, 42.443059 ], [ -83.171248, 42.445206 ], [ -83.171258, 42.445399 ], [ -83.171265, 42.445545 ] ] ] } },
{ "type": "Feature", "properties": { "GEOID": "261635392001", "NAME": "15000US261635392001", "population": 1623, "acs_year": "2020-2024", "ALAND": 629656, "AWATER": 0, "walk_minutes": 33.87938267903624, "access_bin": "> 20 min", "within_15": false, "tract": "26163539200" }, "geometry": { "type": "Polygon", "coordinates": [ [ [ -83.181005, 42.445343 ], [ -83.178683, 42.44539 ], [ -83.176735, 42.44543 ], [ -83.176092, 42.445445 ], [ -83.175605, 42.445453 ], [ -83.175536, 42.445455 ], [ -83.174531, 42.445477 ], [ -83.174333, 42.44548 ], [ -83.173543, 42.445496 ], [ -83.173497, 42.445497 ], [ -83.173434, 42.445499 ], [ -83.172617, 42.445515 ], [ -83.17235, 42.445522 ], [ -83.171265, 42.445545 ], [ -83.171258, 42.445399 ], [ -83.171248, 42.445206 ], [ -83.171176, 42.443059 ], [ -83.171083, 42.440716 ], [ -83.170992, 42.438433 ], [ -83.17208, 42.438432 ], [ -83.173168, 42.438423 ], [ -83.174256, 42.438405 ], [ -83.175345, 42.438392 ], [ -83.176433, 42.438378 ], [ -83.177515, 42.438365 ], [ -83.178598, 42.438353 ], [ -83.179677, 42.43834 ], [ -83.180759, 42.438322 ], [ -83.180839, 42.440514 ], [ -83.180851, 42.440828 ], [ -83.180928, 42.442856 ], [ -83.180943, 42.443261 ], [ -83.180993, 42.444992 ], [ -83.181, 42.445192 ], [ -83.181005, 42.445343 ] ] ] } },
{ "type": "Feature", "properties": { "GEOID": "261635392003", "NAME": "15000US261635392003", "population": 1884, "acs_year": "2020-2024", "ALAND": 628133, "AWATER": 0, "walk_minutes": 26.569575462493116, "access_bin": "> 20 min", "within_15": false, "tract": "26163539200" }, "geometry": { "type": "Polygon", "coordinates": [ [ [ -83.190798, 42.445147 ], [ -83.190751, 42.445148 ], [ -83.189621, 42.44517 ], [ -83.189505, 42.445172 ], [ -83.188295, 42.445195 ], [ -83.188094, 42.4452 ], [ -83.187216, 42.445217 ], [ -83.187057, 42.44522 ], [ -83.185944, 42.445243 ], [ -83.185879, 42.445244 ], [ -83.18474, 42.445271 ], [ -83.184633, 42.445273 ], [ -83.183549, 42.445298 ], [ -83.183431, 42.4453 ], [ -83.183146, 42.445306 ], [ -83.1823, 42.445322 ], [ -83.182222, 42.445323 ], [ -83.181005, 42.445343 ], [ -83.181, 42.445192 ], [ -83.180993, 42.444992 ], [ -83.180943, 42.443261 ], [ -83.180928, 42.442856 ], [ -83.180851, 42.440828 ], [ -83.180839, 42.440514 ], [ -83.180759, 42.438322 ], [ -83.181977, 42.438278 ], [ -83.183183, 42.438233 ], [ -83.18439, 42.438186 ], [ -83.185554, 42.438141 ], [ -83.186732, 42.438097 ], [ -83.187937, 42.43805 ], [ -83.18921, 42.437999 ], [ -83.190355, 42.437956 ], [ -83.190355, 42.438074 ], [ -83.19048, 42.440307 ], [ -83.190493, 42.440543 ], [ -83.190547, 42.441533 ], [ -83.190607, 42.442662 ], [ -83.190633, 42.443151 ], [ -83.190719, 42.444851 ], [ -83.190727, 42.444998 ], [ -83.19079, 42.445091 ], [ -83.190798, 42.445147 ] ] ] } },
{ "type": "Feature", "properties": { "GEOID": "261635394002", "NAME": "15000US261635394002", "population": 1206, "acs_year": "2020-2024", "ALAND": 360019, "AWATER": 0, "walk_minutes": 9.6099340770279422, "access_bin": "<= 10 min", "within_15": true, "tract": "26163539400" }, "geometry": { "type": "Polygon", "coordinates": [ [ [ -83.178845, 42.423849 ], [ -83.178646, 42.423857 ], [ -83.177797, 42.423871 ], [ -83.176627, 42.423891 ], [ -83.175412, 42.423912 ], [ -83.175138, 42.423917 ], [ -83.173889, 42.423938 ], [ -83.17272, 42.423958 ], [ -83.171551, 42.423978 ], [ -83.170438, 42.423993 ], [ -83.170362, 42.422172 ], [ -83.170313, 42.420904 ], [ -83.170291, 42.420299 ], [ -83.170204, 42.418493 ], [ -83.170155, 42.417405 ], [ -83.170129, 42.416656 ], [ -83.171207, 42.416646 ], [ -83.171854, 42.416642 ], [ -83.172061, 42.416641 ], [ -83.172156, 42.41664 ], [ -83.172252, 42.41664 ], [ -83.173258, 42.417703 ], [ -83.174717, 42.419233 ], [ -83.175661, 42.420237 ], [ -83.176228, 42.42084 ], [ -83.176384, 42.421007 ], [ -83.178417, 42.423194 ], [ -83.17874, 42.423532 ], [ -83.179067, 42.423851 ], [ -83.178845, 42.423849 ] ] ] } },
{ "type": "Feature", "properties": { "GEOID": "261635395001", "NAME": "15000US261635395001", "population": 803, "acs_year": "2020-2024", "ALAND": 286662, "AWATER": 0, "walk_minutes": 13.023450929560413, "access_bin": "<= 15 min", "within_15": true, "tract": "26163539500" }, "geometry": { "type": "Polygon", "coordinates": [ [ [ -83.180147, 42.42383 ], [ -83.179264, 42.423846 ], [ -83.179067, 42.423851 ], [ -83.17874, 42.423532 ], [ -83.178417, 42.423194 ], [ -83.176384, 42.421007 ], [ -83.176228, 42.42084 ], [ -83.175661, 42.420237 ], [ -83.174717, 42.419233 ], [ -83.173258, 42.417703 ], [ -83.172252, 42.41664 ], [ -83.172458, 42.416639 ], [ -83.17324, 42.416634 ], [ -83.173544, 42.416632 ], [ -83.174251, 42.416629 ], [ -83.174934, 42.416624 ], [ -83.17548, 42.41662 ], [ -83.176286, 42.416607 ], [ -83.176562, 42.416603 ], [ -83.177457, 42.416596 ], [ -83.177642, 42.416595 ], [ -83.178625, 42.41659 ], [ -83.179568, 42.416584 ], [ -83.179806, 42.41659 ], [ -83.17988, 42.418152 ], [ -83.179893, 42.418432 ], [ -83.179941, 42.419479 ], [ -83.179972, 42.420106 ], [ -83.179982, 42.420308 ], [ -83.180061, 42.42201 ], [ -83.180147, 42.42383 ] ] ] } },
{ "type": "Feature", "properties": { "GEOID": "261635395002", "NAME": "15000US261635395002", "population": 1067, "acs_year": "2020-2024", "ALAND": 631656, "AWATER": 0, "walk_minutes": 20.724606947473735, "access_bin": "> 20 min", "within_15": false, "tract": "26163539500" }, "geometry": { "type": "Polygon", "coordinates": [ [ [ -83.189738, 42.423502 ], [ -83.188617, 42.423537 ], [ -83.187427, 42.42358 ], [ -83.186222, 42.423622 ], [ -83.185011, 42.423664 ], [ -83.183694, 42.42371 ], [ -83.182518, 42.423751 ], [ -83.181343, 42.423792 ], [ -83.180147, 42.42383 ], [ -83.180061, 42.42201 ], [ -83.179982, 42.420308 ], [ -83.179972, 42.420106 ], [ -83.179941, 42.419479 ], [ -83.179893, 42.418432 ], [ -83.17988, 42.418152 ], [ -83.179806, 42.41659 ], [ -83.180869, 42.416571 ], [ -83.181023, 42.416569 ], [ -83.181917, 42.416568 ], [ -83.182177, 42.416565 ], [ -83.182967, 42.416554 ], [ -83.183358, 42.416548 ], [ -83.184095, 42.416539 ], [ -83.184685, 42.416532 ], [ -83.185175, 42.416525 ], [ -83.186111, 42.416513 ], [ -83.187251, 42.416497 ], [ -83.188428, 42.416481 ], [ -83.189555, 42.416459 ], [ -83.189605, 42.418261 ], [ -83.189649, 42.419941 ], [ -83.189652, 42.420042 ], [ -83.189654, 42.420144 ], [ -83.189697, 42.421818 ], [ -83.189738, 42.423502 ] ] ] } },
{ "type": "Feature", "properties": { "GEOID": "261635396001", "NAME": "15000US261635396001", "population": 1605, "acs_year": "2020-2024", "ALAND": 442962, "AWATER": 0, "walk_minutes": 12.37283377006464, "access_bin": "<= 15 min", "within_15": true, "tract": "26163539600" }, "geometry": { "type": "Polygon", "coordinates": [ [ [ -83.189921, 42.430724 ], [ -83.188788, 42.43076 ], [ -83.187607, 42.4308 ], [ -83.187385, 42.430811 ], [ -83.187259, 42.430817 ], [ -83.187158, 42.430821 ], [ -83.18611, 42.429866 ], [ -83.185586, 42.429408 ], [ -83.184618, 42.428618 ], [ -83.18447, 42.428502 ], [ -83.183156, 42.427368 ], [ -83.181142, 42.425664 ], [ -83.180194, 42.424835 ], [ -83.179278, 42.424052 ], [ -83.179067, 42.423851 ], [ -83.179264, 42.423846 ], [ -83.180147, 42.42383 ], [ -83.181343, 42.423792 ], [ -83.182518, 42.423751 ], [ -83.183694, 42.42371 ], [ -83.185011, 42.423664 ], [ -83.186222, 42.423622 ], [ -83.187427, 42.42358 ], [ -83.188617, 42.423537 ], [ -83.189738, 42.423502 ], [ -83.189784, 42.42531 ], [ -83.189829, 42.427114 ], [ -83.189876, 42.428919 ], [ -83.189921, 42.430724 ] ] ] } },
{ "type": "Feature", "properties": { "GEOID": "261635397001", "NAME": "15000US261635397001", "population": 2360, "acs_year": "2020-2024", "ALAND": 743932, "AWATER": 0, "walk_minutes": 10.409978120776346, "access_bin": "<= 15 min", "within_15": true, "tract": "26163539700" }, "geometry": { "type": "Polygon", "coordinates": [ [ [ -83.200386, 42.442343 ], [ -83.20009, 42.442126 ], [ -83.198869, 42.44131 ], [ -83.198473, 42.441026 ], [ -83.1977, 42.440448 ], [ -83.197328, 42.440156 ], [ -83.196382, 42.439354 ], [ -83.196088, 42.439126 ], [ -83.195271, 42.438529 ], [ -83.194687, 42.438086 ], [ -83.194467, 42.437913 ], [ -83.194372, 42.43783 ], [ -83.193954, 42.437447 ], [ -83.190787, 42.434415 ], [ -83.19049, 42.434131 ], [ -83.189744, 42.433391 ], [ -83.188435, 42.432047 ], [ -83.187712, 42.431343 ], [ -83.187158, 42.430821 ], [ -83.187259, 42.430817 ], [ -83.187385, 42.430811 ], [ -83.187607, 42.4308 ], [ -83.188788, 42.43076 ], [ -83.189921, 42.430724 ], [ -83.191134, 42.430685 ], [ -83.19127, 42.430681 ], [ -83.192356, 42.430644 ], [ -83.192579, 42.430637 ], [ -83.193574, 42.430603 ], [ -83.193815, 42.430595 ], [ -83.194887, 42.430559 ], [ -83.195018, 42.430555 ], [ -83.196163, 42.430518 ], [ -83.197423, 42.430481 ], [ -83.198683, 42.430449 ], [ -83.199874, 42.430422 ], [ -83.199947, 42.432201 ], [ -83.200027, 42.434007 ], [ -83.2001, 42.43574 ], [ -83.200104, 42.435855 ], [ -83.200178, 42.437624 ], [ -83.20026, 42.439445 ], [ -83.200285, 42.440015 ], [ -83.200323, 42.441213 ], [ -83.200376, 42.442105 ], [ -83.200386, 42.442343 ] ] ] } },
{ "type": "Feature", "properties": { "GEOID": "261635347002", "NAME": "15000US261635347002", "population": 1253, "acs_year": "2020-2024", "ALAND": 199550, "AWATER": 0, "walk_minutes": 15.976608236091852, "access_bin": "<= 20 min", "within_15": false, "tract": "26163534700" }, "geometry": { "type": "Polygon", "coordinates": [ [ [ -83.153048, 42.359038 ], [ -83.152069, 42.35907 ], [ -83.151932, 42.359073 ], [ -83.151065, 42.359092 ], [ -83.150781, 42.359098 ], [ -83.150059, 42.359114 ], [ -83.149915, 42.356723 ], [ -83.149768, 42.354283 ], [ -83.149623, 42.351877 ], [ -83.15063, 42.351856 ], [ -83.151635, 42.351836 ], [ -83.152635, 42.351816 ], [ -83.15278, 42.354218 ], [ -83.152926, 42.356659 ], [ -83.153044, 42.358632 ], [ -83.153048, 42.359038 ] ] ] } },
{ "type": "Feature", "properties": { "GEOID": "261635347003", "NAME": "15000US261635347003", "population": 950, "acs_year": "2020-2024", "ALAND": 553683, "AWATER": 0, "walk_minutes": 8.0356566311478037, "access_bin": "<= 10 min", "within_15": true, "tract": "26163534700" }, "geometry": { "type": "Polygon", "coordinates": [ [ [ -83.158209, 42.366194 ], [ -83.156962, 42.366219 ], [ -83.155797, 42.366243 ], [ -83.153952, 42.366278 ], [ -83.153313, 42.366289 ], [ -83.152869, 42.366298 ], [ -83.152486, 42.366306 ], [ -83.152226, 42.366311 ], [ -83.15122, 42.366316 ], [ -83.151099, 42.366319 ], [ -83.149913, 42.366343 ], [ -83.149806, 42.363714 ], [ -83.149691, 42.360883 ], [ -83.149617, 42.359123 ], [ -83.150059, 42.359114 ], [ -83.150781, 42.359098 ], [ -83.151065, 42.359092 ], [ -83.151932, 42.359073 ], [ -83.152069, 42.35907 ], [ -83.153048, 42.359038 ], [ -83.153502, 42.358974 ], [ -83.154412, 42.358954 ], [ -83.155586, 42.35893 ], [ -83.156765, 42.358919 ], [ -83.157963, 42.358887 ], [ -83.157967, 42.358998 ], [ -83.15799, 42.360222 ], [ -83.158039, 42.361569 ], [ -83.15805, 42.361881 ], [ -83.158059, 42.362111 ], [ -83.158128, 42.364 ], [ -83.158209, 42.366194 ] ] ] } },
{ "type": "Feature", "properties": { "GEOID": "261635350001", "NAME": "15000US261635350001", "population": 466, "acs_year": "2020-2024", "ALAND": 629647, "AWATER": 0, "walk_minutes": 19.951005111967859, "access_bin": "<= 20 min", "within_15": false, "tract": "26163535000" }, "geometry": { "type": "Polygon", "coordinates": [ [ [ -83.182474, 42.365688 ], [ -83.180123, 42.365739 ], [ -83.1789, 42.365766 ], [ -83.177724, 42.365793 ], [ -83.177653, 42.363587 ], [ -83.177496, 42.358547 ], [ -83.177423, 42.35672 ], [ -83.177395, 42.356149 ], [ -83.177286, 42.353681 ], [ -83.177184, 42.351284 ], [ -83.17838, 42.351258 ], [ -83.179592, 42.351232 ], [ -83.181934, 42.351181 ], [ -83.181955, 42.35148 ], [ -83.181972, 42.351729 ], [ -83.181976, 42.351783 ], [ -83.18203, 42.352133 ], [ -83.182088, 42.353832 ], [ -83.182114, 42.35485 ], [ -83.182145, 42.356066 ], [ -83.182207, 42.358452 ], [ -83.182232, 42.358996 ], [ -83.182258, 42.359539 ], [ -83.182264, 42.359931 ], [ -83.182248, 42.360442 ], [ -83.182269, 42.361001 ], [ -83.182283, 42.361554 ], [ -83.182474, 42.365688 ] ] ] } },
{ "type": "Feature", "properties": { "GEOID": "261635351001", "NAME": "15000US261635351001", "population": 428, "acs_year": "2020-2024", "ALAND": 324509, "AWATER": 0, "walk_minutes": 22.498147346141764, "access_bin": "> 20 min", "within_15": false, "tract": "26163535100" }, "geometry": { "type": "Polygon", "coordinates": [ [ [ -83.173073, 42.373125 ], [ -83.171859, 42.37315 ], [ -83.170615, 42.373176 ], [ -83.170006, 42.373189 ], [ -83.169373, 42.373203 ], [ -83.168155, 42.37323 ], [ -83.168085, 42.371041 ], [ -83.168079, 42.370831 ], [ -83.168015, 42.368853 ], [ -83.167928, 42.365998 ], [ -83.169137, 42.365974 ], [ -83.169765, 42.36596 ], [ -83.170386, 42.365947 ], [ -83.171608, 42.365921 ], [ -83.172814, 42.365896 ], [ -83.172805, 42.365969 ], [ -83.172816, 42.366254 ], [ -83.172901, 42.368371 ], [ -83.172993, 42.370732 ], [ -83.173073, 42.373125 ] ] ] } },
{ "type": "Feature", "properties": { "GEOID": "261635351002", "NAME": "15000US261635351002", "population": 1093, "acs_year": "2020-2024", "ALAND": 644087, "AWATER": 0, "walk_minutes": 20.409404617525162, "access_bin": "> 20 min", "within_15": false, "tract": "26163535100" }, "geometry": { "type": "Polygon", "coordinates": [ [ [ -83.182973, 42.372935 ], [ -83.182343, 42.37295 ], [ -83.178558, 42.373032 ], [ -83.177993, 42.373038 ], [ -83.17677, 42.373058 ], [ -83.175557, 42.373081 ], [ -83.174344, 42.373102 ], [ -83.173073, 42.373125 ], [ -83.172993, 42.370732 ], [ -83.172901, 42.368371 ], [ -83.172816, 42.366254 ], [ -83.172805, 42.365969 ], [ -83.172814, 42.365896 ], [ -83.174047, 42.36587 ], [ -83.175281, 42.365844 ], [ -83.1765, 42.365817 ], [ -83.177724, 42.365793 ], [ -83.1789, 42.365766 ], [ -83.180123, 42.365739 ], [ -83.182474, 42.365688 ], [ -83.182561, 42.367835 ], [ -83.182582, 42.368933 ], [ -83.182704, 42.370559 ], [ -83.182744, 42.371022 ], [ -83.18284, 42.372131 ], [ -83.182973, 42.372935 ] ] ] } },
{ "type": "Feature", "properties": { "GEOID": "261635352001", "NAME": "15000US261635352001", "population": 767, "acs_year": "2020-2024", "ALAND": 684098, "AWATER": 0, "walk_minutes": 4.3787463358641423, "access_bin": "<= 5 min", "within_15": true, "tract": "26163535200" }, "geometry": { "type": "Polygon", "coordinates": [ [ [ -83.178366, 42.383321 ], [ -83.177015, 42.383616 ], [ -83.176297, 42.383772 ], [ -83.173751, 42.384321 ], [ -83.170732, 42.384972 ], [ -83.170253, 42.385057 ], [ -83.169234, 42.385204 ], [ -83.168602, 42.385283 ], [ -83.168596, 42.385107 ], [ -83.168589, 42.384927 ], [ -83.168578, 42.384616 ], [ -83.168534, 42.383399 ], [ -83.168457, 42.380593 ], [ -83.168452, 42.380491 ], [ -83.168392, 42.37982 ], [ -83.16839, 42.379748 ], [ -83.168386, 42.379665 ], [ -83.168362, 42.379071 ], [ -83.168309, 42.377495 ], [ -83.16824, 42.375588 ], [ -83.168155, 42.37323 ], [ -83.169373, 42.373203 ], [ -83.170006, 42.373189 ], [ -83.170615, 42.373176 ], [ -83.171859, 42.37315 ], [ -83.173073, 42.373125 ], [ -83.173067, 42.373202 ], [ -83.173155, 42.375523 ], [ -83.173224, 42.37744 ], [ -83.173301, 42.37944 ], [ -83.173329, 42.380198 ], [ -83.173336, 42.380389 ], [ -83.174438, 42.380366 ], [ -83.175617, 42.380341 ], [ -83.175784, 42.380338 ], [ -83.176842, 42.380316 ], [ -83.177045, 42.380311 ], [ -83.177389, 42.380306 ], [ -83.178261, 42.380285 ], [ -83.178345, 42.382681 ], [ -83.178354, 42.38297 ], [ -83.17836, 42.383144 ], [ -83.178366, 42.383321 ] ] ] } },
{ "type": "Feature", "properties": { "GEOID": "261635352002", "NAME": "15000US261635352002", "population": 1742, "acs_year": "2020-2024", "ALAND": 767011, "AWATER": 0, "walk_minutes": 11.389701580271424, "access_bin": "<= 15 min", "within_15": true, "tract": "26163535200" }, "geometry": { "type": "Polygon", "coordinates": [ [ [ -83.183171, 42.378248 ], [ -83.183165, 42.378364 ], [ -83.183159, 42.37847 ], [ -83.183147, 42.378696 ], [ -83.183108, 42.378896 ], [ -83.183075, 42.379049 ], [ -83.18304, 42.379217 ], [ -83.183015, 42.379329 ], [ -83.182987, 42.379748 ], [ -83.182996, 42.37996 ], [ -83.183004, 42.380173 ], [ -83.183015, 42.380796 ], [ -83.183054, 42.38192 ], [ -83.183057, 42.382092 ], [ -83.183056, 42.382274 ], [ -83.182935, 42.3823 ], [ -83.178886, 42.383205 ], [ -83.178366, 42.383321 ], [ -83.17836, 42.383144 ], [ -83.178354, 42.38297 ], [ -83.178345, 42.382681 ], [ -83.178261, 42.380285 ], [ -83.177389, 42.380306 ], [ -83.177045, 42.380311 ], [ -83.176842, 42.380316 ], [ -83.175784, 42.380338 ], [ -83.175617, 42.380341 ], [ -83.174438, 42.380366 ], [ -83.173336, 42.380389 ], [ -83.173329, 42.380198 ], [ -83.173301, 42.37944 ], [ -83.173224, 42.37744 ], [ -83.173155, 42.375523 ], [ -83.173067, 42.373202 ], [ -83.173073, 42.373125 ], [ -83.174344, 42.373102 ], [ -83.175557, 42.373081 ], [ -83.17677, 42.373058 ], [ -83.177993, 42.373038 ], [ -83.178558, 42.373032 ], [ -83.182343, 42.37295 ], [ -83.182973, 42.372935 ], [ -83.182964, 42.37301 ], [ -83.182971, 42.373213 ], [ -83.183124, 42.375966 ], [ -83.183134, 42.3762 ], [ -83.183169, 42.376751 ], [ -83.183169, 42.377334 ], [ -83.183171, 42.37804 ], [ -83.183171, 42.378248 ] ] ] } },
{ "type": "Feature", "properties": { "GEOID": "261635353003", "NAME": "15000US261635353003", "population": 738, "acs_year": "2020-2024", "ALAND": 431221, "AWATER": 0, "walk_minutes": 8.5652466418825277, "access_bin": "<= 10 min", "within_15": true, "tract": "26163535300" }, "geometry": { "type": "Polygon", "coordinates": [ [ [ -83.19756, 42.37256 ], [ -83.196667, 42.372577 ], [ -83.196448, 42.372585 ], [ -83.195359, 42.372622 ], [ -83.194273, 42.372653 ], [ -83.193186, 42.372682 ], [ -83.192096, 42.372711 ], [ -83.191012, 42.372748 ], [ -83.190927, 42.370354 ], [ -83.190843, 42.367993 ], [ -83.190755, 42.365508 ], [ -83.19184, 42.365484 ], [ -83.19297, 42.365459 ], [ -83.194044, 42.365435 ], [ -83.195115, 42.365412 ], [ -83.196189, 42.36539 ], [ -83.197286, 42.365365 ], [ -83.197285, 42.365562 ], [ -83.197291, 42.365744 ], [ -83.197364, 42.367849 ], [ -83.197452, 42.370207 ], [ -83.19756, 42.37256 ] ] ] } },
{ "type": "Feature", "properties": { "GEOID": "261635356004", "NAME": "15000US261635356004", "population": 958, "acs_year": "2020-2024", "ALAND": 326890, "AWATER": 0, "walk_minutes": 5.6349178595550642, "access_bin": "<= 10 min", "within_15": true, "tract": "26163535600" }, "geometry": { "type": "Polygon", "coordinates": [ [ [ -83.166334, 42.352372 ], [ -83.166165, 42.352476 ], [ -83.165104, 42.353304 ], [ -83.164248, 42.353978 ], [ -83.164034, 42.354147 ], [ -83.162727, 42.355178 ], [ -83.161392, 42.356228 ], [ -83.161192, 42.356381 ], [ -83.16105, 42.356496 ], [ -83.160101, 42.357241 ], [ -83.159485, 42.357727 ], [ -83.157963, 42.358887 ], [ -83.157799, 42.356554 ], [ -83.157654, 42.354112 ], [ -83.157554, 42.352418 ], [ -83.157525, 42.351716 ], [ -83.158664, 42.351691 ], [ -83.159773, 42.351667 ], [ -83.160929, 42.351642 ], [ -83.162089, 42.351618 ], [ -83.163916, 42.351577 ], [ -83.165025, 42.351553 ], [ -83.166122, 42.351528 ], [ -83.166295, 42.351524 ], [ -83.167393, 42.351499 ], [ -83.166334, 42.352372 ] ] ] } },
{ "type": "Feature", "properties": { "GEOID": "261635357001", "NAME": "15000US261635357001", "population": 1599, "acs_year": "2020-2024", "ALAND": 654044, "AWATER": 0, "walk_minutes": 14.032731832608428, "access_bin": "<= 15 min", "within_15": true, "tract": "26163535700" }, "geometry": { "type": "Polygon", "coordinates": [ [ [ -83.167928, 42.365998 ], [ -83.167374, 42.366009 ], [ -83.166735, 42.366023 ], [ -83.165525, 42.366047 ], [ -83.164324, 42.366071 ], [ -83.163064, 42.366097 ], [ -83.161582, 42.366127 ], [ -83.158209, 42.366194 ], [ -83.158128, 42.364 ], [ -83.158059, 42.362111 ], [ -83.15805, 42.361881 ], [ -83.158039, 42.361569 ], [ -83.15799, 42.360222 ], [ -83.157967, 42.358998 ], [ -83.157963, 42.358887 ], [ -83.159623, 42.358838 ], [ -83.16052, 42.358811 ], [ -83.160814, 42.358803 ], [ -83.162022, 42.358782 ], [ -83.162834, 42.358744 ], [ -83.163135, 42.358735 ], [ -83.164097, 42.358716 ], [ -83.164224, 42.358717 ], [ -83.165336, 42.358693 ], [ -83.16616, 42.358701 ], [ -83.16652, 42.358752 ], [ -83.167206, 42.358741 ], [ -83.167727, 42.358734 ], [ -83.167789, 42.361006 ], [ -83.167865, 42.363812 ], [ -83.167928, 42.365998 ] ] ] } },
{ "type": "Feature", "properties": { "GEOID": "261635361001", "NAME": "15000US261635361001", "population": 991, "acs_year": "2020-2024", "ALAND": 334275, "AWATER": 0, "walk_minutes": 23.269685822239683, "access_bin": "> 20 min", "within_15": false, "tract": "26163536100" }, "geometry": { "type": "Polygon", "coordinates": [ [ [ -83.151158, 42.416795 ], [ -83.151166, 42.417098 ], [ -83.150117, 42.417109 ], [ -83.149958, 42.417109 ], [ -83.149113, 42.417114 ], [ -83.148779, 42.417116 ], [ -83.14814, 42.41712 ], [ -83.147509, 42.417123 ], [ -83.147161, 42.417125 ], [ -83.146316, 42.41713 ], [ -83.146204, 42.41713 ], [ -83.146087, 42.414634 ], [ -83.145998, 42.412296 ], [ -83.145904, 42.409851 ], [ -83.146325, 42.409847 ], [ -83.14688, 42.409842 ], [ -83.1475, 42.409835 ], [ -83.14786, 42.409831 ], [ -83.148642, 42.409822 ], [ -83.148837, 42.40982 ], [ -83.149782, 42.40981 ], [ -83.150799, 42.4098 ], [ -83.150955, 42.409798 ], [ -83.151014, 42.412234 ], [ -83.151066, 42.413945 ], [ -83.151108, 42.414815 ], [ -83.151169, 42.416558 ], [ -83.151158, 42.416795 ] ] ] } },
{ "type": "Feature", "properties": { "GEOID": "261635361002", "NAME": "15000US261635361002", "population": 1474, "acs_year": "2020-2024", "ALAND": 604814, "AWATER": 0, "walk_minutes": 18.424297324473784, "access_bin": "<= 20 min", "within_15": false, "tract": "26163536100" }, "geometry": { "type": "Polygon", "coordinates": [ [ [ -83.160324, 42.416932 ], [ -83.159249, 42.416953 ], [ -83.158153, 42.416972 ], [ -83.157055, 42.416991 ], [ -83.15596, 42.417011 ], [ -83.154818, 42.417032 ], [ -83.15359, 42.417056 ], [ -83.152368, 42.417078 ], [ -83.151166, 42.417098 ], [ -83.151158, 42.416795 ], [ -83.151169, 42.416558 ], [ -83.151108, 42.414815 ], [ -83.151066, 42.413945 ], [ -83.151014, 42.412234 ], [ -83.150955, 42.409798 ], [ -83.152152, 42.409787 ], [ -83.152648, 42.409783 ], [ -83.153354, 42.409776 ], [ -83.15364, 42.409773 ], [ -83.154592, 42.409764 ], [ -83.15565, 42.409753 ], [ -83.156741, 42.409741 ], [ -83.157835, 42.409731 ], [ -83.158931, 42.409718 ], [ -83.160004, 42.409707 ], [ -83.160113, 42.412146 ], [ -83.160185, 42.413798 ], [ -83.160216, 42.414517 ], [ -83.160324, 42.416932 ] ] ] } },
{ "type": "Feature", "properties": { "GEOID": "261635363003", "NAME": "15000US261635363003", "population": 887, "acs_year": "2020-2024", "ALAND": 465960, "AWATER": 0, "walk_minutes": 22.45002387356497, "access_bin": "> 20 min", "within_15": false, "tract": "26163536300" }, "geometry": { "type": "Polygon", "coordinates": [ [ [ -83.150799, 42.4098 ], [ -83.149782, 42.40981 ], [ -83.148837, 42.40982 ], [ -83.148642, 42.409822 ], [ -83.14786, 42.409831 ], [ -83.1475, 42.409835 ], [ -83.14688, 42.409842 ], [ -83.146325, 42.409847 ], [ -83.145904, 42.409851 ], [ -83.144855, 42.409861 ], [ -83.143781, 42.409871 ], [ -83.142706, 42.409881 ], [ -83.141631, 42.409891 ], [ -83.140537, 42.409904 ], [ -83.140449, 42.407556 ], [ -83.140417, 42.406736 ], [ -83.140399, 42.406266 ], [ -83.140362, 42.405275 ], [ -83.140349, 42.404957 ], [ -83.14083, 42.404947 ], [ -83.141777, 42.404928 ], [ -83.143724, 42.40489 ], [ -83.145628, 42.404879 ], [ -83.146083, 42.404876 ], [ -83.146209, 42.404874 ], [ -83.147305, 42.404863 ], [ -83.148462, 42.404864 ], [ -83.150612, 42.404868 ], [ -83.150622, 42.405139 ], [ -83.150652, 42.406018 ], [ -83.150662, 42.406188 ], [ -83.150673, 42.406368 ], [ -83.150799, 42.4098 ] ] ] } },
{ "type": "Feature", "properties": { "GEOID": "261635364001", "NAME": "15000US261635364001", "population": 789, "acs_year": "2020-2024", "ALAND": 422827, "AWATER": 0, "walk_minutes": 17.903642486497009, "access_bin": "<= 20 min", "within_15": false, "tract": "26163536400" }, "geometry": { "type": "Polygon", "coordinates": [ [ [ -83.159573, 42.400241 ], [ -83.158538, 42.400251 ], [ -83.157513, 42.400258 ], [ -83.156482, 42.400266 ], [ -83.155459, 42.400274 ], [ -83.154714, 42.400279 ], [ -83.154435, 42.400281 ], [ -83.153405, 42.400288 ], [ -83.152377, 42.400294 ], [ -83.15135, 42.400301 ], [ -83.150323, 42.400308 ], [ -83.150219, 42.398046 ], [ -83.150089, 42.395323 ], [ -83.151118, 42.395315 ], [ -83.152144, 42.395306 ], [ -83.153172, 42.395296 ], [ -83.154198, 42.395287 ], [ -83.15523, 42.395277 ], [ -83.156256, 42.395268 ], [ -83.157283, 42.395259 ], [ -83.15831, 42.395251 ], [ -83.15935, 42.39524 ], [ -83.159473, 42.39797 ], [ -83.159531, 42.399389 ], [ -83.159573, 42.400241 ] ] ] } },
{ "type": "Feature", "properties": { "GEOID": "261635364003", "NAME": "15000US261635364003", "population": 484, "acs_year": "2020-2024", "ALAND": 403510, "AWATER": 0, "walk_minutes": 18.588265333926866, "access_bin": "<= 20 min", "within_15": false, "tract": "26163536400" }, "geometry": { "type": "Polygon", "coordinates": [ [ [ -83.159688, 42.402515 ], [ -83.158608, 42.402526 ], [ -83.157525, 42.402533 ], [ -83.156415, 42.40254 ], [ -83.155326, 42.402548 ], [ -83.154815, 42.402551 ], [ -83.154356, 42.402554 ], [ -83.153373, 42.40256 ], [ -83.152387, 42.402566 ], [ -83.151511, 42.402572 ], [ -83.15053, 42.402578 ], [ -83.149877, 42.402583 ], [ -83.149483, 42.402585 ], [ -83.148374, 42.402595 ], [ -83.147233, 42.402605 ], [ -83.146749, 42.402609 ], [ -83.146055, 42.402615 ], [ -83.144842, 42.402625 ], [ -83.143594, 42.402635 ], [ -83.142377, 42.402645 ], [ -83.14131, 42.402654 ], [ -83.140255, 42.402664 ], [ -83.140222, 42.401917 ], [ -83.14019, 42.401194 ], [ -83.14016, 42.400558 ], [ -83.140149, 42.40039 ], [ -83.141233, 42.400387 ], [ -83.142353, 42.400376 ], [ -83.143471, 42.400365 ], [ -83.14467, 42.400355 ], [ -83.145853, 42.400346 ], [ -83.146646, 42.400339 ], [ -83.146971, 42.400336 ], [ -83.14809, 42.400326 ], [ -83.149188, 42.400317 ], [ -83.149785, 42.400312 ], [ -83.150323, 42.400308 ], [ -83.15135, 42.400301 ], [ -83.152377, 42.400294 ], [ -83.153405, 42.400288 ], [ -83.154435, 42.400281 ], [ -83.154714, 42.400279 ], [ -83.155459, 42.400274 ], [ -83.156482, 42.400266 ], [ -83.157513, 42.400258 ], [ -83.158538, 42.400251 ], [ -83.159573, 42.400241 ], [ -83.159611, 42.401052 ], [ -83.159642, 42.401775 ], [ -83.159675, 42.402451 ], [ -83.159688, 42.402515 ] ] ] } },
{ "type": "Feature", "properties": { "GEOID": "261635365001", "NAME": "15000US261635365001", "population": 762, "acs_year": "2020-2024", "ALAND": 765545, "AWATER": 0, "walk_minutes": 12.047134195391106, "access_bin": "<= 15 min", "within_15": true, "tract": "26163536500" }, "geometry": { "type": "Polygon", "coordinates": [ [ [ -83.149211, 42.38934 ], [ -83.149202, 42.389686 ], [ -83.149016, 42.390402 ], [ -83.14884, 42.390527 ], [ -83.148563, 42.390872 ], [ -83.148131, 42.391264 ], [ -83.148218, 42.391338 ], [ -83.14888, 42.391903 ], [ -83.148858, 42.391965 ], [ -83.148855, 42.392031 ], [ -83.148907, 42.39338 ], [ -83.148924, 42.393839 ], [ -83.148983, 42.395332 ], [ -83.147881, 42.395341 ], [ -83.146761, 42.395353 ], [ -83.145645, 42.395362 ], [ -83.144461, 42.395371 ], [ -83.143268, 42.395383 ], [ -83.142149, 42.395395 ], [ -83.141026, 42.395406 ], [ -83.139938, 42.395418 ], [ -83.139909, 42.39475 ], [ -83.139899, 42.394507 ], [ -83.139867, 42.393773 ], [ -83.139846, 42.393312 ], [ -83.139805, 42.39238 ], [ -83.139766, 42.391524 ], [ -83.139762, 42.391422 ], [ -83.139742, 42.390976 ], [ -83.139721, 42.390531 ], [ -83.139716, 42.39041 ], [ -83.13971, 42.39029 ], [ -83.139668, 42.389348 ], [ -83.139628, 42.388455 ], [ -83.139584, 42.387493 ], [ -83.139548, 42.386691 ], [ -83.13954, 42.386493 ], [ -83.140604, 42.38646 ], [ -83.14169, 42.386414 ], [ -83.142377, 42.386389 ], [ -83.142781, 42.386366 ], [ -83.143777, 42.386307 ], [ -83.143912, 42.386303 ], [ -83.144208, 42.386281 ], [ -83.145281, 42.386257 ], [ -83.145397, 42.386254 ], [ -83.145894, 42.386243 ], [ -83.146365, 42.386238 ], [ -83.147497, 42.386213 ], [ -83.149169, 42.386174 ], [ -83.149167, 42.386324 ], [ -83.149195, 42.388485 ], [ -83.149196, 42.388563 ], [ -83.149207, 42.388703 ], [ -83.149211, 42.38934 ] ] ] } },
{ "type": "Feature", "properties": { "GEOID": "261635139001", "NAME": "15000US261635139001", "population": 410, "acs_year": "2020-2024", "ALAND": 611237, "AWATER": 0, "walk_minutes": 29.129223886950555, "access_bin": "> 20 min", "within_15": false, "tract": "26163513900" }, "geometry": { "type": "Polygon", "coordinates": [ [ [ -82.993868, 42.372166 ], [ -82.991944, 42.373049 ], [ -82.990846, 42.373552 ], [ -82.989742, 42.374056 ], [ -82.988773, 42.374499 ], [ -82.987677, 42.375001 ], [ -82.986538, 42.375525 ], [ -82.984913, 42.373256 ], [ -82.983522, 42.371289 ], [ -82.98339, 42.371082 ], [ -82.98332, 42.370997 ], [ -82.983249, 42.37091 ], [ -82.982981, 42.370542 ], [ -82.982882, 42.370379 ], [ -82.981675, 42.368667 ], [ -82.982806, 42.368223 ], [ -82.983827, 42.367821 ], [ -82.983923, 42.367779 ], [ -82.984053, 42.367721 ], [ -82.984923, 42.367369 ], [ -82.986035, 42.36693 ], [ -82.98715, 42.366505 ], [ -82.989499, 42.365637 ], [ -82.989924, 42.366229 ], [ -82.99021, 42.366626 ], [ -82.990379, 42.366859 ], [ -82.990762, 42.367379 ], [ -82.990826, 42.367472 ], [ -82.990931, 42.367626 ], [ -82.991287, 42.368115 ], [ -82.991739, 42.368746 ], [ -82.992193, 42.369376 ], [ -82.99246, 42.369744 ], [ -82.992684, 42.370055 ], [ -82.993146, 42.370694 ], [ -82.993612, 42.371336 ], [ -82.99412, 42.372046 ], [ -82.993868, 42.372166 ] ] ] } },
{ "type": "Feature", "properties": { "GEOID": "261635139002", "NAME": "15000US261635139002", "population": 998, "acs_year": "2020-2024", "ALAND": 675051, "AWATER": 0, "walk_minutes": 17.591620942799338, "access_bin": "<= 20 min", "within_15": false, "tract": "26163513900" }, "geometry": { "type": "Polygon", "coordinates": [ [ [ -82.985571, 42.375972 ], [ -82.985293, 42.3761 ], [ -82.984676, 42.376383 ], [ -82.984036, 42.376678 ], [ -82.983779, 42.376795 ], [ -82.982923, 42.37719 ], [ -82.982812, 42.377241 ], [ -82.981731, 42.377737 ], [ -82.980852, 42.378138 ], [ -82.980423, 42.378334 ], [ -82.979769, 42.378612 ], [ -82.979214, 42.378849 ], [ -82.978751, 42.379054 ], [ -82.978571, 42.379145 ], [ -82.978486, 42.379006 ], [ -82.976664, 42.376229 ], [ -82.975191, 42.373977 ], [ -82.973625, 42.371581 ], [ -82.974881, 42.371125 ], [ -82.975991, 42.370726 ], [ -82.976922, 42.370391 ], [ -82.978002, 42.370004 ], [ -82.979141, 42.369594 ], [ -82.980466, 42.369118 ], [ -82.981675, 42.368667 ], [ -82.982882, 42.370379 ], [ -82.982981, 42.370542 ], [ -82.983249, 42.37091 ], [ -82.98332, 42.370997 ], [ -82.98339, 42.371082 ], [ -82.983522, 42.371289 ], [ -82.984913, 42.373256 ], [ -82.986538, 42.375525 ], [ -82.985571, 42.375972 ] ] ] } },
{ "type": "Feature", "properties": { "GEOID": "261635141002", "NAME": "15000US261635141002", "population": 769, "acs_year": "2020-2024", "ALAND": 810847, "AWATER": 0, "walk_minutes": 30.264557963974891, "access_bin": "> 20 min", "within_15": false, "tract": "26163514100" }, "geometry": { "type": "Polygon", "coordinates": [ [ [ -82.991534, 42.384391 ], [ -82.990573, 42.384775 ], [ -82.989607, 42.385156 ], [ -82.988381, 42.385612 ], [ -82.987251, 42.386028 ], [ -82.986333, 42.386371 ], [ -82.98512, 42.386809 ], [ -82.98385, 42.387266 ], [ -82.98112, 42.383107 ], [ -82.980419, 42.382028 ], [ -82.980195, 42.381683 ], [ -82.978917, 42.379726 ], [ -82.978806, 42.379488 ], [ -82.978638, 42.379249 ], [ -82.978571, 42.379145 ], [ -82.978751, 42.379054 ], [ -82.979214, 42.378849 ], [ -82.979769, 42.378612 ], [ -82.980423, 42.378334 ], [ -82.980852, 42.378138 ], [ -82.981731, 42.377737 ], [ -82.982812, 42.377241 ], [ -82.982923, 42.37719 ], [ -82.983779, 42.376795 ], [ -82.984036, 42.376678 ], [ -82.984676, 42.376383 ], [ -82.985293, 42.3761 ], [ -82.985571, 42.375972 ], [ -82.986538, 42.375525 ], [ -82.987937, 42.377497 ], [ -82.98959, 42.379874 ], [ -82.990982, 42.38186 ], [ -82.992503, 42.384004 ], [ -82.991534, 42.384391 ] ] ] } },
{ "type": "Feature", "properties": { "GEOID": "261635339002", "NAME": "15000US261635339002", "population": 882, "acs_year": "2020-2024", "ALAND": 132221, "AWATER": 0, "walk_minutes": 17.051065816511173, "access_bin": "<= 20 min", "within_15": false, "tract": "26163533900" }, "geometry": { "type": "Polygon", "coordinates": [ [ [ -83.084607, 42.372161 ], [ -83.082553, 42.37291 ], [ -83.082197, 42.372346 ], [ -83.081911, 42.371893 ], [ -83.081741, 42.371619 ], [ -83.081616, 42.371452 ], [ -83.081422, 42.37117 ], [ -83.081355, 42.37106 ], [ -83.081337, 42.370963 ], [ -83.081335, 42.370855 ], [ -83.081361, 42.370724 ], [ -83.081382, 42.370655 ], [ -83.081423, 42.370589 ], [ -83.08124, 42.370524 ], [ -83.081143, 42.370479 ], [ -83.08105, 42.370429 ], [ -83.080963, 42.370374 ], [ -83.080858, 42.370296 ], [ -83.080783, 42.370232 ], [ -83.080734, 42.370179 ], [ -83.08064, 42.370077 ], [ -83.080126, 42.369316 ], [ -83.079374, 42.3682 ], [ -83.079277, 42.368145 ], [ -83.081514, 42.367304 ], [ -83.081802, 42.367197 ], [ -83.081867, 42.367287 ], [ -83.083565, 42.369857 ], [ -83.083818, 42.370264 ], [ -83.084349, 42.371116 ], [ -83.084366, 42.371142 ], [ -83.084964, 42.37203 ], [ -83.084607, 42.372161 ] ] ] } },
{ "type": "Feature", "properties": { "GEOID": "261635327001", "NAME": "15000US261635327001", "population": 450, "acs_year": "2020-2024", "ALAND": 585117, "AWATER": 0, "walk_minutes": 10.035546966491152, "access_bin": "<= 15 min", "within_15": true, "tract": "26163532700" }, "geometry": { "type": "Polygon", "coordinates": [ [ [ -83.099313, 42.376441 ], [ -83.096566, 42.377435 ], [ -83.093619, 42.378499 ], [ -83.090747, 42.379538 ], [ -83.090576, 42.3796 ], [ -83.090406, 42.379663 ], [ -83.090316, 42.37969 ], [ -83.090225, 42.379716 ], [ -83.089768, 42.379111 ], [ -83.088732, 42.377531 ], [ -83.088029, 42.376498 ], [ -83.086363, 42.374053 ], [ -83.086581, 42.373951 ], [ -83.086873, 42.373826 ], [ -83.089765, 42.372776 ], [ -83.092722, 42.371699 ], [ -83.092774, 42.371676 ], [ -83.095342, 42.370766 ], [ -83.095786, 42.371425 ], [ -83.096213, 42.372063 ], [ -83.096638, 42.372702 ], [ -83.09705, 42.373319 ], [ -83.097535, 42.374046 ], [ -83.098103, 42.374897 ], [ -83.09865, 42.375714 ], [ -83.098808, 42.37593 ], [ -83.099029, 42.37617 ], [ -83.099313, 42.376441 ] ] ] } },
{ "type": "Feature", "properties": { "GEOID": "261635330001", "NAME": "15000US261635330001", "population": 632, "acs_year": "2020-2024", "ALAND": 304905, "AWATER": 0, "walk_minutes": 11.777525219846483, "access_bin": "<= 15 min", "within_15": true, "tract": "26163533000" }, "geometry": { "type": "Polygon", "coordinates": [ [ [ -83.099143, 42.369372 ], [ -83.095542, 42.370693 ], [ -83.095342, 42.370766 ], [ -83.094736, 42.369842 ], [ -83.094244, 42.369097 ], [ -83.094025, 42.368765 ], [ -83.093857, 42.36851 ], [ -83.093767, 42.368373 ], [ -83.093688, 42.368252 ], [ -83.093379, 42.367783 ], [ -83.09313, 42.367405 ], [ -83.092858, 42.366991 ], [ -83.092592, 42.366588 ], [ -83.092358, 42.366232 ], [ -83.092073, 42.3658 ], [ -83.091528, 42.364991 ], [ -83.091466, 42.364891 ], [ -83.090791, 42.363857 ], [ -83.090702, 42.363731 ], [ -83.091027, 42.363609 ], [ -83.092769, 42.362956 ], [ -83.093237, 42.362787 ], [ -83.093836, 42.362561 ], [ -83.094512, 42.362313 ], [ -83.0946, 42.362447 ], [ -83.094957, 42.362991 ], [ -83.095354, 42.363598 ], [ -83.096151, 42.364816 ], [ -83.096933, 42.365999 ], [ -83.097489, 42.366849 ], [ -83.097739, 42.367231 ], [ -83.098044, 42.367696 ], [ -83.098492, 42.36838 ], [ -83.0986, 42.368544 ], [ -83.099143, 42.369372 ] ] ] } },
{ "type": "Feature", "properties": { "GEOID": "261635143002", "NAME": "15000US261635143002", "population": 743, "acs_year": "2020-2024", "ALAND": 1142525, "AWATER": 0, "walk_minutes": 22.515986709477524, "access_bin": "> 20 min", "within_15": false, "tract": "26163514300" }, "geometry": { "type": "Polygon", "coordinates": [ [ [ -82.997971, 42.391893 ], [ -82.997527, 42.391864 ], [ -82.996683, 42.391831 ], [ -82.995822, 42.391953 ], [ -82.995647, 42.39199 ], [ -82.995843, 42.392269 ], [ -82.995926, 42.392393 ], [ -82.9953, 42.392508 ], [ -82.994873, 42.392601 ], [ -82.994582, 42.392673 ], [ -82.994211, 42.392776 ], [ -82.993861, 42.392883 ], [ -82.993337, 42.393063 ], [ -82.992897, 42.393236 ], [ -82.992398, 42.393465 ], [ -82.992054, 42.393643 ], [ -82.991817, 42.393774 ], [ -82.991544, 42.39392 ], [ -82.991187, 42.394124 ], [ -82.990892, 42.394322 ], [ -82.990838, 42.394363 ], [ -82.990168, 42.394844 ], [ -82.989428, 42.395403 ], [ -82.989223, 42.395557 ], [ -82.988757, 42.395903 ], [ -82.988577, 42.396036 ], [ -82.988185, 42.396326 ], [ -82.988138, 42.396362 ], [ -82.987766, 42.396638 ], [ -82.987595, 42.396566 ], [ -82.987457, 42.396487 ], [ -82.987362, 42.396422 ], [ -82.987263, 42.396346 ], [ -82.98714, 42.396237 ], [ -82.986918, 42.396007 ], [ -82.986795, 42.395886 ], [ -82.986545, 42.395622 ], [ -82.986326, 42.395396 ], [ -82.985984, 42.395084 ], [ -82.985747, 42.394882 ], [ -82.985472, 42.394668 ], [ -82.985132, 42.394309 ], [ -82.984923, 42.394144 ], [ -82.984789, 42.394037 ], [ -82.984264, 42.393596 ], [ -82.983889, 42.393305 ], [ -82.98378, 42.393232 ], [ -82.983628, 42.393143 ], [ -82.983216, 42.392938 ], [ -82.982622, 42.392645 ], [ -82.982356, 42.392503 ], [ -82.98214, 42.392357 ], [ -82.98084, 42.391512 ], [ -82.980636, 42.39138 ], [ -82.97947, 42.390623 ], [ -82.979162, 42.390422 ], [ -82.978859, 42.390249 ], [ -82.978777, 42.390215 ], [ -82.978501, 42.390098 ], [ -82.977161, 42.389637 ], [ -82.976781, 42.389506 ], [ -82.976029, 42.389288 ], [ -82.979307, 42.388896 ], [ -82.979454, 42.388848 ], [ -82.979925, 42.388678 ], [ -82.980319, 42.388536 ], [ -82.980378, 42.388515 ], [ -82.980441, 42.388492 ], [ -82.980612, 42.38843 ], [ -82.982266, 42.387836 ], [ -82.982958, 42.387587 ], [ -82.98385, 42.387266 ], [ -82.98512, 42.386809 ], [ -82.986333, 42.386371 ], [ -82.987251, 42.386028 ], [ -82.988381, 42.385612 ], [ -82.989607, 42.385156 ], [ -82.990573, 42.384775 ], [ -82.991534, 42.384391 ], [ -82.992503, 42.384004 ], [ -82.996255, 42.389296 ], [ -82.996222, 42.389402 ], [ -82.996196, 42.389472 ], [ -82.997824, 42.39177 ], [ -82.997971, 42.391893 ] ] ] } },
{ "type": "Feature", "properties": { "GEOID": "261635164001", "NAME": "15000US261635164001", "population": 937, "acs_year": "2020-2024", "ALAND": 1030498, "AWATER": 0, "walk_minutes": 18.010791921095038, "access_bin": "<= 20 min", "within_15": false, "tract": "26163516400" }, "geometry": { "type": "Polygon", "coordinates": [ [ [ -83.017474, 42.355026 ], [ -83.0162, 42.355471 ], [ -83.015891, 42.355552 ], [ -83.015452, 42.35564 ], [ -83.014778, 42.355788 ], [ -83.01448, 42.355846 ], [ -83.013909, 42.355965 ], [ -83.013347, 42.356097 ], [ -83.013063, 42.356189 ], [ -83.012041, 42.356558 ], [ -83.011064, 42.356913 ], [ -83.010098, 42.357264 ], [ -83.009251, 42.35757 ], [ -83.008858, 42.357718 ], [ -83.007463, 42.355604 ], [ -83.006269, 42.353792 ], [ -83.006144, 42.353602 ], [ -83.005154, 42.352104 ], [ -83.004024, 42.350393 ], [ -83.002918, 42.348658 ], [ -83.002776, 42.348251 ], [ -83.002682, 42.348075 ], [ -83.002559, 42.347895 ], [ -83.002079, 42.347158 ], [ -83.003134, 42.346704 ], [ -83.004056, 42.346311 ], [ -83.004982, 42.345815 ], [ -83.006222, 42.345307 ], [ -83.006834, 42.345044 ], [ -83.007489, 42.344762 ], [ -83.008083, 42.344507 ], [ -83.008318, 42.344405 ], [ -83.008762, 42.344214 ], [ -83.009174, 42.344037 ], [ -83.010052, 42.34366 ], [ -83.010159, 42.343943 ], [ -83.010458, 42.344404 ], [ -83.01056, 42.344544 ], [ -83.010974, 42.3452 ], [ -83.01155, 42.346069 ], [ -83.011996, 42.346745 ], [ -83.012107, 42.346926 ], [ -83.012674, 42.347699 ], [ -83.014516, 42.350553 ], [ -83.015586, 42.352167 ], [ -83.015842, 42.35256 ], [ -83.017131, 42.354506 ], [ -83.017474, 42.355026 ] ] ] } },
{ "type": "Feature", "properties": { "GEOID": "261635165001", "NAME": "15000US261635165001", "population": 1043, "acs_year": "2020-2024", "ALAND": 625234, "AWATER": 0, "walk_minutes": 8.2253740266616635, "access_bin": "<= 10 min", "within_15": true, "tract": "26163516500" }, "geometry": { "type": "Polygon", "coordinates": [ [ [ -83.034173, 42.333287 ], [ -83.032397, 42.33404 ], [ -83.030775, 42.334739 ], [ -83.029367, 42.335346 ], [ -83.028269, 42.335819 ], [ -83.028113, 42.335886 ], [ -83.027989, 42.335938 ], [ -83.027813, 42.336015 ], [ -83.026067, 42.33677 ], [ -83.024587, 42.337406 ], [ -83.022647, 42.338245 ], [ -83.019747, 42.33949 ], [ -83.017884, 42.340292 ], [ -83.017598, 42.339869 ], [ -83.017417, 42.339587 ], [ -83.017008, 42.33897 ], [ -83.016601, 42.338355 ], [ -83.016699, 42.338318 ], [ -83.018136, 42.337692 ], [ -83.01846, 42.337546 ], [ -83.018149, 42.337073 ], [ -83.017745, 42.336458 ], [ -83.0175, 42.336085 ], [ -83.017309, 42.335823 ], [ -83.017293, 42.3358 ], [ -83.017104, 42.335525 ], [ -83.017053, 42.335451 ], [ -83.016929, 42.335261 ], [ -83.021525, 42.333399 ], [ -83.025685, 42.331869 ], [ -83.025743, 42.331849 ], [ -83.026282, 42.332403 ], [ -83.02642, 42.332991 ], [ -83.026461, 42.333096 ], [ -83.026617, 42.333193 ], [ -83.026761, 42.333142 ], [ -83.027558, 42.332863 ], [ -83.029158, 42.332305 ], [ -83.030131, 42.331963 ], [ -83.032224, 42.331245 ], [ -83.032736, 42.33107 ], [ -83.032814, 42.331186 ], [ -83.032994, 42.331452 ], [ -83.033129, 42.331652 ], [ -83.033319, 42.331938 ], [ -83.033733, 42.332566 ], [ -83.034113, 42.333142 ], [ -83.034173, 42.333287 ] ] ] } },
{ "type": "Feature", "properties": { "GEOID": "261635166001", "NAME": "15000US261635166001", "population": 1050, "acs_year": "2020-2024", "ALAND": 212731, "AWATER": 0, "walk_minutes": 5.7771606944461826, "access_bin": "<= 10 min", "within_15": true, "tract": "26163516600" }, "geometry": { "type": "Polygon", "coordinates": [ [ [ -83.030395, 42.339035 ], [ -83.030145, 42.339143 ], [ -83.030051, 42.339183 ], [ -83.029865, 42.339263 ], [ -83.02799, 42.340071 ], [ -83.026654, 42.340644 ], [ -83.025815, 42.341006 ], [ -83.024947, 42.341379 ], [ -83.024763, 42.341458 ], [ -83.02467, 42.341316 ], [ -83.023211, 42.339103 ], [ -83.023117, 42.338963 ], [ -83.022647, 42.338245 ], [ -83.024587, 42.337406 ], [ -83.026067, 42.33677 ], [ -83.027813, 42.336015 ], [ -83.027989, 42.335938 ], [ -83.028113, 42.335886 ], [ -83.028269, 42.335819 ], [ -83.02836, 42.335957 ], [ -83.028747, 42.33654 ], [ -83.028841, 42.336682 ], [ -83.029899, 42.338285 ], [ -83.030301, 42.338893 ], [ -83.030395, 42.339035 ] ] ] } },
{ "type": "Feature", "properties": { "GEOID": "261635168001", "NAME": "15000US261635168001", "population": 627, "acs_year": "2020-2024", "ALAND": 983254, "AWATER": 0, "walk_minutes": 15.965320333051714, "access_bin": "<= 20 min", "within_15": false, "tract": "26163516800" }, "geometry": { "type": "Polygon", "coordinates": [ [ [ -83.034858, 42.348569 ], [ -83.034309, 42.349282 ], [ -83.033513, 42.350341 ], [ -83.033291, 42.350643 ], [ -83.033014, 42.351023 ], [ -83.032542, 42.351741 ], [ -83.032046, 42.352495 ], [ -83.0318, 42.352858 ], [ -83.030815, 42.354377 ], [ -83.030198, 42.355321 ], [ -83.030148, 42.35541 ], [ -83.0296, 42.356232 ], [ -83.029003, 42.357142 ], [ -83.02849, 42.357925 ], [ -83.027762, 42.359035 ], [ -83.027521, 42.359406 ], [ -83.02669, 42.360671 ], [ -83.026498, 42.360965 ], [ -83.025873, 42.36192 ], [ -83.025664, 42.362239 ], [ -83.025267, 42.362843 ], [ -83.024136, 42.36457 ], [ -83.023962, 42.364836 ], [ -83.02311, 42.363559 ], [ -83.023044, 42.363459 ], [ -83.022571, 42.362744 ], [ -83.022366, 42.362435 ], [ -83.022093, 42.36202 ], [ -83.021613, 42.361291 ], [ -83.021353, 42.360899 ], [ -83.020894, 42.360206 ], [ -83.020467, 42.35956 ], [ -83.020183, 42.359129 ], [ -83.019729, 42.358443 ], [ -83.019269, 42.357746 ], [ -83.018815, 42.35706 ], [ -83.018358, 42.356367 ], [ -83.017905, 42.355677 ], [ -83.017474, 42.355026 ], [ -83.018394, 42.354692 ], [ -83.020037, 42.354092 ], [ -83.022793, 42.353068 ], [ -83.023238, 42.352899 ], [ -83.023528, 42.352788 ], [ -83.025572, 42.351926 ], [ -83.027431, 42.351126 ], [ -83.02793, 42.350912 ], [ -83.030311, 42.349866 ], [ -83.030469, 42.3498 ], [ -83.032263, 42.349047 ], [ -83.033013, 42.348749 ], [ -83.03324, 42.348678 ], [ -83.033357, 42.348661 ], [ -83.033722, 42.348649 ], [ -83.03394, 42.348638 ], [ -83.034431, 42.348614 ], [ -83.034858, 42.348569 ] ] ] } },
{ "type": "Feature", "properties": { "GEOID": "261635169001", "NAME": "15000US261635169001", "population": 1118, "acs_year": "2020-2024", "ALAND": 382763, "AWATER": 0, "walk_minutes": 15.965907508392883, "access_bin": "<= 20 min", "within_15": false, "tract": "26163516900" }, "geometry": { "type": "Polygon", "coordinates": [ [ [ -83.035849, 42.347276 ], [ -83.034858, 42.348569 ], [ -83.034431, 42.348614 ], [ -83.03394, 42.348638 ], [ -83.033722, 42.348649 ], [ -83.033357, 42.348661 ], [ -83.03324, 42.348678 ], [ -83.033013, 42.348749 ], [ -83.032263, 42.349047 ], [ -83.030469, 42.3498 ], [ -83.030311, 42.349866 ], [ -83.029043, 42.347902 ], [ -83.029067, 42.34779 ], [ -83.028786, 42.347902 ], [ -83.028622, 42.347956 ], [ -83.028466, 42.347994 ], [ -83.028266, 42.348025 ], [ -83.028104, 42.348037 ], [ -83.027929, 42.348037 ], [ -83.027745, 42.348021 ], [ -83.027552, 42.347987 ], [ -83.027402, 42.347948 ], [ -83.027258, 42.347898 ], [ -83.027081, 42.347817 ], [ -83.026953, 42.347745 ], [ -83.026806, 42.347641 ], [ -83.026702, 42.347549 ], [ -83.026632, 42.347476 ], [ -83.026382, 42.347156 ], [ -83.026081, 42.346771 ], [ -83.025855, 42.346488 ], [ -83.025798, 42.346408 ], [ -83.025721, 42.346268 ], [ -83.025677, 42.346152 ], [ -83.02564, 42.345998 ], [ -83.02563, 42.34591 ], [ -83.025629, 42.345823 ], [ -83.025646, 42.345677 ], [ -83.025668, 42.345591 ], [ -83.025692, 42.345526 ], [ -83.025727, 42.345452 ], [ -83.025782, 42.345338 ], [ -83.025942, 42.345026 ], [ -83.026139, 42.345086 ], [ -83.026286, 42.344801 ], [ -83.026446, 42.344493 ], [ -83.026504, 42.344345 ], [ -83.026525, 42.344258 ], [ -83.026595, 42.344353 ], [ -83.026872, 42.344729 ], [ -83.027047, 42.344967 ], [ -83.027183, 42.34515 ], [ -83.027298, 42.345098 ], [ -83.029055, 42.344351 ], [ -83.029174, 42.344283 ], [ -83.031343, 42.343365 ], [ -83.032321, 42.342981 ], [ -83.032502, 42.342897 ], [ -83.032836, 42.342743 ], [ -83.032951, 42.34269 ], [ -83.034296, 42.344666 ], [ -83.034732, 42.345362 ], [ -83.035153, 42.346028 ], [ -83.035904, 42.347216 ], [ -83.035849, 42.347276 ] ] ] } },
{ "type": "Feature", "properties": { "GEOID": "261635225002", "NAME": "15000US261635225002", "population": 525, "acs_year": "2020-2024", "ALAND": 474180, "AWATER": 0, "walk_minutes": 16.723036176654198, "access_bin": "<= 20 min", "within_15": false, "tract": "26163522500" }, "geometry": { "type": "Polygon", "coordinates": [ [ [ -83.067702, 42.343323 ], [ -83.067761, 42.343463 ], [ -83.066162, 42.343958 ], [ -83.065368, 42.344201 ], [ -83.065209, 42.344189 ], [ -83.062973, 42.344886 ], [ -83.062253, 42.343619 ], [ -83.061528, 42.342354 ], [ -83.060807, 42.341091 ], [ -83.060021, 42.341335 ], [ -83.059254, 42.339981 ], [ -83.060029, 42.339725 ], [ -83.059268, 42.338387 ], [ -83.058681, 42.337235 ], [ -83.058665, 42.337203 ], [ -83.058598, 42.337108 ], [ -83.058524, 42.337008 ], [ -83.058719, 42.336913 ], [ -83.059198, 42.336692 ], [ -83.059421, 42.3366 ], [ -83.059948, 42.33639 ], [ -83.060036, 42.336365 ], [ -83.060138, 42.336336 ], [ -83.060186, 42.336325 ], [ -83.060226, 42.336315 ], [ -83.060396, 42.33628 ], [ -83.062582, 42.335805 ], [ -83.063575, 42.33558 ], [ -83.06413, 42.335463 ], [ -83.064266, 42.335438 ], [ -83.06429, 42.335496 ], [ -83.064296, 42.335505 ], [ -83.064523, 42.335849 ], [ -83.064652, 42.336059 ], [ -83.064947, 42.336551 ], [ -83.064999, 42.336639 ], [ -83.065251, 42.337273 ], [ -83.065298, 42.33738 ], [ -83.065509, 42.337858 ], [ -83.06572, 42.338304 ], [ -83.065915, 42.338715 ], [ -83.066013, 42.33893 ], [ -83.06612, 42.339166 ], [ -83.066146, 42.339224 ], [ -83.066207, 42.339359 ], [ -83.066323, 42.339617 ], [ -83.067341, 42.341697 ], [ -83.068015, 42.343224 ], [ -83.067702, 42.343323 ] ] ] } },
{ "type": "Feature", "properties": { "GEOID": "261635207002", "NAME": "15000US261635207002", "population": 1534, "acs_year": "2020-2024", "ALAND": 112799, "AWATER": 0, "walk_minutes": 21.822711888957659, "access_bin": "> 20 min", "within_15": false, "tract": "26163520700" }, "geometry": { "type": "Polygon", "coordinates": [ [ [ -83.054867, 42.335285 ], [ -83.053818, 42.335742 ], [ -83.052421, 42.336337 ], [ -83.051724, 42.33662 ], [ -83.05089, 42.336981 ], [ -83.050816, 42.336864 ], [ -83.0502, 42.335984 ], [ -83.050038, 42.335713 ], [ -83.049424, 42.334949 ], [ -83.048746, 42.334089 ], [ -83.048992, 42.333972 ], [ -83.049354, 42.333811 ], [ -83.049577, 42.33372 ], [ -83.049715, 42.333675 ], [ -83.050784, 42.333671 ], [ -83.05091, 42.33367 ], [ -83.051191, 42.333669 ], [ -83.05226, 42.333657 ], [ -83.052421, 42.333716 ], [ -83.053304, 42.334085 ], [ -83.054093, 42.33442 ], [ -83.05446, 42.334569 ], [ -83.055524, 42.335 ], [ -83.054867, 42.335285 ] ] ] } },
{ "type": "Feature", "properties": { "GEOID": "261635001002", "NAME": "15000US261635001002", "population": 2843, "acs_year": "2020-2024", "ALAND": 784620, "AWATER": 0, "walk_minutes": 25.959167901529792, "access_bin": "> 20 min", "within_15": false, "tract": "26163500100" }, "geometry": { "type": "Polygon", "coordinates": [ [ [ -82.95621, 42.450048 ], [ -82.956064, 42.450051 ], [ -82.955483, 42.450063 ], [ -82.955033, 42.45007 ], [ -82.953959, 42.45009 ], [ -82.95389, 42.450092 ], [ -82.95375, 42.450095 ], [ -82.952732, 42.450115 ], [ -82.952499, 42.450119 ], [ -82.951642, 42.450136 ], [ -82.951408, 42.450141 ], [ -82.951315, 42.450143 ], [ -82.949635, 42.450175 ], [ -82.949543, 42.450177 ], [ -82.949452, 42.450178 ], [ -82.948839, 42.45019 ], [ -82.948478, 42.450197 ], [ -82.948106, 42.450204 ], [ -82.947577, 42.450214 ], [ -82.946392, 42.450229 ], [ -82.946208, 42.450228 ], [ -82.946055, 42.450228 ], [ -82.945517, 42.450224 ], [ -82.945306, 42.45022 ], [ -82.943764, 42.450199 ], [ -82.94331, 42.450193 ], [ -82.942995, 42.450199 ], [ -82.942631, 42.450205 ], [ -82.942289, 42.450211 ], [ -82.942149, 42.450214 ], [ -82.94162, 42.450224 ], [ -82.941283, 42.45023 ], [ -82.942216, 42.449205 ], [ -82.942878, 42.448447 ], [ -82.942996, 42.4483 ], [ -82.943488, 42.447661 ], [ -82.943593, 42.447507 ], [ -82.943677, 42.447385 ], [ -82.944294, 42.446557 ], [ -82.944354, 42.446478 ], [ -82.94509, 42.445533 ], [ -82.945577, 42.44487 ], [ -82.945992, 42.444304 ], [ -82.946127, 42.444106 ], [ -82.946396, 42.443685 ], [ -82.946801, 42.443036 ], [ -82.946879, 42.442922 ], [ -82.947006, 42.442952 ], [ -82.947052, 42.442957 ], [ -82.947446, 42.442953 ], [ -82.948605, 42.442942 ], [ -82.951119, 42.442922 ], [ -82.953544, 42.442903 ], [ -82.955895, 42.442878 ], [ -82.956002, 42.442863 ], [ -82.956037, 42.443864 ], [ -82.956064, 42.444752 ], [ -82.956091, 42.445639 ], [ -82.95612, 42.446482 ], [ -82.956152, 42.447369 ], [ -82.956177, 42.448266 ], [ -82.956201, 42.449168 ], [ -82.95621, 42.450048 ] ] ] } },
{ "type": "Feature", "properties": { "GEOID": "261635070002", "NAME": "15000US261635070002", "population": 2250, "acs_year": "2020-2024", "ALAND": 644650, "AWATER": 0, "walk_minutes": 23.3803504349451, "access_bin": "> 20 min", "within_15": false, "tract": "26163507000" }, "geometry": { "type": "Polygon", "coordinates": [ [ [ -83.063117, 42.433129 ], [ -83.062066, 42.433154 ], [ -83.060951, 42.433177 ], [ -83.059836, 42.433201 ], [ -83.058773, 42.433225 ], [ -83.057721, 42.433248 ], [ -83.057643, 42.433251 ], [ -83.056749, 42.433269 ], [ -83.056453, 42.433275 ], [ -83.055768, 42.43329 ], [ -83.055404, 42.433298 ], [ -83.05478, 42.433312 ], [ -83.054361, 42.433321 ], [ -83.053793, 42.433334 ], [ -83.05332, 42.433344 ], [ -83.053243, 42.431475 ], [ -83.05317, 42.429721 ], [ -83.053098, 42.427906 ], [ -83.053059, 42.426927 ], [ -83.053025, 42.426091 ], [ -83.05504, 42.426056 ], [ -83.055165, 42.426054 ], [ -83.05714, 42.42602 ], [ -83.057268, 42.426018 ], [ -83.057842, 42.426008 ], [ -83.058116, 42.426002 ], [ -83.058391, 42.425997 ], [ -83.059471, 42.425972 ], [ -83.060553, 42.425949 ], [ -83.061634, 42.425925 ], [ -83.062706, 42.425901 ], [ -83.062785, 42.427386 ], [ -83.062804, 42.427715 ], [ -83.062854, 42.428602 ], [ -83.062907, 42.429518 ], [ -83.062924, 42.429811 ], [ -83.062997, 42.431017 ], [ -83.063117, 42.433129 ] ] ] } },
{ "type": "Feature", "properties": { "GEOID": "261635071001", "NAME": "15000US261635071001", "population": 1139, "acs_year": "2020-2024", "ALAND": 764812, "AWATER": 0, "walk_minutes": 9.9181376295063792, "access_bin": "<= 10 min", "within_15": true, "tract": "26163507100" }, "geometry": { "type": "Polygon", "coordinates": [ [ [ -83.082894, 42.432901 ], [ -83.082159, 42.432913 ], [ -83.081668, 42.432913 ], [ -83.080445, 42.432915 ], [ -83.079335, 42.432901 ], [ -83.079232, 42.432903 ], [ -83.078252, 42.432915 ], [ -83.078006, 42.432915 ], [ -83.077118, 42.432916 ], [ -83.07678, 42.432916 ], [ -83.076018, 42.432917 ], [ -83.075553, 42.432917 ], [ -83.074995, 42.432917 ], [ -83.073965, 42.43292 ], [ -83.073673, 42.432929 ], [ -83.072856, 42.431825 ], [ -83.072468, 42.431243 ], [ -83.071989, 42.430558 ], [ -83.07119, 42.429437 ], [ -83.070396, 42.42833 ], [ -83.069617, 42.427242 ], [ -83.069271, 42.426757 ], [ -83.069172, 42.426618 ], [ -83.068614, 42.425834 ], [ -83.069095, 42.425832 ], [ -83.070078, 42.425821 ], [ -83.070643, 42.425809 ], [ -83.070814, 42.425809 ], [ -83.071058, 42.425808 ], [ -83.071656, 42.425799 ], [ -83.072041, 42.425795 ], [ -83.072803, 42.425786 ], [ -83.073713, 42.425775 ], [ -83.074425, 42.425768 ], [ -83.074718, 42.425764 ], [ -83.075483, 42.425752 ], [ -83.07574, 42.425748 ], [ -83.076465, 42.425737 ], [ -83.076901, 42.425731 ], [ -83.077435, 42.425724 ], [ -83.077978, 42.425719 ], [ -83.078445, 42.425715 ], [ -83.079079, 42.42571 ], [ -83.07951, 42.425708 ], [ -83.08, 42.425703 ], [ -83.080146, 42.425683 ], [ -83.080542, 42.425625 ], [ -83.081507, 42.425487 ], [ -83.082544, 42.42534 ], [ -83.082682, 42.428273 ], [ -83.082785, 42.430481 ], [ -83.08288, 42.432519 ], [ -83.082894, 42.432901 ] ] ] } },
{ "type": "Feature", "properties": { "GEOID": "261635071002", "NAME": "15000US261635071002", "population": 481, "acs_year": "2020-2024", "ALAND": 314855, "AWATER": 0, "walk_minutes": 13.599153101307751, "access_bin": "<= 15 min", "within_15": true, "tract": "26163507100" }, "geometry": { "type": "Polygon", "coordinates": [ [ [ -83.082544, 42.42534 ], [ -83.081507, 42.425487 ], [ -83.080542, 42.425625 ], [ -83.080146, 42.425683 ], [ -83.08, 42.425703 ], [ -83.07951, 42.425708 ], [ -83.079079, 42.42571 ], [ -83.078445, 42.425715 ], [ -83.077978, 42.425719 ], [ -83.077435, 42.425724 ], [ -83.076901, 42.425731 ], [ -83.076465, 42.425737 ], [ -83.07574, 42.425748 ], [ -83.075483, 42.425752 ], [ -83.074718, 42.425764 ], [ -83.074425, 42.425768 ], [ -83.073713, 42.425775 ], [ -83.072803, 42.425786 ], [ -83.072041, 42.425795 ], [ -83.071656, 42.425799 ], [ -83.071058, 42.425808 ], [ -83.070814, 42.425809 ], [ -83.070643, 42.425809 ], [ -83.070078, 42.425821 ], [ -83.069095, 42.425832 ], [ -83.068614, 42.425834 ], [ -83.067993, 42.424967 ], [ -83.067585, 42.424395 ], [ -83.067153, 42.423789 ], [ -83.068061, 42.423466 ], [ -83.069039, 42.423452 ], [ -83.07002, 42.423436 ], [ -83.071003, 42.423421 ], [ -83.071985, 42.423409 ], [ -83.073109, 42.423396 ], [ -83.074353, 42.42339 ], [ -83.075382, 42.423363 ], [ -83.076363, 42.423343 ], [ -83.076484, 42.423341 ], [ -83.076807, 42.423346 ], [ -83.077021, 42.423359 ], [ -83.077355, 42.423366 ], [ -83.078348, 42.423353 ], [ -83.0794, 42.42334 ], [ -83.080445, 42.423327 ], [ -83.081437, 42.423315 ], [ -83.082457, 42.423301 ], [ -83.082478, 42.423796 ], [ -83.082544, 42.42534 ] ] ] } },
{ "type": "Feature", "properties": { "GEOID": "261635072001", "NAME": "15000US261635072001", "population": 1186, "acs_year": "2020-2024", "ALAND": 754603, "AWATER": 0, "walk_minutes": 19.538479055700492, "access_bin": "<= 20 min", "within_15": false, "tract": "26163507200" }, "geometry": { "type": "Polygon", "coordinates": [ [ [ -83.082457, 42.423301 ], [ -83.081437, 42.423315 ], [ -83.080445, 42.423327 ], [ -83.0794, 42.42334 ], [ -83.078348, 42.423353 ], [ -83.077355, 42.423366 ], [ -83.077021, 42.423359 ], [ -83.076807, 42.423346 ], [ -83.076484, 42.423341 ], [ -83.076363, 42.423343 ], [ -83.075382, 42.423363 ], [ -83.074353, 42.42339 ], [ -83.073109, 42.423396 ], [ -83.071985, 42.423409 ], [ -83.071003, 42.423421 ], [ -83.07002, 42.423436 ], [ -83.069039, 42.423452 ], [ -83.068061, 42.423466 ], [ -83.067153, 42.423789 ], [ -83.066761, 42.423243 ], [ -83.066267, 42.422553 ], [ -83.065987, 42.422161 ], [ -83.065926, 42.422068 ], [ -83.065844, 42.421943 ], [ -83.065512, 42.421467 ], [ -83.06501, 42.420715 ], [ -83.0645, 42.419965 ], [ -83.064024, 42.419266 ], [ -83.063611, 42.418653 ], [ -83.064737, 42.418644 ], [ -83.065814, 42.418638 ], [ -83.065883, 42.418637 ], [ -83.0665, 42.418646 ], [ -83.067704, 42.418639 ], [ -83.067886, 42.418639 ], [ -83.068087, 42.418639 ], [ -83.068788, 42.418637 ], [ -83.06987, 42.41862 ], [ -83.070964, 42.418614 ], [ -83.071526, 42.418601 ], [ -83.072587, 42.418599 ], [ -83.073489, 42.418592 ], [ -83.073659, 42.418595 ], [ -83.074034, 42.418601 ], [ -83.074578, 42.418611 ], [ -83.074736, 42.418616 ], [ -83.075179, 42.418613 ], [ -83.076166, 42.418589 ], [ -83.077153, 42.418564 ], [ -83.078108, 42.41854 ], [ -83.079198, 42.41851 ], [ -83.080238, 42.418484 ], [ -83.08123, 42.418458 ], [ -83.08225, 42.418432 ], [ -83.082264, 42.418778 ], [ -83.082327, 42.420234 ], [ -83.082358, 42.420941 ], [ -83.082403, 42.422016 ], [ -83.082457, 42.423301 ] ] ] } },
{ "type": "Feature", "properties": { "GEOID": "261635073002", "NAME": "15000US261635073002", "population": 226, "acs_year": "2020-2024", "ALAND": 507572, "AWATER": 0, "walk_minutes": 27.987509544296273, "access_bin": "> 20 min", "within_15": false, "tract": "26163507300" }, "geometry": { "type": "Polygon", "coordinates": [ [ [ -83.092748, 42.424923 ], [ -83.092299, 42.424934 ], [ -83.091081, 42.424968 ], [ -83.089876, 42.425004 ], [ -83.088652, 42.42504 ], [ -83.087424, 42.425076 ], [ -83.086199, 42.425111 ], [ -83.084973, 42.425147 ], [ -83.083987, 42.425176 ], [ -83.083747, 42.425189 ], [ -83.083519, 42.425201 ], [ -83.083215, 42.425244 ], [ -83.082544, 42.42534 ], [ -83.082478, 42.423796 ], [ -83.082457, 42.423301 ], [ -83.082403, 42.422016 ], [ -83.082358, 42.420941 ], [ -83.082327, 42.420234 ], [ -83.082264, 42.418778 ], [ -83.08225, 42.418432 ], [ -83.083449, 42.418391 ], [ -83.083656, 42.418381 ], [ -83.083992, 42.418386 ], [ -83.084682, 42.418366 ], [ -83.084986, 42.418353 ], [ -83.085909, 42.418325 ], [ -83.087225, 42.418266 ], [ -83.08775, 42.418235 ], [ -83.087935, 42.41846 ], [ -83.088281, 42.418883 ], [ -83.088662, 42.419347 ], [ -83.089936, 42.420808 ], [ -83.090282, 42.421204 ], [ -83.090835, 42.421838 ], [ -83.090877, 42.421886 ], [ -83.091502, 42.422671 ], [ -83.093184, 42.424915 ], [ -83.092748, 42.424923 ] ] ] } },
{ "type": "Feature", "properties": { "GEOID": "261635074001", "NAME": "15000US261635074001", "population": 1590, "acs_year": "2020-2024", "ALAND": 441206, "AWATER": 0, "walk_minutes": 7.749894438081955, "access_bin": "<= 10 min", "within_15": true, "tract": "26163507400" }, "geometry": { "type": "Polygon", "coordinates": [ [ [ -83.08312, 42.440137 ], [ -83.082889, 42.440031 ], [ -83.082595, 42.440016 ], [ -83.081904, 42.440015 ], [ -83.080678, 42.440037 ], [ -83.079449, 42.440058 ], [ -83.078812, 42.440067 ], [ -83.077739, 42.438571 ], [ -83.077202, 42.437827 ], [ -83.076329, 42.436615 ], [ -83.075526, 42.435494 ], [ -83.075053, 42.434838 ], [ -83.073673, 42.432929 ], [ -83.073965, 42.43292 ], [ -83.074995, 42.432917 ], [ -83.075553, 42.432917 ], [ -83.076018, 42.432917 ], [ -83.07678, 42.432916 ], [ -83.077118, 42.432916 ], [ -83.078006, 42.432915 ], [ -83.078252, 42.432915 ], [ -83.079232, 42.432903 ], [ -83.079335, 42.432901 ], [ -83.080445, 42.432915 ], [ -83.081668, 42.432913 ], [ -83.082159, 42.432913 ], [ -83.082894, 42.432901 ], [ -83.082972, 42.435364 ], [ -83.083043, 42.437722 ], [ -83.083102, 42.439709 ], [ -83.08312, 42.440137 ] ] ] } },
{ "type": "Feature", "properties": { "GEOID": "261635075002", "NAME": "15000US261635075002", "population": 993, "acs_year": "2020-2024", "ALAND": 440555, "AWATER": 0, "walk_minutes": 8.0379177655272702, "access_bin": "<= 10 min", "within_15": true, "tract": "26163507500" }, "geometry": { "type": "Polygon", "coordinates": [ [ [ -83.088295, 42.447048 ], [ -83.088269, 42.447049 ], [ -83.088256, 42.447048 ], [ -83.087076, 42.447083 ], [ -83.086802, 42.44709 ], [ -83.086501, 42.447098 ], [ -83.086335, 42.447102 ], [ -83.086283, 42.447103 ], [ -83.085904, 42.447111 ], [ -83.085849, 42.447112 ], [ -83.0856, 42.447117 ], [ -83.084588, 42.447136 ], [ -83.084503, 42.447137 ], [ -83.083715, 42.44715 ], [ -83.083393, 42.447153 ], [ -83.083386, 42.44702 ], [ -83.083358, 42.446803 ], [ -83.083339, 42.446656 ], [ -83.083266, 42.446333 ], [ -83.083153, 42.446119 ], [ -83.082319, 42.444954 ], [ -83.081708, 42.444092 ], [ -83.080588, 42.442533 ], [ -83.078957, 42.440269 ], [ -83.078812, 42.440067 ], [ -83.079449, 42.440058 ], [ -83.080678, 42.440037 ], [ -83.081904, 42.440015 ], [ -83.082595, 42.440016 ], [ -83.082889, 42.440031 ], [ -83.08312, 42.440137 ], [ -83.083553, 42.440088 ], [ -83.083671, 42.440081 ], [ -83.083781, 42.440075 ], [ -83.084323, 42.44006 ], [ -83.08555, 42.440025 ], [ -83.086774, 42.43999 ], [ -83.087959, 42.439955 ], [ -83.088067, 42.442413 ], [ -83.088172, 42.444851 ], [ -83.088242, 42.446842 ], [ -83.088244, 42.446917 ], [ -83.08828, 42.44698 ], [ -83.088295, 42.447048 ] ] ] } },
{ "type": "Feature", "properties": { "GEOID": "261635173001", "NAME": "15000US261635173001", "population": 1138, "acs_year": "2020-2024", "ALAND": 465344, "AWATER": 0, "walk_minutes": 13.098015481033242, "access_bin": "<= 15 min", "within_15": true, "tract": "26163517300" }, "geometry": { "type": "Polygon", "coordinates": [ [ [ -83.053605, 42.34923 ], [ -83.053067, 42.349403 ], [ -83.052829, 42.349473 ], [ -83.052342, 42.349603 ], [ -83.052141, 42.349655 ], [ -83.051888, 42.349728 ], [ -83.050634, 42.350179 ], [ -83.049726, 42.350506 ], [ -83.049217, 42.350697 ], [ -83.048492, 42.350961 ], [ -83.048108, 42.351108 ], [ -83.047821, 42.351218 ], [ -83.046698, 42.34948 ], [ -83.045659, 42.347991 ], [ -83.044673, 42.346388 ], [ -83.044564, 42.346218 ], [ -83.044414, 42.345931 ], [ -83.044315, 42.345711 ], [ -83.044158, 42.345333 ], [ -83.044084, 42.345136 ], [ -83.044032, 42.344943 ], [ -83.043988, 42.344683 ], [ -83.043962, 42.344526 ], [ -83.043844, 42.343827 ], [ -83.043799, 42.343593 ], [ -83.044077, 42.343493 ], [ -83.044217, 42.343434 ], [ -83.044518, 42.343327 ], [ -83.045971, 42.342785 ], [ -83.046242, 42.342685 ], [ -83.047819, 42.342143 ], [ -83.048682, 42.341831 ], [ -83.048767, 42.341959 ], [ -83.048837, 42.342065 ], [ -83.048936, 42.342215 ], [ -83.049143, 42.342525 ], [ -83.049325, 42.342798 ], [ -83.049818, 42.343538 ], [ -83.050112, 42.343998 ], [ -83.050495, 42.344566 ], [ -83.050904, 42.345184 ], [ -83.05117, 42.345585 ], [ -83.051406, 42.345941 ], [ -83.051825, 42.346563 ], [ -83.052224, 42.347174 ], [ -83.052422, 42.347473 ], [ -83.052631, 42.347788 ], [ -83.053002, 42.348348 ], [ -83.053082, 42.348468 ], [ -83.053558, 42.349185 ], [ -83.053605, 42.34923 ] ] ] } },
{ "type": "Feature", "properties": { "GEOID": "261635175001", "NAME": "15000US261635175001", "population": 1565, "acs_year": "2020-2024", "ALAND": 869705, "AWATER": 0, "walk_minutes": 8.9869885494227901, "access_bin": "<= 10 min", "within_15": true, "tract": "26163517500" }, "geometry": { "type": "Polygon", "coordinates": [ [ [ -83.062088, 42.357591 ], [ -83.061931, 42.357656 ], [ -83.061437, 42.35788 ], [ -83.059841, 42.358661 ], [ -83.059176, 42.358991 ], [ -83.059041, 42.35905 ], [ -83.058689, 42.359204 ], [ -83.058669, 42.359212 ], [ -83.058599, 42.359241 ], [ -83.057244, 42.359739 ], [ -83.057067, 42.359802 ], [ -83.054891, 42.360592 ], [ -83.054471, 42.360744 ], [ -83.054241, 42.360835 ], [ -83.053026, 42.359029 ], [ -83.052693, 42.358534 ], [ -83.052337, 42.357984 ], [ -83.051759, 42.357111 ], [ -83.05144, 42.356632 ], [ -83.049099, 42.353071 ], [ -83.048644, 42.352413 ], [ -83.047905, 42.351345 ], [ -83.047821, 42.351218 ], [ -83.048108, 42.351108 ], [ -83.048492, 42.350961 ], [ -83.049217, 42.350697 ], [ -83.049726, 42.350506 ], [ -83.050634, 42.350179 ], [ -83.051888, 42.349728 ], [ -83.052141, 42.349655 ], [ -83.052342, 42.349603 ], [ -83.052829, 42.349473 ], [ -83.053067, 42.349403 ], [ -83.053605, 42.34923 ], [ -83.053757, 42.349167 ], [ -83.054578, 42.348829 ], [ -83.055861, 42.348267 ], [ -83.055972, 42.348403 ], [ -83.056411, 42.349061 ], [ -83.057369, 42.350493 ], [ -83.05794, 42.351348 ], [ -83.057999, 42.351444 ], [ -83.058049, 42.351538 ], [ -83.058149, 42.351747 ], [ -83.058314, 42.352044 ], [ -83.058468, 42.352285 ], [ -83.058663, 42.352568 ], [ -83.059374, 42.353614 ], [ -83.060063, 42.354629 ], [ -83.060774, 42.355687 ], [ -83.061478, 42.356732 ], [ -83.06174, 42.357093 ], [ -83.061981, 42.357449 ], [ -83.062088, 42.357591 ] ] ] } },
{ "type": "Feature", "properties": { "GEOID": "261635175002", "NAME": "15000US261635175002", "population": 1426, "acs_year": "2020-2024", "ALAND": 231609, "AWATER": 0, "walk_minutes": 8.6100783007599855, "access_bin": "<= 10 min", "within_15": true, "tract": "26163517500" }, "geometry": { "type": "Polygon", "coordinates": [ [ [ -83.064287, 42.356785 ], [ -83.064023, 42.356852 ], [ -83.063267, 42.357114 ], [ -83.063236, 42.357126 ], [ -83.062974, 42.357225 ], [ -83.06263, 42.357374 ], [ -83.062294, 42.357505 ], [ -83.062088, 42.357591 ], [ -83.061981, 42.357449 ], [ -83.06174, 42.357093 ], [ -83.061478, 42.356732 ], [ -83.060774, 42.355687 ], [ -83.060063, 42.354629 ], [ -83.059374, 42.353614 ], [ -83.058663, 42.352568 ], [ -83.058468, 42.352285 ], [ -83.058314, 42.352044 ], [ -83.058149, 42.351747 ], [ -83.058049, 42.351538 ], [ -83.057999, 42.351444 ], [ -83.05794, 42.351348 ], [ -83.057369, 42.350493 ], [ -83.056411, 42.349061 ], [ -83.055972, 42.348403 ], [ -83.055861, 42.348267 ], [ -83.057171, 42.347715 ], [ -83.057543, 42.347548 ], [ -83.057877, 42.347381 ], [ -83.057971, 42.347523 ], [ -83.058658, 42.348546 ], [ -83.05936, 42.349588 ], [ -83.060017, 42.350577 ], [ -83.060748, 42.351669 ], [ -83.061372, 42.352587 ], [ -83.061463, 42.352707 ], [ -83.062259, 42.353707 ], [ -83.062674, 42.354278 ], [ -83.062994, 42.354743 ], [ -83.063695, 42.355783 ], [ -83.063771, 42.355896 ], [ -83.064229, 42.356673 ], [ -83.064287, 42.356785 ] ] ] } },
{ "type": "Feature", "properties": { "GEOID": "261635180001", "NAME": "15000US261635180001", "population": 531, "acs_year": "2020-2024", "ALAND": 171762, "AWATER": 0, "walk_minutes": 11.395738732777843, "access_bin": "<= 15 min", "within_15": true, "tract": "26163518000" }, "geometry": { "type": "Polygon", "coordinates": [ [ [ -83.068815, 42.363601 ], [ -83.067777, 42.364122 ], [ -83.066768, 42.364598 ], [ -83.066556, 42.364283 ], [ -83.06638, 42.364018 ], [ -83.065678, 42.362971 ], [ -83.064983, 42.361932 ], [ -83.064291, 42.360893 ], [ -83.063674, 42.35998 ], [ -83.063213, 42.359308 ], [ -83.063147, 42.359202 ], [ -83.062915, 42.358824 ], [ -83.062648, 42.35841 ], [ -83.062292, 42.357861 ], [ -83.062204, 42.357746 ], [ -83.062088, 42.357591 ], [ -83.062294, 42.357505 ], [ -83.06263, 42.357374 ], [ -83.062974, 42.357225 ], [ -83.063236, 42.357126 ], [ -83.063267, 42.357114 ], [ -83.064023, 42.356852 ], [ -83.064287, 42.356785 ], [ -83.064385, 42.356958 ], [ -83.06462, 42.357365 ], [ -83.064798, 42.357639 ], [ -83.064858, 42.35773 ], [ -83.06501, 42.357939 ], [ -83.065094, 42.358051 ], [ -83.065322, 42.358383 ], [ -83.066285, 42.359794 ], [ -83.066417, 42.359993 ], [ -83.0671, 42.361031 ], [ -83.067378, 42.361463 ], [ -83.067801, 42.362124 ], [ -83.068367, 42.362977 ], [ -83.068475, 42.363127 ], [ -83.068704, 42.363445 ], [ -83.068815, 42.363601 ] ] ] } },
{ "type": "Feature", "properties": { "GEOID": "261635202001", "NAME": "15000US261635202001", "population": 1100, "acs_year": "2020-2024", "ALAND": 214483, "AWATER": 0, "walk_minutes": 7.8577520267361773, "access_bin": "<= 10 min", "within_15": true, "tract": "26163520200" }, "geometry": { "type": "Polygon", "coordinates": [ [ [ -83.073476, 42.353928 ], [ -83.073096, 42.354055 ], [ -83.073003, 42.353896 ], [ -83.072001, 42.354204 ], [ -83.071311, 42.354423 ], [ -83.071077, 42.354497 ], [ -83.070507, 42.354676 ], [ -83.068869, 42.355188 ], [ -83.066857, 42.355826 ], [ -83.066616, 42.355914 ], [ -83.066381, 42.356 ], [ -83.065279, 42.356455 ], [ -83.065082, 42.356548 ], [ -83.064656, 42.35669 ], [ -83.064287, 42.356785 ], [ -83.064229, 42.356673 ], [ -83.063771, 42.355896 ], [ -83.063695, 42.355783 ], [ -83.062994, 42.354743 ], [ -83.063808, 42.354394 ], [ -83.064609, 42.354051 ], [ -83.06517, 42.353811 ], [ -83.065376, 42.353738 ], [ -83.065563, 42.353672 ], [ -83.067619, 42.353027 ], [ -83.069896, 42.352346 ], [ -83.070058, 42.35229 ], [ -83.070777, 42.352055 ], [ -83.071732, 42.351745 ], [ -83.072088, 42.351623 ], [ -83.073316, 42.353639 ], [ -83.073396, 42.35377 ], [ -83.073476, 42.353928 ] ] ] } },
{ "type": "Feature", "properties": { "GEOID": "261635203002", "NAME": "15000US261635203002", "population": 684, "acs_year": "2020-2024", "ALAND": 104619, "AWATER": 0, "walk_minutes": 13.164072561965739, "access_bin": "<= 15 min", "within_15": true, "tract": "26163520300" }, "geometry": { "type": "Polygon", "coordinates": [ [ [ -83.067619, 42.353027 ], [ -83.065563, 42.353672 ], [ -83.065376, 42.353738 ], [ -83.065041, 42.353157 ], [ -83.064946, 42.352991 ], [ -83.064246, 42.351767 ], [ -83.064135, 42.35157 ], [ -83.063529, 42.350503 ], [ -83.062914, 42.349426 ], [ -83.06308, 42.349369 ], [ -83.065162, 42.348718 ], [ -83.065778, 42.349797 ], [ -83.066498, 42.351062 ], [ -83.067193, 42.35228 ], [ -83.067619, 42.353027 ] ] ] } },
{ "type": "Feature", "properties": { "GEOID": "261635316002", "NAME": "15000US261635316002", "population": 1105, "acs_year": "2020-2024", "ALAND": 323822, "AWATER": 0, "walk_minutes": 11.950854643276969, "access_bin": "<= 15 min", "within_15": true, "tract": "26163531600" }, "geometry": { "type": "Polygon", "coordinates": [ [ [ -83.134401, 42.39537 ], [ -83.131174, 42.396562 ], [ -83.128472, 42.397561 ], [ -83.125753, 42.398567 ], [ -83.125482, 42.39816 ], [ -83.125385, 42.398015 ], [ -83.124923, 42.397328 ], [ -83.124738, 42.397053 ], [ -83.124481, 42.39667 ], [ -83.12423, 42.396296 ], [ -83.124092, 42.39609 ], [ -83.124024, 42.395999 ], [ -83.123587, 42.395336 ], [ -83.126313, 42.394341 ], [ -83.129022, 42.393342 ], [ -83.132441, 42.392081 ], [ -83.132954, 42.392844 ], [ -83.133085, 42.39304 ], [ -83.13357, 42.393762 ], [ -83.133622, 42.393839 ], [ -83.133838, 42.394165 ], [ -83.134026, 42.394566 ], [ -83.134401, 42.39537 ] ] ] } },
{ "type": "Feature", "properties": { "GEOID": "261635317001", "NAME": "15000US261635317001", "population": 852, "acs_year": "2020-2024", "ALAND": 232661, "AWATER": 0, "walk_minutes": 11.195068727876391, "access_bin": "<= 15 min", "within_15": true, "tract": "26163531700" }, "geometry": { "type": "Polygon", "coordinates": [ [ [ -83.123587, 42.395336 ], [ -83.120684, 42.396398 ], [ -83.117604, 42.397545 ], [ -83.114781, 42.398601 ], [ -83.114304, 42.397908 ], [ -83.113821, 42.397186 ], [ -83.113751, 42.397085 ], [ -83.113413, 42.396607 ], [ -83.113195, 42.396299 ], [ -83.114577, 42.395784 ], [ -83.11604, 42.395239 ], [ -83.116749, 42.394974 ], [ -83.117888, 42.39456 ], [ -83.118616, 42.394285 ], [ -83.119133, 42.394094 ], [ -83.12203, 42.393019 ], [ -83.122582, 42.393844 ], [ -83.123106, 42.394621 ], [ -83.123587, 42.395336 ] ] ] } },
{ "type": "Feature", "properties": { "GEOID": "261635332001", "NAME": "15000US261635332001", "population": 665, "acs_year": "2020-2024", "ALAND": 232694, "AWATER": 0, "walk_minutes": 19.10991184902533, "access_bin": "<= 20 min", "within_15": false, "tract": "26163533200" }, "geometry": { "type": "Polygon", "coordinates": [ [ [ -83.117631, 42.37015 ], [ -83.115853, 42.370817 ], [ -83.114853, 42.371194 ], [ -83.114358, 42.37138 ], [ -83.113924, 42.370742 ], [ -83.11348, 42.37009 ], [ -83.113018, 42.369408 ], [ -83.112545, 42.368704 ], [ -83.112066, 42.367997 ], [ -83.111586, 42.367291 ], [ -83.111108, 42.366583 ], [ -83.110634, 42.365884 ], [ -83.110161, 42.365184 ], [ -83.113428, 42.363957 ], [ -83.113904, 42.364657 ], [ -83.11438, 42.365359 ], [ -83.11486, 42.366064 ], [ -83.115339, 42.366771 ], [ -83.115818, 42.367476 ], [ -83.116284, 42.368163 ], [ -83.116737, 42.368831 ], [ -83.117179, 42.369483 ], [ -83.117631, 42.37015 ] ] ] } },
{ "type": "Feature", "properties": { "GEOID": "261635330002", "NAME": "15000US261635330002", "population": 935, "acs_year": "2020-2024", "ALAND": 439137, "AWATER": 0, "walk_minutes": 13.695812977803982, "access_bin": "<= 15 min", "within_15": true, "tract": "26163533000" }, "geometry": { "type": "Polygon", "coordinates": [ [ [ -83.104635, 42.367284 ], [ -83.102177, 42.368224 ], [ -83.101631, 42.368429 ], [ -83.099143, 42.369372 ], [ -83.0986, 42.368544 ], [ -83.098492, 42.36838 ], [ -83.098044, 42.367696 ], [ -83.097739, 42.367231 ], [ -83.097489, 42.366849 ], [ -83.096933, 42.365999 ], [ -83.096151, 42.364816 ], [ -83.095354, 42.363598 ], [ -83.094957, 42.362991 ], [ -83.0946, 42.362447 ], [ -83.094512, 42.362313 ], [ -83.096357, 42.361628 ], [ -83.097165, 42.361338 ], [ -83.097381, 42.361248 ], [ -83.098638, 42.360768 ], [ -83.099947, 42.360302 ], [ -83.100001, 42.360366 ], [ -83.100056, 42.360429 ], [ -83.100422, 42.360977 ], [ -83.100715, 42.361416 ], [ -83.100827, 42.361585 ], [ -83.101226, 42.362181 ], [ -83.101631, 42.36279 ], [ -83.101707, 42.362903 ], [ -83.102211, 42.363662 ], [ -83.102415, 42.363969 ], [ -83.102687, 42.364379 ], [ -83.103162, 42.365095 ], [ -83.103235, 42.365204 ], [ -83.103634, 42.365803 ], [ -83.103998, 42.366349 ], [ -83.104118, 42.366529 ], [ -83.104635, 42.367284 ] ] ] } },
{ "type": "Feature", "properties": { "GEOID": "261635331001", "NAME": "15000US261635331001", "population": 524, "acs_year": "2020-2024", "ALAND": 244784, "AWATER": 0, "walk_minutes": 4.6970835422441777, "access_bin": "<= 5 min", "within_15": true, "tract": "26163533100" }, "geometry": { "type": "Polygon", "coordinates": [ [ [ -83.10289, 42.375122 ], [ -83.099459, 42.376384 ], [ -83.099313, 42.376441 ], [ -83.099029, 42.37617 ], [ -83.098808, 42.37593 ], [ -83.09865, 42.375714 ], [ -83.098103, 42.374897 ], [ -83.097535, 42.374046 ], [ -83.09705, 42.373319 ], [ -83.096638, 42.372702 ], [ -83.096213, 42.372063 ], [ -83.095786, 42.371425 ], [ -83.095342, 42.370766 ], [ -83.095542, 42.370693 ], [ -83.099143, 42.369372 ], [ -83.099684, 42.370196 ], [ -83.100226, 42.371021 ], [ -83.100572, 42.371549 ], [ -83.10076, 42.371845 ], [ -83.101315, 42.372715 ], [ -83.101835, 42.373515 ], [ -83.102374, 42.374334 ], [ -83.10289, 42.375122 ] ] ] } },
{ "type": "Feature", "properties": { "GEOID": "261635331002", "NAME": "15000US261635331002", "population": 1146, "acs_year": "2020-2024", "ALAND": 365459, "AWATER": 0, "walk_minutes": 10.838881095834932, "access_bin": "<= 15 min", "within_15": true, "tract": "26163533100" }, "geometry": { "type": "Polygon", "coordinates": [ [ [ -83.108507, 42.373031 ], [ -83.105586, 42.374119 ], [ -83.10289, 42.375122 ], [ -83.102374, 42.374334 ], [ -83.101835, 42.373515 ], [ -83.101315, 42.372715 ], [ -83.10076, 42.371845 ], [ -83.100572, 42.371549 ], [ -83.100226, 42.371021 ], [ -83.099684, 42.370196 ], [ -83.099143, 42.369372 ], [ -83.101631, 42.368429 ], [ -83.102177, 42.368224 ], [ -83.104635, 42.367284 ], [ -83.105107, 42.36796 ], [ -83.105223, 42.368127 ], [ -83.105583, 42.368662 ], [ -83.105775, 42.368946 ], [ -83.106058, 42.369369 ], [ -83.106327, 42.369767 ], [ -83.10653, 42.370077 ], [ -83.106904, 42.370635 ], [ -83.107005, 42.370784 ], [ -83.107458, 42.371462 ], [ -83.10796, 42.372214 ], [ -83.108372, 42.372828 ], [ -83.108507, 42.373031 ] ] ] } },
{ "type": "Feature", "properties": { "GEOID": "261635112001", "NAME": "15000US261635112001", "population": 1258, "acs_year": "2020-2024", "ALAND": 860454, "AWATER": 0, "walk_minutes": 10.564244833854474, "access_bin": "<= 15 min", "within_15": true, "tract": "26163511200" }, "geometry": { "type": "Polygon", "coordinates": [ [ [ -83.074765, 42.383261 ], [ -83.07179, 42.384364 ], [ -83.071646, 42.384427 ], [ -83.071535, 42.384476 ], [ -83.071477, 42.384515 ], [ -83.070832, 42.384905 ], [ -83.070056, 42.385377 ], [ -83.069648, 42.385627 ], [ -83.069297, 42.385839 ], [ -83.06858, 42.386279 ], [ -83.068331, 42.386431 ], [ -83.067488, 42.385167 ], [ -83.066687, 42.383979 ], [ -83.066361, 42.383487 ], [ -83.065256, 42.381823 ], [ -83.064916, 42.381325 ], [ -83.064417, 42.380594 ], [ -83.064259, 42.380324 ], [ -83.062853, 42.378286 ], [ -83.061539, 42.376323 ], [ -83.060534, 42.374824 ], [ -83.060394, 42.374613 ], [ -83.060338, 42.374529 ], [ -83.060281, 42.374425 ], [ -83.060503, 42.374387 ], [ -83.060596, 42.374384 ], [ -83.06076, 42.374379 ], [ -83.060912, 42.374398 ], [ -83.061243, 42.374448 ], [ -83.061504, 42.37449 ], [ -83.061795, 42.374519 ], [ -83.062202, 42.374478 ], [ -83.063026, 42.374162 ], [ -83.063272, 42.374086 ], [ -83.063718, 42.373918 ], [ -83.064386, 42.373671 ], [ -83.065866, 42.373122 ], [ -83.066572, 42.37286 ], [ -83.067315, 42.372568 ], [ -83.067528, 42.372498 ], [ -83.068019, 42.37323 ], [ -83.06856, 42.374042 ], [ -83.068885, 42.374524 ], [ -83.06941, 42.375311 ], [ -83.070018, 42.376221 ], [ -83.070582, 42.377059 ], [ -83.071099, 42.377827 ], [ -83.071346, 42.378195 ], [ -83.071597, 42.378557 ], [ -83.072129, 42.37934 ], [ -83.072676, 42.380149 ], [ -83.07322, 42.380957 ], [ -83.073767, 42.381767 ], [ -83.074273, 42.382516 ], [ -83.074709, 42.383165 ], [ -83.074765, 42.383261 ] ] ] } },
{ "type": "Feature", "properties": { "GEOID": "261635002001", "NAME": "15000US261635002001", "population": 695, "acs_year": "2020-2024", "ALAND": 293223, "AWATER": 0, "walk_minutes": 13.786894645395323, "access_bin": "<= 15 min", "within_15": true, "tract": "26163500200" }, "geometry": { "type": "Polygon", "coordinates": [ [ [ -82.972209, 42.443405 ], [ -82.971576, 42.44436 ], [ -82.970987, 42.445256 ], [ -82.970781, 42.445565 ], [ -82.970722, 42.445654 ], [ -82.970371, 42.446183 ], [ -82.969759, 42.447105 ], [ -82.969151, 42.448024 ], [ -82.968541, 42.448945 ], [ -82.967938, 42.449836 ], [ -82.967881, 42.449838 ], [ -82.967691, 42.449843 ], [ -82.966093, 42.449886 ], [ -82.966059, 42.449001 ], [ -82.966046, 42.448553 ], [ -82.966023, 42.448099 ], [ -82.965978, 42.447201 ], [ -82.965932, 42.446295 ], [ -82.965886, 42.445405 ], [ -82.965841, 42.44451 ], [ -82.965798, 42.443624 ], [ -82.965755, 42.442677 ], [ -82.968867, 42.442603 ], [ -82.971864, 42.442527 ], [ -82.972807, 42.442501 ], [ -82.972209, 42.443405 ] ] ] } },
{ "type": "Feature", "properties": { "GEOID": "261635002002", "NAME": "15000US261635002002", "population": 1847, "acs_year": "2020-2024", "ALAND": 646555, "AWATER": 0, "walk_minutes": 14.979656615550502, "access_bin": "<= 15 min", "within_15": true, "tract": "26163500200" }, "geometry": { "type": "Polygon", "coordinates": [ [ [ -82.966093, 42.449886 ], [ -82.964936, 42.449907 ], [ -82.964728, 42.449911 ], [ -82.964656, 42.449912 ], [ -82.96389, 42.449927 ], [ -82.963673, 42.449931 ], [ -82.963399, 42.449935 ], [ -82.963278, 42.449937 ], [ -82.962173, 42.449953 ], [ -82.961112, 42.44997 ], [ -82.960999, 42.449972 ], [ -82.960119, 42.449987 ], [ -82.959168, 42.450003 ], [ -82.958636, 42.450013 ], [ -82.957736, 42.450026 ], [ -82.957706, 42.450026 ], [ -82.95684, 42.450039 ], [ -82.956606, 42.450042 ], [ -82.95621, 42.450048 ], [ -82.956201, 42.449168 ], [ -82.956177, 42.448266 ], [ -82.956152, 42.447369 ], [ -82.95612, 42.446482 ], [ -82.956091, 42.445639 ], [ -82.956064, 42.444752 ], [ -82.956037, 42.443864 ], [ -82.956002, 42.442863 ], [ -82.956079, 42.442852 ], [ -82.958444, 42.442807 ], [ -82.960885, 42.44276 ], [ -82.963322, 42.442725 ], [ -82.965755, 42.442677 ], [ -82.965798, 42.443624 ], [ -82.965841, 42.44451 ], [ -82.965886, 42.445405 ], [ -82.965932, 42.446295 ], [ -82.965978, 42.447201 ], [ -82.966023, 42.448099 ], [ -82.966046, 42.448553 ], [ -82.966059, 42.449001 ], [ -82.966093, 42.449886 ] ] ] } },
{ "type": "Feature", "properties": { "GEOID": "261635003001", "NAME": "15000US261635003001", "population": 968, "acs_year": "2020-2024", "ALAND": 641601, "AWATER": 0, "walk_minutes": 10.72892511229993, "access_bin": "<= 15 min", "within_15": true, "tract": "26163500300" }, "geometry": { "type": "Polygon", "coordinates": [ [ [ -82.977114, 42.43596 ], [ -82.9769, 42.436283 ], [ -82.976481, 42.436921 ], [ -82.976317, 42.437167 ], [ -82.975982, 42.437675 ], [ -82.975693, 42.438117 ], [ -82.975373, 42.438605 ], [ -82.974984, 42.439195 ], [ -82.974603, 42.439774 ], [ -82.974464, 42.439985 ], [ -82.973924, 42.440816 ], [ -82.973359, 42.441665 ], [ -82.972807, 42.442501 ], [ -82.971864, 42.442527 ], [ -82.968867, 42.442603 ], [ -82.965755, 42.442677 ], [ -82.965719, 42.441818 ], [ -82.965715, 42.441695 ], [ -82.965689, 42.440968 ], [ -82.965684, 42.440797 ], [ -82.965662, 42.440191 ], [ -82.965652, 42.439895 ], [ -82.965635, 42.43941 ], [ -82.965622, 42.438998 ], [ -82.9656, 42.438345 ], [ -82.965592, 42.438097 ], [ -82.965553, 42.437199 ], [ -82.965504, 42.436278 ], [ -82.965472, 42.435423 ], [ -82.967935, 42.435349 ], [ -82.968619, 42.435329 ], [ -82.970388, 42.435276 ], [ -82.971619, 42.43524 ], [ -82.97271, 42.435208 ], [ -82.97528, 42.435133 ], [ -82.977696, 42.435077 ], [ -82.977114, 42.43596 ] ] ] } },
{ "type": "Feature", "properties": { "GEOID": "261635003002", "NAME": "15000US261635003002", "population": 940, "acs_year": "2020-2024", "ALAND": 643077, "AWATER": 0, "walk_minutes": 22.903484323207849, "access_bin": "> 20 min", "within_15": false, "tract": "26163500300" }, "geometry": { "type": "Polygon", "coordinates": [ [ [ -82.965755, 42.442677 ], [ -82.963322, 42.442725 ], [ -82.960885, 42.44276 ], [ -82.958444, 42.442807 ], [ -82.956079, 42.442852 ], [ -82.956002, 42.442863 ], [ -82.955969, 42.441906 ], [ -82.955942, 42.441002 ], [ -82.955915, 42.440102 ], [ -82.955887, 42.439202 ], [ -82.95586, 42.438302 ], [ -82.955832, 42.437402 ], [ -82.955802, 42.436504 ], [ -82.955776, 42.43558 ], [ -82.955878, 42.435591 ], [ -82.956032, 42.435599 ], [ -82.958215, 42.435593 ], [ -82.960639, 42.435553 ], [ -82.962031, 42.435521 ], [ -82.963069, 42.435496 ], [ -82.965472, 42.435423 ], [ -82.965504, 42.436278 ], [ -82.965553, 42.437199 ], [ -82.965592, 42.438097 ], [ -82.9656, 42.438345 ], [ -82.965622, 42.438998 ], [ -82.965635, 42.43941 ], [ -82.965652, 42.439895 ], [ -82.965662, 42.440191 ], [ -82.965684, 42.440797 ], [ -82.965689, 42.440968 ], [ -82.965715, 42.441695 ], [ -82.965719, 42.441818 ], [ -82.965755, 42.442677 ] ] ] } },
{ "type": "Feature", "properties": { "GEOID": "261635004001", "NAME": "15000US261635004001", "population": 586, "acs_year": "2020-2024", "ALAND": 397710, "AWATER": 0, "walk_minutes": 10.523711032353143, "access_bin": "<= 15 min", "within_15": true, "tract": "26163500400" }, "geometry": { "type": "Polygon", "coordinates": [ [ [ -82.987172, 42.420688 ], [ -82.986827, 42.421219 ], [ -82.98668, 42.421442 ], [ -82.986214, 42.422153 ], [ -82.985641, 42.423026 ], [ -82.985163, 42.423752 ], [ -82.984635, 42.424554 ], [ -82.984199, 42.425217 ], [ -82.984095, 42.425375 ], [ -82.983557, 42.426195 ], [ -82.983069, 42.426929 ], [ -82.982549, 42.427715 ], [ -82.981739, 42.428946 ], [ -82.981674, 42.429044 ], [ -82.980986, 42.429035 ], [ -82.977196, 42.42901 ], [ -82.977165, 42.427839 ], [ -82.978009, 42.427819 ], [ -82.978645, 42.427782 ], [ -82.97975, 42.427738 ], [ -82.97984, 42.427722 ], [ -82.979879, 42.427698 ], [ -82.979892, 42.427648 ], [ -82.979871, 42.427005 ], [ -82.979853, 42.426225 ], [ -82.979838, 42.425407 ], [ -82.97982, 42.424595 ], [ -82.979803, 42.423798 ], [ -82.979786, 42.423001 ], [ -82.979771, 42.422324 ], [ -82.979778, 42.422202 ], [ -82.979784, 42.422108 ], [ -82.979767, 42.421405 ], [ -82.979747, 42.420617 ], [ -82.97974, 42.420545 ], [ -82.982245, 42.420486 ], [ -82.9825, 42.42048 ], [ -82.983607, 42.420453 ], [ -82.984959, 42.420422 ], [ -82.985154, 42.420417 ], [ -82.987381, 42.42037 ], [ -82.987172, 42.420688 ] ] ] } },
{ "type": "Feature", "properties": { "GEOID": "261635004002", "NAME": "15000US261635004002", "population": 353, "acs_year": "2020-2024", "ALAND": 270537, "AWATER": 0, "walk_minutes": 9.3131259539243754, "access_bin": "<= 10 min", "within_15": true, "tract": "26163500400" }, "geometry": { "type": "Polygon", "coordinates": [ [ [ -82.981179, 42.429795 ], [ -82.980651, 42.430596 ], [ -82.980167, 42.43133 ], [ -82.980076, 42.431468 ], [ -82.979678, 42.432071 ], [ -82.979488, 42.432359 ], [ -82.979183, 42.432821 ], [ -82.978911, 42.433232 ], [ -82.978688, 42.43357 ], [ -82.978295, 42.434167 ], [ -82.978197, 42.434317 ], [ -82.977696, 42.435077 ], [ -82.97528, 42.435133 ], [ -82.975262, 42.434308 ], [ -82.975244, 42.433555 ], [ -82.975225, 42.432797 ], [ -82.975208, 42.432046 ], [ -82.97519, 42.431297 ], [ -82.975172, 42.430546 ], [ -82.975153, 42.429776 ], [ -82.975135, 42.429 ], [ -82.975107, 42.427884 ], [ -82.977165, 42.427839 ], [ -82.977196, 42.42901 ], [ -82.980986, 42.429035 ], [ -82.981674, 42.429044 ], [ -82.981179, 42.429795 ] ] ] } },
{ "type": "Feature", "properties": { "GEOID": "261635005001", "NAME": "15000US261635005001", "population": 1052, "acs_year": "2020-2024", "ALAND": 293345, "AWATER": 0, "walk_minutes": 9.3781536542136141, "access_bin": "<= 10 min", "within_15": true, "tract": "26163500500" }, "geometry": { "type": "Polygon", "coordinates": [ [ [ -82.967574, 42.42316 ], [ -82.965123, 42.423191 ], [ -82.965152, 42.423982 ], [ -82.96518, 42.42478 ], [ -82.965208, 42.425593 ], [ -82.965239, 42.426402 ], [ -82.965268, 42.427181 ], [ -82.962829, 42.427207 ], [ -82.960423, 42.427233 ], [ -82.959718, 42.427243 ], [ -82.959608, 42.427228 ], [ -82.959546, 42.42721 ], [ -82.959446, 42.427169 ], [ -82.958859, 42.426931 ], [ -82.959391, 42.426216 ], [ -82.959994, 42.425408 ], [ -82.960298, 42.425001 ], [ -82.960496, 42.424759 ], [ -82.961227, 42.423786 ], [ -82.961852, 42.422949 ], [ -82.962444, 42.422158 ], [ -82.963044, 42.421356 ], [ -82.963458, 42.420815 ], [ -82.96375, 42.420785 ], [ -82.963912, 42.42078 ], [ -82.965036, 42.420775 ], [ -82.967527, 42.420747 ], [ -82.967489, 42.420819 ], [ -82.967517, 42.421567 ], [ -82.967546, 42.42236 ], [ -82.967574, 42.42316 ] ] ] } },
{ "type": "Feature", "properties": { "GEOID": "261635005002", "NAME": "15000US261635005002", "population": 724, "acs_year": "2020-2024", "ALAND": 519980, "AWATER": 0, "walk_minutes": 7.3701307225361923, "access_bin": "<= 10 min", "within_15": true, "tract": "26163500500" }, "geometry": { "type": "Polygon", "coordinates": [ [ [ -82.975075, 42.427041 ], [ -82.972633, 42.427084 ], [ -82.970173, 42.427128 ], [ -82.967719, 42.427154 ], [ -82.965268, 42.427181 ], [ -82.965239, 42.426402 ], [ -82.965208, 42.425593 ], [ -82.96518, 42.42478 ], [ -82.965152, 42.423982 ], [ -82.965123, 42.423191 ], [ -82.967574, 42.42316 ], [ -82.967546, 42.42236 ], [ -82.967517, 42.421567 ], [ -82.967489, 42.420819 ], [ -82.967527, 42.420747 ], [ -82.969936, 42.42072 ], [ -82.97165, 42.420701 ], [ -82.972399, 42.420691 ], [ -82.974488, 42.420666 ], [ -82.974821, 42.420658 ], [ -82.974837, 42.420724 ], [ -82.974872, 42.421476 ], [ -82.974901, 42.422268 ], [ -82.974931, 42.423048 ], [ -82.97496, 42.423841 ], [ -82.974989, 42.424639 ], [ -82.97502, 42.425451 ], [ -82.975049, 42.426259 ], [ -82.975075, 42.427041 ] ] ] } },
{ "type": "Feature", "properties": { "GEOID": "261635006001", "NAME": "15000US261635006001", "population": 1638, "acs_year": "2020-2024", "ALAND": 367288, "AWATER": 0, "walk_minutes": 11.960206106267487, "access_bin": "<= 15 min", "within_15": true, "tract": "26163500600" }, "geometry": { "type": "Polygon", "coordinates": [ [ [ -82.962031, 42.435521 ], [ -82.960639, 42.435553 ], [ -82.958215, 42.435593 ], [ -82.956032, 42.435599 ], [ -82.955878, 42.435591 ], [ -82.955776, 42.43558 ], [ -82.955372, 42.435468 ], [ -82.954232, 42.434991 ], [ -82.953901, 42.434864 ], [ -82.953842, 42.434841 ], [ -82.95368, 42.434779 ], [ -82.953192, 42.434404 ], [ -82.953522, 42.434004 ], [ -82.953713, 42.433775 ], [ -82.954162, 42.433187 ], [ -82.954927, 42.432177 ], [ -82.955545, 42.43136 ], [ -82.955939, 42.430837 ], [ -82.956161, 42.430542 ], [ -82.956785, 42.42972 ], [ -82.957252, 42.429101 ], [ -82.958108, 42.427945 ], [ -82.958859, 42.426931 ], [ -82.959446, 42.427169 ], [ -82.959546, 42.42721 ], [ -82.959608, 42.427228 ], [ -82.959718, 42.427243 ], [ -82.960423, 42.427233 ], [ -82.960457, 42.428199 ], [ -82.960493, 42.429208 ], [ -82.960514, 42.43017 ], [ -82.960533, 42.430935 ], [ -82.959023, 42.430965 ], [ -82.95926, 42.431326 ], [ -82.959512, 42.431708 ], [ -82.959787, 42.432125 ], [ -82.960001, 42.43245 ], [ -82.960421, 42.433087 ], [ -82.960524, 42.433243 ], [ -82.96095, 42.433886 ], [ -82.961013, 42.433982 ], [ -82.961487, 42.434698 ], [ -82.962031, 42.435521 ] ] ] } },
{ "type": "Feature", "properties": { "GEOID": "261635006002", "NAME": "15000US261635006002", "population": 341, "acs_year": "2020-2024", "ALAND": 206561, "AWATER": 0, "walk_minutes": 15.388100962821733, "access_bin": "<= 20 min", "within_15": false, "tract": "26163500600" }, "geometry": { "type": "Polygon", "coordinates": [ [ [ -82.965472, 42.435423 ], [ -82.963069, 42.435496 ], [ -82.962031, 42.435521 ], [ -82.961487, 42.434698 ], [ -82.961013, 42.433982 ], [ -82.96095, 42.433886 ], [ -82.960524, 42.433243 ], [ -82.960421, 42.433087 ], [ -82.960001, 42.43245 ], [ -82.959787, 42.432125 ], [ -82.959512, 42.431708 ], [ -82.95926, 42.431326 ], [ -82.959023, 42.430965 ], [ -82.960533, 42.430935 ], [ -82.96294, 42.430888 ], [ -82.965375, 42.430838 ], [ -82.965395, 42.431591 ], [ -82.965414, 42.432343 ], [ -82.965435, 42.433095 ], [ -82.965453, 42.433848 ], [ -82.96546, 42.434599 ], [ -82.965472, 42.435423 ] ] ] } },
{ "type": "Feature", "properties": { "GEOID": "261635006003", "NAME": "15000US261635006003", "population": 445, "acs_year": "2020-2024", "ALAND": 649735, "AWATER": 0, "walk_minutes": 16.166090311165213, "access_bin": "<= 20 min", "within_15": false, "tract": "26163500600" }, "geometry": { "type": "Polygon", "coordinates": [ [ [ -82.97528, 42.435133 ], [ -82.97271, 42.435208 ], [ -82.971619, 42.43524 ], [ -82.970388, 42.435276 ], [ -82.968619, 42.435329 ], [ -82.967935, 42.435349 ], [ -82.965472, 42.435423 ], [ -82.96546, 42.434599 ], [ -82.965453, 42.433848 ], [ -82.965435, 42.433095 ], [ -82.965414, 42.432343 ], [ -82.965395, 42.431591 ], [ -82.965375, 42.430838 ], [ -82.965675, 42.430832 ], [ -82.967823, 42.430763 ], [ -82.967804, 42.429998 ], [ -82.967785, 42.429218 ], [ -82.967749, 42.42805 ], [ -82.967719, 42.427154 ], [ -82.970173, 42.427128 ], [ -82.972633, 42.427084 ], [ -82.975075, 42.427041 ], [ -82.975107, 42.427884 ], [ -82.975135, 42.429 ], [ -82.975153, 42.429776 ], [ -82.975172, 42.430546 ], [ -82.97519, 42.431297 ], [ -82.975208, 42.432046 ], [ -82.975225, 42.432797 ], [ -82.975244, 42.433555 ], [ -82.975262, 42.434308 ], [ -82.97528, 42.435133 ] ] ] } },
{ "type": "Feature", "properties": { "GEOID": "261635007001", "NAME": "15000US261635007001", "population": 772, "acs_year": "2020-2024", "ALAND": 252993, "AWATER": 0, "walk_minutes": 19.555154313542044, "access_bin": "<= 20 min", "within_15": false, "tract": "26163500700" }, "geometry": { "type": "Polygon", "coordinates": [ [ [ -82.945733, 42.42452 ], [ -82.944403, 42.426123 ], [ -82.943666, 42.427018 ], [ -82.94319, 42.427636 ], [ -82.941653, 42.429679 ], [ -82.941424, 42.429983 ], [ -82.941346, 42.430094 ], [ -82.940936, 42.430638 ], [ -82.940416, 42.431329 ], [ -82.940056, 42.431182 ], [ -82.939828, 42.431089 ], [ -82.937382, 42.43009 ], [ -82.937566, 42.429845 ], [ -82.937644, 42.429741 ], [ -82.937902, 42.4294 ], [ -82.938395, 42.428747 ], [ -82.93862, 42.428436 ], [ -82.940614, 42.425796 ], [ -82.94137, 42.424883 ], [ -82.942786, 42.423174 ], [ -82.943734, 42.42356 ], [ -82.944636, 42.423928 ], [ -82.944809, 42.423999 ], [ -82.945751, 42.424385 ], [ -82.945733, 42.42452 ] ] ] } },
{ "type": "Feature", "properties": { "GEOID": "261635007002", "NAME": "15000US261635007002", "population": 507, "acs_year": "2020-2024", "ALAND": 265431, "AWATER": 0, "walk_minutes": 11.271379741472138, "access_bin": "<= 15 min", "within_15": true, "tract": "26163500700" }, "geometry": { "type": "Polygon", "coordinates": [ [ [ -82.948908, 42.425676 ], [ -82.947571, 42.427417 ], [ -82.946384, 42.428966 ], [ -82.944853, 42.430985 ], [ -82.944624, 42.431297 ], [ -82.944133, 42.431947 ], [ -82.94387, 42.432294 ], [ -82.943612, 42.432637 ], [ -82.940788, 42.431481 ], [ -82.940416, 42.431329 ], [ -82.940936, 42.430638 ], [ -82.941346, 42.430094 ], [ -82.941424, 42.429983 ], [ -82.941653, 42.429679 ], [ -82.94319, 42.427636 ], [ -82.943666, 42.427018 ], [ -82.944403, 42.426123 ], [ -82.945733, 42.42452 ], [ -82.945751, 42.424385 ], [ -82.946769, 42.424801 ], [ -82.947804, 42.425224 ], [ -82.948908, 42.425676 ] ] ] } },
{ "type": "Feature", "properties": { "GEOID": "261635009002", "NAME": "15000US261635009002", "population": 1489, "acs_year": "2020-2024", "ALAND": 566705, "AWATER": 0, "walk_minutes": 13.355005238371728, "access_bin": "<= 15 min", "within_15": true, "tract": "26163500900" }, "geometry": { "type": "Polygon", "coordinates": [ [ [ -82.94895, 42.420111 ], [ -82.948706, 42.420352 ], [ -82.948614, 42.420449 ], [ -82.947329, 42.422165 ], [ -82.945764, 42.42425 ], [ -82.945751, 42.424385 ], [ -82.944809, 42.423999 ], [ -82.944636, 42.423928 ], [ -82.943734, 42.42356 ], [ -82.942786, 42.423174 ], [ -82.942558, 42.423081 ], [ -82.941772, 42.422759 ], [ -82.941473, 42.422637 ], [ -82.940765, 42.422348 ], [ -82.940458, 42.422222 ], [ -82.939755, 42.421936 ], [ -82.938741, 42.421523 ], [ -82.938166, 42.421287 ], [ -82.937611, 42.421059 ], [ -82.937224, 42.4209 ], [ -82.936365, 42.420551 ], [ -82.936294, 42.420521 ], [ -82.935399, 42.420155 ], [ -82.934437, 42.419764 ], [ -82.934008, 42.41959 ], [ -82.933858, 42.419514 ], [ -82.933783, 42.419475 ], [ -82.933716, 42.419429 ], [ -82.933594, 42.419344 ], [ -82.933775, 42.419219 ], [ -82.934027, 42.419052 ], [ -82.934355, 42.418834 ], [ -82.934759, 42.418612 ], [ -82.935195, 42.41838 ], [ -82.935311, 42.418318 ], [ -82.935989, 42.417977 ], [ -82.936824, 42.417558 ], [ -82.937228, 42.417333 ], [ -82.938114, 42.4168 ], [ -82.9387, 42.416412 ], [ -82.938913, 42.416276 ], [ -82.939076, 42.416163 ], [ -82.939209, 42.416071 ], [ -82.939229, 42.416057 ], [ -82.939327, 42.416091 ], [ -82.939394, 42.416114 ], [ -82.939627, 42.416194 ], [ -82.942343, 42.417302 ], [ -82.944739, 42.418289 ], [ -82.945884, 42.418759 ], [ -82.947031, 42.419229 ], [ -82.947976, 42.419609 ], [ -82.949022, 42.420032 ], [ -82.94895, 42.420111 ] ] ] } },
{ "type": "Feature", "properties": { "GEOID": "261635010001", "NAME": "15000US261635010001", "population": 1542, "acs_year": "2020-2024", "ALAND": 398424, "AWATER": 0, "walk_minutes": 13.389929836933762, "access_bin": "<= 15 min", "within_15": true, "tract": "26163501000" }, "geometry": { "type": "Polygon", "coordinates": [ [ [ -82.951793, 42.41641 ], [ -82.950407, 42.418274 ], [ -82.949391, 42.419624 ], [ -82.949022, 42.420032 ], [ -82.947976, 42.419609 ], [ -82.947031, 42.419229 ], [ -82.945884, 42.418759 ], [ -82.944739, 42.418289 ], [ -82.942343, 42.417302 ], [ -82.939627, 42.416194 ], [ -82.939394, 42.416114 ], [ -82.939327, 42.416091 ], [ -82.939229, 42.416057 ], [ -82.939859, 42.415596 ], [ -82.940444, 42.415168 ], [ -82.943396, 42.412935 ], [ -82.943757, 42.413083 ], [ -82.945087, 42.413633 ], [ -82.947466, 42.414619 ], [ -82.948444, 42.415024 ], [ -82.948648, 42.415108 ], [ -82.949438, 42.415436 ], [ -82.949815, 42.415592 ], [ -82.950399, 42.415834 ], [ -82.950804, 42.416001 ], [ -82.951315, 42.416213 ], [ -82.951793, 42.41641 ] ] ] } },
{ "type": "Feature", "properties": { "GEOID": "261635011001", "NAME": "15000US261635011001", "population": 1374, "acs_year": "2020-2024", "ALAND": 320110, "AWATER": 0, "walk_minutes": 9.8751605592843195, "access_bin": "<= 10 min", "within_15": true, "tract": "26163501100" }, "geometry": { "type": "Polygon", "coordinates": [ [ [ -82.964954, 42.418842 ], [ -82.964349, 42.419637 ], [ -82.964087, 42.419982 ], [ -82.963792, 42.42037 ], [ -82.963458, 42.420815 ], [ -82.963035, 42.420858 ], [ -82.962823, 42.42088 ], [ -82.962707, 42.420883 ], [ -82.962584, 42.420855 ], [ -82.962416, 42.420801 ], [ -82.962157, 42.420702 ], [ -82.961121, 42.420274 ], [ -82.96007, 42.419838 ], [ -82.959054, 42.419417 ], [ -82.95804, 42.418996 ], [ -82.95748, 42.418765 ], [ -82.95807, 42.417977 ], [ -82.95863, 42.417229 ], [ -82.959194, 42.416476 ], [ -82.959758, 42.415724 ], [ -82.960322, 42.414967 ], [ -82.960879, 42.414229 ], [ -82.961453, 42.413457 ], [ -82.961678, 42.413558 ], [ -82.963889, 42.414479 ], [ -82.964645, 42.41479 ], [ -82.964776, 42.414802 ], [ -82.964823, 42.415836 ], [ -82.964859, 42.416666 ], [ -82.964895, 42.417515 ], [ -82.964932, 42.418358 ], [ -82.964954, 42.418842 ] ] ] } },
{ "type": "Feature", "properties": { "GEOID": "261635011002", "NAME": "15000US261635011002", "population": 478, "acs_year": "2020-2024", "ALAND": 254394, "AWATER": 0, "walk_minutes": 23.219742394724282, "access_bin": "> 20 min", "within_15": false, "tract": "26163501100" }, "geometry": { "type": "Polygon", "coordinates": [ [ [ -82.961153, 42.413176 ], [ -82.959564, 42.412548 ], [ -82.95839, 42.412058 ], [ -82.958074, 42.411927 ], [ -82.957287, 42.411601 ], [ -82.956743, 42.411369 ], [ -82.957078, 42.410922 ], [ -82.957091, 42.410884 ], [ -82.95708, 42.410568 ], [ -82.956998, 42.408758 ], [ -82.956977, 42.408286 ], [ -82.956725, 42.407811 ], [ -82.956342, 42.407073 ], [ -82.956148, 42.407129 ], [ -82.955904, 42.406757 ], [ -82.955867, 42.406777 ], [ -82.955709, 42.406815 ], [ -82.95566, 42.406642 ], [ -82.955612, 42.406468 ], [ -82.955839, 42.406403 ], [ -82.956376, 42.406234 ], [ -82.956442, 42.406213 ], [ -82.95664, 42.406152 ], [ -82.958569, 42.405594 ], [ -82.960054, 42.405133 ], [ -82.960168, 42.405309 ], [ -82.960252, 42.405423 ], [ -82.96031, 42.405502 ], [ -82.960548, 42.405854 ], [ -82.960798, 42.40623 ], [ -82.96082, 42.406301 ], [ -82.960833, 42.406632 ], [ -82.960925, 42.408677 ], [ -82.961006, 42.410486 ], [ -82.961093, 42.4125 ], [ -82.961111, 42.412908 ], [ -82.961109, 42.412998 ], [ -82.961125, 42.413096 ], [ -82.961153, 42.413176 ] ] ] } },
{ "type": "Feature", "properties": { "GEOID": "261635011004", "NAME": "15000US261635011004", "population": 718, "acs_year": "2020-2024", "ALAND": 336987, "AWATER": 0, "walk_minutes": 18.546311784713083, "access_bin": "<= 20 min", "within_15": false, "tract": "26163501100" }, "geometry": { "type": "Polygon", "coordinates": [ [ [ -82.961453, 42.413457 ], [ -82.960879, 42.414229 ], [ -82.960322, 42.414967 ], [ -82.959758, 42.415724 ], [ -82.959194, 42.416476 ], [ -82.95863, 42.417229 ], [ -82.95807, 42.417977 ], [ -82.95748, 42.418765 ], [ -82.957025, 42.418576 ], [ -82.95646, 42.418343 ], [ -82.955897, 42.41811 ], [ -82.955477, 42.417937 ], [ -82.954869, 42.417685 ], [ -82.954344, 42.417468 ], [ -82.95384, 42.417259 ], [ -82.953228, 42.417005 ], [ -82.95281, 42.416832 ], [ -82.952274, 42.41661 ], [ -82.953427, 42.415067 ], [ -82.95512, 42.412814 ], [ -82.956329, 42.411206 ], [ -82.956743, 42.411369 ], [ -82.957287, 42.411601 ], [ -82.958074, 42.411927 ], [ -82.95839, 42.412058 ], [ -82.959564, 42.412548 ], [ -82.961153, 42.413176 ], [ -82.961214, 42.413285 ], [ -82.961272, 42.413348 ], [ -82.961357, 42.413413 ], [ -82.961453, 42.413457 ] ] ] } },
{ "type": "Feature", "properties": { "GEOID": "261635013003", "NAME": "15000US261635013003", "population": 1638, "acs_year": "2020-2024", "ALAND": 318315, "AWATER": 0, "walk_minutes": 11.05001276119965, "access_bin": "<= 15 min", "within_15": true, "tract": "26163501300" }, "geometry": { "type": "Polygon", "coordinates": [ [ [ -82.94992, 42.404725 ], [ -82.948866, 42.405112 ], [ -82.947937, 42.405452 ], [ -82.946994, 42.405798 ], [ -82.946039, 42.406148 ], [ -82.945084, 42.406499 ], [ -82.944127, 42.40685 ], [ -82.943121, 42.40531 ], [ -82.942056, 42.40368 ], [ -82.940957, 42.401992 ], [ -82.941908, 42.401643 ], [ -82.942866, 42.401293 ], [ -82.943822, 42.400942 ], [ -82.944762, 42.400596 ], [ -82.945692, 42.400256 ], [ -82.946729, 42.399875 ], [ -82.947835, 42.40156 ], [ -82.948906, 42.403188 ], [ -82.94992, 42.404725 ] ] ] } },
{ "type": "Feature", "properties": { "GEOID": "261635013001", "NAME": "15000US261635013001", "population": 736, "acs_year": "2020-2024", "ALAND": 475600, "AWATER": 0, "walk_minutes": 19.5563792506778, "access_bin": "<= 20 min", "within_15": false, "tract": "26163501300" }, "geometry": { "type": "Polygon", "coordinates": [ [ [ -82.960329, 42.405048 ], [ -82.960054, 42.405133 ], [ -82.958569, 42.405594 ], [ -82.95664, 42.406152 ], [ -82.956442, 42.406213 ], [ -82.956376, 42.406234 ], [ -82.955839, 42.406403 ], [ -82.955612, 42.406468 ], [ -82.95406, 42.406915 ], [ -82.953398, 42.407071 ], [ -82.952667, 42.407236 ], [ -82.952193, 42.407358 ], [ -82.951913, 42.40744 ], [ -82.951544, 42.407557 ], [ -82.951272, 42.407652 ], [ -82.951004, 42.407753 ], [ -82.950652, 42.407897 ], [ -82.950309, 42.408051 ], [ -82.950094, 42.408154 ], [ -82.949622, 42.4084 ], [ -82.949096, 42.408711 ], [ -82.94858, 42.409064 ], [ -82.948214, 42.409091 ], [ -82.947793, 42.409122 ], [ -82.947238, 42.409194 ], [ -82.947214, 42.409198 ], [ -82.946908, 42.409289 ], [ -82.946606, 42.409402 ], [ -82.946432, 42.409479 ], [ -82.946196, 42.409605 ], [ -82.946131, 42.409644 ], [ -82.946009, 42.409729 ], [ -82.945864, 42.409508 ], [ -82.945252, 42.408571 ], [ -82.944245, 42.407031 ], [ -82.944127, 42.40685 ], [ -82.945084, 42.406499 ], [ -82.946039, 42.406148 ], [ -82.946994, 42.405798 ], [ -82.947937, 42.405452 ], [ -82.948866, 42.405112 ], [ -82.94992, 42.404725 ], [ -82.951039, 42.404314 ], [ -82.952071, 42.403936 ], [ -82.953039, 42.403581 ], [ -82.95361, 42.403371 ], [ -82.9546, 42.403009 ], [ -82.955774, 42.402577 ], [ -82.956792, 42.402199 ], [ -82.957841, 42.401817 ], [ -82.958102, 42.401723 ], [ -82.958217, 42.401908 ], [ -82.95836, 42.402137 ], [ -82.959232, 42.403434 ], [ -82.960013, 42.404599 ], [ -82.96006, 42.404646 ], [ -82.960246, 42.404924 ], [ -82.960329, 42.405048 ] ] ] } },
{ "type": "Feature", "properties": { "GEOID": "261635014002", "NAME": "15000US261635014002", "population": 1587, "acs_year": "2020-2024", "ALAND": 314106, "AWATER": 0, "walk_minutes": 7.1599386360886994, "access_bin": "<= 10 min", "within_15": true, "tract": "26163501400" }, "geometry": { "type": "Polygon", "coordinates": [ [ [ -82.943144, 42.407209 ], [ -82.942143, 42.407574 ], [ -82.94101, 42.407989 ], [ -82.939832, 42.408424 ], [ -82.939586, 42.408514 ], [ -82.938423, 42.40894 ], [ -82.937416, 42.407405 ], [ -82.936345, 42.405774 ], [ -82.935237, 42.404093 ], [ -82.9364, 42.403667 ], [ -82.936644, 42.403577 ], [ -82.937825, 42.403142 ], [ -82.938932, 42.40274 ], [ -82.939965, 42.402357 ], [ -82.940957, 42.401992 ], [ -82.942056, 42.40368 ], [ -82.943121, 42.40531 ], [ -82.944127, 42.40685 ], [ -82.943144, 42.407209 ] ] ] } },
{ "type": "Feature", "properties": { "GEOID": "261635014003", "NAME": "15000US261635014003", "population": 1000, "acs_year": "2020-2024", "ALAND": 297866, "AWATER": 0, "walk_minutes": 12.935198953244033, "access_bin": "<= 15 min", "within_15": true, "tract": "26163501400" }, "geometry": { "type": "Polygon", "coordinates": [ [ [ -82.938423, 42.40894 ], [ -82.937296, 42.409355 ], [ -82.936292, 42.409721 ], [ -82.935242, 42.410103 ], [ -82.934072, 42.410534 ], [ -82.933005, 42.410924 ], [ -82.931997, 42.409387 ], [ -82.931889, 42.409218 ], [ -82.930925, 42.407762 ], [ -82.930092, 42.406473 ], [ -82.92983, 42.406075 ], [ -82.930882, 42.405689 ], [ -82.932051, 42.405261 ], [ -82.933098, 42.404874 ], [ -82.934112, 42.404504 ], [ -82.935237, 42.404093 ], [ -82.936345, 42.405774 ], [ -82.937416, 42.407405 ], [ -82.938423, 42.40894 ] ] ] } },
{ "type": "Feature", "properties": { "GEOID": "261635015003", "NAME": "15000US261635015003", "population": 1897, "acs_year": "2020-2024", "ALAND": 777093, "AWATER": 0, "walk_minutes": 23.666452427552347, "access_bin": "> 20 min", "within_15": false, "tract": "26163501500" }, "geometry": { "type": "Polygon", "coordinates": [ [ [ -82.933594, 42.419344 ], [ -82.933403, 42.419477 ], [ -82.933005, 42.419779 ], [ -82.932613, 42.420101 ], [ -82.932288, 42.420389 ], [ -82.932159, 42.420514 ], [ -82.931878, 42.420768 ], [ -82.931535, 42.421115 ], [ -82.931247, 42.421433 ], [ -82.930834, 42.421968 ], [ -82.930456, 42.42248 ], [ -82.930442, 42.422499 ], [ -82.93007, 42.422973 ], [ -82.928974, 42.42437 ], [ -82.928904, 42.424459 ], [ -82.928674, 42.424755 ], [ -82.928612, 42.424835 ], [ -82.927809, 42.425865 ], [ -82.927656, 42.426062 ], [ -82.927495, 42.425975 ], [ -82.927306, 42.425873 ], [ -82.927151, 42.425789 ], [ -82.926612, 42.425566 ], [ -82.925699, 42.425187 ], [ -82.924752, 42.424793 ], [ -82.923813, 42.424406 ], [ -82.922869, 42.424016 ], [ -82.921895, 42.423613 ], [ -82.920937, 42.423217 ], [ -82.919887, 42.422783 ], [ -82.918641, 42.422276 ], [ -82.917992, 42.422012 ], [ -82.917419, 42.421782 ], [ -82.916327, 42.421354 ], [ -82.916579, 42.421006 ], [ -82.916819, 42.420677 ], [ -82.917355, 42.419945 ], [ -82.916928, 42.41978 ], [ -82.916502, 42.419614 ], [ -82.915486, 42.419187 ], [ -82.915035, 42.419007 ], [ -82.915248, 42.418718 ], [ -82.915526, 42.41834 ], [ -82.915805, 42.417963 ], [ -82.916117, 42.417549 ], [ -82.916211, 42.417431 ], [ -82.916341, 42.417285 ], [ -82.916434, 42.417204 ], [ -82.916508, 42.41714 ], [ -82.916684, 42.417009 ], [ -82.916823, 42.416917 ], [ -82.917088, 42.416762 ], [ -82.917329, 42.416651 ], [ -82.917582, 42.416562 ], [ -82.918518, 42.41623 ], [ -82.918712, 42.416102 ], [ -82.919333, 42.415841 ], [ -82.921448, 42.415139 ], [ -82.921742, 42.415034 ], [ -82.921881, 42.415246 ], [ -82.922883, 42.416775 ], [ -82.923951, 42.418406 ], [ -82.925019, 42.420036 ], [ -82.925888, 42.421365 ], [ -82.926186, 42.421262 ], [ -82.926893, 42.421018 ], [ -82.927785, 42.420709 ], [ -82.928663, 42.420406 ], [ -82.929826, 42.420003 ], [ -82.931017, 42.419578 ], [ -82.931065, 42.419561 ], [ -82.931607, 42.419371 ], [ -82.93229, 42.418945 ], [ -82.93258, 42.418784 ], [ -82.932698, 42.418741 ], [ -82.932768, 42.418774 ], [ -82.932823, 42.418808 ], [ -82.933456, 42.419248 ], [ -82.933594, 42.419344 ] ] ] } },
{ "type": "Feature", "properties": { "GEOID": "261635015001", "NAME": "15000US261635015001", "population": 1449, "acs_year": "2020-2024", "ALAND": 463251, "AWATER": 0, "walk_minutes": 19.523039582835541, "access_bin": "<= 20 min", "within_15": false, "tract": "26163501500" }, "geometry": { "type": "Polygon", "coordinates": [ [ [ -82.931607, 42.419371 ], [ -82.931065, 42.419561 ], [ -82.931017, 42.419578 ], [ -82.929826, 42.420003 ], [ -82.928663, 42.420406 ], [ -82.927785, 42.420709 ], [ -82.926893, 42.421018 ], [ -82.926186, 42.421262 ], [ -82.925888, 42.421365 ], [ -82.925019, 42.420036 ], [ -82.923951, 42.418406 ], [ -82.922883, 42.416775 ], [ -82.921881, 42.415246 ], [ -82.921742, 42.415034 ], [ -82.922703, 42.414692 ], [ -82.923594, 42.414373 ], [ -82.924513, 42.414047 ], [ -82.925523, 42.413682 ], [ -82.925629, 42.413647 ], [ -82.925751, 42.413608 ], [ -82.926829, 42.413205 ], [ -82.928181, 42.412699 ], [ -82.928313, 42.412906 ], [ -82.929303, 42.414408 ], [ -82.930372, 42.416027 ], [ -82.931446, 42.417659 ], [ -82.93229, 42.418945 ], [ -82.931607, 42.419371 ] ] ] } },
{ "type": "Feature", "properties": { "GEOID": "261635016001", "NAME": "15000US261635016001", "population": 1212, "acs_year": "2020-2024", "ALAND": 598698, "AWATER": 0, "walk_minutes": 33.341191666477684, "access_bin": "> 20 min", "within_15": false, "tract": "26163501600" }, "geometry": { "type": "Polygon", "coordinates": [ [ [ -82.921448, 42.415139 ], [ -82.919333, 42.415841 ], [ -82.918712, 42.416102 ], [ -82.918518, 42.41623 ], [ -82.917582, 42.416562 ], [ -82.917329, 42.416651 ], [ -82.917088, 42.416762 ], [ -82.916823, 42.416917 ], [ -82.916684, 42.417009 ], [ -82.916508, 42.41714 ], [ -82.916434, 42.417204 ], [ -82.916341, 42.417285 ], [ -82.916211, 42.417431 ], [ -82.916117, 42.417549 ], [ -82.915805, 42.417963 ], [ -82.915526, 42.41834 ], [ -82.915248, 42.418718 ], [ -82.915035, 42.419007 ], [ -82.915486, 42.419187 ], [ -82.916502, 42.419614 ], [ -82.916928, 42.41978 ], [ -82.917355, 42.419945 ], [ -82.916819, 42.420677 ], [ -82.916579, 42.421006 ], [ -82.916327, 42.421354 ], [ -82.916263, 42.421337 ], [ -82.916116, 42.42128 ], [ -82.915382, 42.420982 ], [ -82.915313, 42.420955 ], [ -82.914823, 42.420752 ], [ -82.91457, 42.420656 ], [ -82.914462, 42.42065 ], [ -82.914398, 42.420645 ], [ -82.91435, 42.420637 ], [ -82.914286, 42.42062 ], [ -82.913599, 42.420337 ], [ -82.913554, 42.420316 ], [ -82.913527, 42.420299 ], [ -82.913492, 42.420268 ], [ -82.913456, 42.420226 ], [ -82.913393, 42.420165 ], [ -82.913274, 42.420096 ], [ -82.912598, 42.419833 ], [ -82.91054, 42.419029 ], [ -82.910427, 42.419023 ], [ -82.910455, 42.418741 ], [ -82.910469, 42.418549 ], [ -82.910486, 42.418379 ], [ -82.910529, 42.417944 ], [ -82.910534, 42.41789 ], [ -82.910547, 42.4178 ], [ -82.910634, 42.417189 ], [ -82.910651, 42.417117 ], [ -82.91069, 42.416949 ], [ -82.910773, 42.416594 ], [ -82.910933, 42.416099 ], [ -82.910961, 42.416025 ], [ -82.911191, 42.415421 ], [ -82.911312, 42.415147 ], [ -82.911743, 42.414191 ], [ -82.9121, 42.413407 ], [ -82.912303, 42.412962 ], [ -82.912392, 42.412768 ], [ -82.912557, 42.41239 ], [ -82.912713, 42.412337 ], [ -82.913463, 42.412089 ], [ -82.914705, 42.411637 ], [ -82.915237, 42.41144 ], [ -82.918582, 42.410204 ], [ -82.918837, 42.410601 ], [ -82.919684, 42.411889 ], [ -82.920747, 42.413516 ], [ -82.921742, 42.415034 ], [ -82.921448, 42.415139 ] ] ] } },
{ "type": "Feature", "properties": { "GEOID": "261635017001", "NAME": "15000US261635017001", "population": 1032, "acs_year": "2020-2024", "ALAND": 559997, "AWATER": 0, "walk_minutes": 22.301100714111723, "access_bin": "> 20 min", "within_15": false, "tract": "26163501700" }, "geometry": { "type": "Polygon", "coordinates": [ [ [ -82.92983, 42.406075 ], [ -82.927983, 42.406751 ], [ -82.927045, 42.407091 ], [ -82.926084, 42.407439 ], [ -82.924942, 42.407851 ], [ -82.924893, 42.407798 ], [ -82.9239, 42.406286 ], [ -82.923624, 42.405878 ], [ -82.923411, 42.405446 ], [ -82.923312, 42.405306 ], [ -82.922811, 42.404532 ], [ -82.922721, 42.404395 ], [ -82.921749, 42.402893 ], [ -82.921334, 42.402262 ], [ -82.921189, 42.40207 ], [ -82.920908, 42.401652 ], [ -82.92048, 42.400998 ], [ -82.920051, 42.400347 ], [ -82.919622, 42.399692 ], [ -82.919169, 42.398999 ], [ -82.919118, 42.398926 ], [ -82.91934, 42.398583 ], [ -82.919754, 42.397996 ], [ -82.920129, 42.397466 ], [ -82.920349, 42.397154 ], [ -82.921061, 42.396145 ], [ -82.921375, 42.395701 ], [ -82.921569, 42.39546 ], [ -82.921676, 42.395344 ], [ -82.921718, 42.395299 ], [ -82.921867, 42.395172 ], [ -82.922181, 42.394954 ], [ -82.922399, 42.394829 ], [ -82.923102, 42.395899 ], [ -82.923538, 42.396559 ], [ -82.92375, 42.396879 ], [ -82.923966, 42.397206 ], [ -82.925198, 42.399075 ], [ -82.925829, 42.400031 ], [ -82.926266, 42.400693 ], [ -82.92667, 42.401307 ], [ -82.927125, 42.401998 ], [ -82.927551, 42.402645 ], [ -82.927981, 42.4033 ], [ -82.928399, 42.403932 ], [ -82.928706, 42.404397 ], [ -82.928841, 42.404601 ], [ -82.929273, 42.405248 ], [ -82.92983, 42.406075 ] ] ] } },
{ "type": "Feature", "properties": { "GEOID": "261635017002", "NAME": "15000US261635017002", "population": 777, "acs_year": "2020-2024", "ALAND": 639564, "AWATER": 0, "walk_minutes": 27.229888793460113, "access_bin": "> 20 min", "within_15": false, "tract": "26163501700" }, "geometry": { "type": "Polygon", "coordinates": [ [ [ -82.924942, 42.407851 ], [ -82.923618, 42.408322 ], [ -82.922403, 42.40877 ], [ -82.921296, 42.409184 ], [ -82.920388, 42.409522 ], [ -82.919507, 42.409855 ], [ -82.918582, 42.410204 ], [ -82.915237, 42.41144 ], [ -82.914705, 42.411637 ], [ -82.913463, 42.412089 ], [ -82.912713, 42.412337 ], [ -82.912557, 42.41239 ], [ -82.912663, 42.412148 ], [ -82.912743, 42.411965 ], [ -82.912801, 42.41183 ], [ -82.912887, 42.411634 ], [ -82.912969, 42.411459 ], [ -82.913171, 42.411029 ], [ -82.913297, 42.41076 ], [ -82.913687, 42.409927 ], [ -82.913897, 42.40948 ], [ -82.914442, 42.408317 ], [ -82.914935, 42.407266 ], [ -82.915629, 42.405798 ], [ -82.915926, 42.405171 ], [ -82.916296, 42.404471 ], [ -82.916794, 42.403528 ], [ -82.916864, 42.403397 ], [ -82.917135, 42.402848 ], [ -82.917717, 42.401637 ], [ -82.918315, 42.400383 ], [ -82.918708, 42.399557 ], [ -82.918748, 42.399496 ], [ -82.919118, 42.398926 ], [ -82.919169, 42.398999 ], [ -82.919622, 42.399692 ], [ -82.920051, 42.400347 ], [ -82.92048, 42.400998 ], [ -82.920908, 42.401652 ], [ -82.921189, 42.40207 ], [ -82.921334, 42.402262 ], [ -82.921749, 42.402893 ], [ -82.922721, 42.404395 ], [ -82.922811, 42.404532 ], [ -82.923312, 42.405306 ], [ -82.923411, 42.405446 ], [ -82.923624, 42.405878 ], [ -82.9239, 42.406286 ], [ -82.924893, 42.407798 ], [ -82.924942, 42.407851 ] ] ] } },
{ "type": "Feature", "properties": { "GEOID": "261635018002", "NAME": "15000US261635018002", "population": 2582, "acs_year": "2020-2024", "ALAND": 743466, "AWATER": 0, "walk_minutes": 10.097171704246282, "access_bin": "<= 15 min", "within_15": true, "tract": "26163501800" }, "geometry": { "type": "Polygon", "coordinates": [ [ [ -82.939965, 42.402357 ], [ -82.938932, 42.40274 ], [ -82.937825, 42.403142 ], [ -82.936644, 42.403577 ], [ -82.9364, 42.403667 ], [ -82.935237, 42.404093 ], [ -82.934132, 42.402409 ], [ -82.932086, 42.399293 ], [ -82.930651, 42.3971 ], [ -82.929213, 42.3949 ], [ -82.927795, 42.392733 ], [ -82.929055, 42.392215 ], [ -82.930325, 42.391689 ], [ -82.931448, 42.391243 ], [ -82.931931, 42.391061 ], [ -82.93244, 42.390869 ], [ -82.933431, 42.390501 ], [ -82.934526, 42.392163 ], [ -82.935591, 42.393792 ], [ -82.936657, 42.395421 ], [ -82.937721, 42.39705 ], [ -82.938786, 42.398679 ], [ -82.939851, 42.400309 ], [ -82.940957, 42.401992 ], [ -82.939965, 42.402357 ] ] ] } },
{ "type": "Feature", "properties": { "GEOID": "261635019002", "NAME": "15000US261635019002", "population": 1407, "acs_year": "2020-2024", "ALAND": 419408, "AWATER": 0, "walk_minutes": 16.090149488661329, "access_bin": "<= 20 min", "within_15": false, "tract": "26163501900" }, "geometry": { "type": "Polygon", "coordinates": [ [ [ -82.94246, 42.395313 ], [ -82.94153, 42.395655 ], [ -82.940588, 42.395998 ], [ -82.939634, 42.396347 ], [ -82.938677, 42.3967 ], [ -82.937721, 42.39705 ], [ -82.936657, 42.395421 ], [ -82.935591, 42.393792 ], [ -82.934526, 42.392163 ], [ -82.933431, 42.390501 ], [ -82.9344, 42.390159 ], [ -82.934634, 42.390079 ], [ -82.93537, 42.389827 ], [ -82.935503, 42.389782 ], [ -82.9361, 42.389596 ], [ -82.936352, 42.389522 ], [ -82.937205, 42.389288 ], [ -82.937347, 42.389254 ], [ -82.937643, 42.389182 ], [ -82.938343, 42.389016 ], [ -82.939219, 42.388815 ], [ -82.939416, 42.388771 ], [ -82.939596, 42.389023 ], [ -82.940267, 42.390054 ], [ -82.941338, 42.391681 ], [ -82.942408, 42.393309 ], [ -82.94348, 42.394938 ], [ -82.94246, 42.395313 ] ] ] } },
{ "type": "Feature", "properties": { "GEOID": "261635031002", "NAME": "15000US261635031002", "population": 1689, "acs_year": "2020-2024", "ALAND": 505457, "AWATER": 0, "walk_minutes": 10.696772244060694, "access_bin": "<= 15 min", "within_15": true, "tract": "26163503100" }, "geometry": { "type": "Polygon", "coordinates": [ [ [ -82.978318, 42.449465 ], [ -82.978258, 42.449467 ], [ -82.977816, 42.449478 ], [ -82.977731, 42.44948 ], [ -82.977177, 42.449494 ], [ -82.977081, 42.449497 ], [ -82.977017, 42.449499 ], [ -82.976322, 42.449517 ], [ -82.975848, 42.44953 ], [ -82.974625, 42.44956 ], [ -82.974314, 42.449568 ], [ -82.973808, 42.449581 ], [ -82.973553, 42.449587 ], [ -82.973387, 42.449591 ], [ -82.973178, 42.449596 ], [ -82.97285, 42.449604 ], [ -82.972413, 42.449615 ], [ -82.972219, 42.44962 ], [ -82.972079, 42.449624 ], [ -82.971668, 42.44964 ], [ -82.971421, 42.44965 ], [ -82.971325, 42.449654 ], [ -82.971041, 42.449665 ], [ -82.970921, 42.44967 ], [ -82.970604, 42.449689 ], [ -82.969917, 42.449733 ], [ -82.969825, 42.449738 ], [ -82.969101, 42.449785 ], [ -82.968718, 42.449806 ], [ -82.968299, 42.449822 ], [ -82.967938, 42.449836 ], [ -82.968541, 42.448945 ], [ -82.969151, 42.448024 ], [ -82.969759, 42.447105 ], [ -82.970371, 42.446183 ], [ -82.970722, 42.445654 ], [ -82.970781, 42.445565 ], [ -82.970987, 42.445256 ], [ -82.971576, 42.44436 ], [ -82.972209, 42.443405 ], [ -82.972807, 42.442501 ], [ -82.973303, 42.442509 ], [ -82.975588, 42.442454 ], [ -82.978042, 42.442394 ], [ -82.978077, 42.443263 ], [ -82.978115, 42.444185 ], [ -82.978153, 42.445101 ], [ -82.978191, 42.446012 ], [ -82.97823, 42.446904 ], [ -82.978267, 42.447803 ], [ -82.978302, 42.448664 ], [ -82.978318, 42.449465 ] ] ] } },
{ "type": "Feature", "properties": { "GEOID": "261635051002", "NAME": "15000US261635051002", "population": 440, "acs_year": "2020-2024", "ALAND": 354502, "AWATER": 0, "walk_minutes": 14.250159895889857, "access_bin": "<= 15 min", "within_15": true, "tract": "26163505100" }, "geometry": { "type": "Polygon", "coordinates": [ [ [ -83.024257, 42.43397 ], [ -83.02208, 42.43401 ], [ -83.021058, 42.43403 ], [ -83.019356, 42.434061 ], [ -83.018095, 42.434085 ], [ -83.01758, 42.434095 ], [ -83.016421, 42.434116 ], [ -83.018118, 42.431858 ], [ -83.018664, 42.431131 ], [ -83.01868, 42.431076 ], [ -83.019214, 42.430357 ], [ -83.020956, 42.428015 ], [ -83.021591, 42.427161 ], [ -83.021677, 42.427044 ], [ -83.023886, 42.424056 ], [ -83.023898, 42.424399 ], [ -83.023927, 42.425168 ], [ -83.023955, 42.425937 ], [ -83.023968, 42.426308 ], [ -83.023984, 42.426735 ], [ -83.024, 42.427152 ], [ -83.024024, 42.427791 ], [ -83.024033, 42.428016 ], [ -83.024058, 42.428697 ], [ -83.024062, 42.428784 ], [ -83.024089, 42.429474 ], [ -83.024092, 42.42957 ], [ -83.024121, 42.430323 ], [ -83.024146, 42.431029 ], [ -83.02415, 42.43114 ], [ -83.024174, 42.431758 ], [ -83.024189, 42.432165 ], [ -83.024201, 42.432492 ], [ -83.024222, 42.433048 ], [ -83.024228, 42.433212 ], [ -83.024257, 42.43397 ] ] ] } },
{ "type": "Feature", "properties": { "GEOID": "261635051003", "NAME": "15000US261635051003", "population": 514, "acs_year": "2020-2024", "ALAND": 552837, "AWATER": 0, "walk_minutes": 7.2969949491512507, "access_bin": "<= 10 min", "within_15": true, "tract": "26163505100" }, "geometry": { "type": "Polygon", "coordinates": [ [ [ -83.024501, 42.441341 ], [ -83.023086, 42.441371 ], [ -83.022314, 42.441363 ], [ -83.021218, 42.441355 ], [ -83.020778, 42.441317 ], [ -83.019666, 42.44134 ], [ -83.019542, 42.441343 ], [ -83.0194, 42.441341 ], [ -83.019212, 42.441328 ], [ -83.019072, 42.441311 ], [ -83.018933, 42.441287 ], [ -83.018708, 42.441234 ], [ -83.018491, 42.441164 ], [ -83.01825, 42.441065 ], [ -83.018121, 42.441 ], [ -83.018014, 42.440937 ], [ -83.017913, 42.440869 ], [ -83.017818, 42.440797 ], [ -83.017729, 42.44072 ], [ -83.017647, 42.44064 ], [ -83.017486, 42.440447 ], [ -83.017336, 42.440256 ], [ -83.016895, 42.439696 ], [ -83.016445, 42.43912 ], [ -83.016292, 42.438925 ], [ -83.015815, 42.438313 ], [ -83.015685, 42.438146 ], [ -83.015075, 42.43737 ], [ -83.014933, 42.437171 ], [ -83.014833, 42.437013 ], [ -83.014746, 42.43685 ], [ -83.014654, 42.43661 ], [ -83.016421, 42.434116 ], [ -83.01758, 42.434095 ], [ -83.018095, 42.434085 ], [ -83.019356, 42.434061 ], [ -83.021058, 42.43403 ], [ -83.02208, 42.43401 ], [ -83.024257, 42.43397 ], [ -83.024284, 42.434812 ], [ -83.024308, 42.435604 ], [ -83.024321, 42.436006 ], [ -83.024362, 42.437183 ], [ -83.024388, 42.437973 ], [ -83.024416, 42.438776 ], [ -83.024419, 42.438854 ], [ -83.024438, 42.439527 ], [ -83.024462, 42.440292 ], [ -83.024493, 42.441133 ], [ -83.024501, 42.441341 ] ] ] } },
{ "type": "Feature", "properties": { "GEOID": "261635032001", "NAME": "15000US261635032001", "population": 1526, "acs_year": "2020-2024", "ALAND": 554564, "AWATER": 0, "walk_minutes": 15.951693694664121, "access_bin": "<= 20 min", "within_15": false, "tract": "26163503200" }, "geometry": { "type": "Polygon", "coordinates": [ [ [ -82.994199, 42.449087 ], [ -82.994122, 42.449089 ], [ -82.993395, 42.449104 ], [ -82.992949, 42.449114 ], [ -82.992933, 42.449114 ], [ -82.992279, 42.44913 ], [ -82.992163, 42.449133 ], [ -82.991771, 42.449141 ], [ -82.991743, 42.449142 ], [ -82.990746, 42.449165 ], [ -82.990543, 42.449169 ], [ -82.990363, 42.449172 ], [ -82.989448, 42.449191 ], [ -82.9893, 42.449195 ], [ -82.988164, 42.449221 ], [ -82.988093, 42.449223 ], [ -82.987911, 42.449227 ], [ -82.987815, 42.449229 ], [ -82.987788, 42.44923 ], [ -82.987658, 42.449233 ], [ -82.986888, 42.449251 ], [ -82.985659, 42.44928 ], [ -82.985628, 42.448523 ], [ -82.985632, 42.44842 ], [ -82.985603, 42.447624 ], [ -82.985569, 42.446726 ], [ -82.985537, 42.445816 ], [ -82.985473, 42.444008 ], [ -82.985407, 42.442205 ], [ -82.986037, 42.442179 ], [ -82.986612, 42.442164 ], [ -82.987842, 42.442131 ], [ -82.98904, 42.442099 ], [ -82.990267, 42.442068 ], [ -82.991503, 42.442038 ], [ -82.992682, 42.442006 ], [ -82.993932, 42.441973 ], [ -82.994008, 42.443778 ], [ -82.994082, 42.445605 ], [ -82.994156, 42.447417 ], [ -82.994199, 42.449087 ] ] ] } },
{ "type": "Feature", "properties": { "GEOID": "261635032002", "NAME": "15000US261635032002", "population": 1692, "acs_year": "2020-2024", "ALAND": 716755, "AWATER": 0, "walk_minutes": 6.0011913797347169, "access_bin": "<= 10 min", "within_15": true, "tract": "26163503200" }, "geometry": { "type": "Polygon", "coordinates": [ [ [ -83.005185, 42.448819 ], [ -83.004866, 42.448832 ], [ -83.004765, 42.448836 ], [ -83.003772, 42.448877 ], [ -83.002698, 42.448901 ], [ -83.002617, 42.448901 ], [ -83.002516, 42.448902 ], [ -83.001106, 42.44891 ], [ -83.000858, 42.448913 ], [ -83.000736, 42.448915 ], [ -83.000348, 42.44892 ], [ -83.000166, 42.448927 ], [ -82.99914, 42.448968 ], [ -82.999098, 42.44897 ], [ -82.998877, 42.448976 ], [ -82.998574, 42.448985 ], [ -82.997865, 42.449006 ], [ -82.996626, 42.449033 ], [ -82.996529, 42.449035 ], [ -82.995439, 42.449058 ], [ -82.995424, 42.449058 ], [ -82.994707, 42.449074 ], [ -82.994199, 42.449087 ], [ -82.994156, 42.447417 ], [ -82.994082, 42.445605 ], [ -82.994008, 42.443778 ], [ -82.993932, 42.441973 ], [ -82.995155, 42.441941 ], [ -82.99634, 42.441912 ], [ -82.997575, 42.441881 ], [ -82.998814, 42.441849 ], [ -83.000074, 42.441817 ], [ -83.001292, 42.441792 ], [ -83.002513, 42.441758 ], [ -83.003735, 42.441728 ], [ -83.004823, 42.441702 ], [ -83.004963, 42.441681 ], [ -83.005035, 42.443504 ], [ -83.005102, 42.445288 ], [ -83.005107, 42.445428 ], [ -83.005104, 42.445638 ], [ -83.005081, 42.44573 ], [ -83.00504, 42.445811 ], [ -83.004818, 42.446096 ], [ -83.004997, 42.446203 ], [ -83.005059, 42.446281 ], [ -83.005104, 42.446373 ], [ -83.00513, 42.44647 ], [ -83.005153, 42.447031 ], [ -83.005168, 42.447399 ], [ -83.005185, 42.448819 ] ] ] } },
{ "type": "Feature", "properties": { "GEOID": "261635033001", "NAME": "15000US261635033001", "population": 1626, "acs_year": "2020-2024", "ALAND": 732440, "AWATER": 0, "walk_minutes": 15.025763364179458, "access_bin": "<= 20 min", "within_15": false, "tract": "26163503300" }, "geometry": { "type": "Polygon", "coordinates": [ [ [ -83.004963, 42.441681 ], [ -83.004823, 42.441702 ], [ -83.003735, 42.441728 ], [ -83.002513, 42.441758 ], [ -83.001292, 42.441792 ], [ -83.000074, 42.441817 ], [ -82.998814, 42.441849 ], [ -82.997575, 42.441881 ], [ -82.99634, 42.441912 ], [ -82.995155, 42.441941 ], [ -82.993932, 42.441973 ], [ -82.993866, 42.440383 ], [ -82.993786, 42.43835 ], [ -82.99371, 42.43654 ], [ -82.993634, 42.43473 ], [ -82.994859, 42.434703 ], [ -82.996043, 42.434673 ], [ -82.997292, 42.43464 ], [ -82.998524, 42.434609 ], [ -82.999766, 42.434578 ], [ -83.001019, 42.434529 ], [ -83.002234, 42.434487 ], [ -83.002442, 42.434487 ], [ -83.003453, 42.434462 ], [ -83.004692, 42.434426 ], [ -83.004755, 42.436261 ], [ -83.004763, 42.43647 ], [ -83.004825, 42.438068 ], [ -83.004849, 42.438676 ], [ -83.004904, 42.440096 ], [ -83.004963, 42.441681 ] ] ] } },
{ "type": "Feature", "properties": { "GEOID": "261635034001", "NAME": "15000US261635034001", "population": 1012, "acs_year": "2020-2024", "ALAND": 670279, "AWATER": 0, "walk_minutes": 5.3990772682524426, "access_bin": "<= 10 min", "within_15": true, "tract": "26163503400" }, "geometry": { "type": "Polygon", "coordinates": [ [ [ -82.985407, 42.442205 ], [ -82.985163, 42.442216 ], [ -82.982947, 42.44227 ], [ -82.980495, 42.442334 ], [ -82.978042, 42.442394 ], [ -82.975588, 42.442454 ], [ -82.973303, 42.442509 ], [ -82.972807, 42.442501 ], [ -82.973359, 42.441665 ], [ -82.973924, 42.440816 ], [ -82.974464, 42.439985 ], [ -82.974603, 42.439774 ], [ -82.974984, 42.439195 ], [ -82.975373, 42.438605 ], [ -82.975693, 42.438117 ], [ -82.975982, 42.437675 ], [ -82.976317, 42.437167 ], [ -82.976481, 42.436921 ], [ -82.9769, 42.436283 ], [ -82.977114, 42.43596 ], [ -82.977696, 42.435077 ], [ -82.980281, 42.435019 ], [ -82.980668, 42.43501 ], [ -82.981846, 42.434985 ], [ -82.982688, 42.434967 ], [ -82.982972, 42.434962 ], [ -82.983896, 42.434935 ], [ -82.984019, 42.434932 ], [ -82.985125, 42.434917 ], [ -82.985207, 42.43697 ], [ -82.985237, 42.437764 ], [ -82.985266, 42.438571 ], [ -82.985308, 42.439527 ], [ -82.985346, 42.440603 ], [ -82.985377, 42.441389 ], [ -82.985407, 42.442205 ] ] ] } },
{ "type": "Feature", "properties": { "GEOID": "261635035002", "NAME": "15000US261635035002", "population": 630, "acs_year": "2020-2024", "ALAND": 564470, "AWATER": 0, "walk_minutes": 17.487742880947494, "access_bin": "<= 20 min", "within_15": false, "tract": "26163503500" }, "geometry": { "type": "Polygon", "coordinates": [ [ [ -82.993634, 42.43473 ], [ -82.992406, 42.434757 ], [ -82.991203, 42.434783 ], [ -82.990013, 42.434807 ], [ -82.988785, 42.434834 ], [ -82.987548, 42.434862 ], [ -82.986346, 42.434893 ], [ -82.985315, 42.434921 ], [ -82.985125, 42.434917 ], [ -82.985052, 42.433102 ], [ -82.985016, 42.432196 ], [ -82.98498, 42.431303 ], [ -82.984948, 42.430492 ], [ -82.984915, 42.429675 ], [ -82.984907, 42.429485 ], [ -82.984881, 42.428846 ], [ -82.984851, 42.428119 ], [ -82.98482, 42.427779 ], [ -82.984824, 42.427673 ], [ -82.986053, 42.427645 ], [ -82.987115, 42.427624 ], [ -82.987305, 42.427619 ], [ -82.988145, 42.427597 ], [ -82.988499, 42.427588 ], [ -82.989184, 42.427573 ], [ -82.989712, 42.42756 ], [ -82.990209, 42.427548 ], [ -82.990912, 42.427532 ], [ -82.991258, 42.427523 ], [ -82.992139, 42.427502 ], [ -82.992311, 42.427498 ], [ -82.993374, 42.427472 ], [ -82.993347, 42.427547 ], [ -82.99342, 42.42929 ], [ -82.993489, 42.431103 ], [ -82.993562, 42.432919 ], [ -82.993634, 42.43473 ] ] ] } },
{ "type": "Feature", "properties": { "GEOID": "261635035003", "NAME": "15000US261635035003", "population": 60, "acs_year": "2020-2024", "ALAND": 321867, "AWATER": 0, "walk_minutes": 10.668058164944936, "access_bin": "<= 15 min", "within_15": true, "tract": "26163503500" }, "geometry": { "type": "Polygon", "coordinates": [ [ [ -82.985125, 42.434917 ], [ -82.984019, 42.434932 ], [ -82.983896, 42.434935 ], [ -82.982972, 42.434962 ], [ -82.982688, 42.434967 ], [ -82.981846, 42.434985 ], [ -82.980668, 42.43501 ], [ -82.980281, 42.435019 ], [ -82.977696, 42.435077 ], [ -82.978197, 42.434317 ], [ -82.978295, 42.434167 ], [ -82.978688, 42.43357 ], [ -82.978911, 42.433232 ], [ -82.979183, 42.432821 ], [ -82.979488, 42.432359 ], [ -82.979678, 42.432071 ], [ -82.980076, 42.431468 ], [ -82.980167, 42.43133 ], [ -82.980651, 42.430596 ], [ -82.981179, 42.429795 ], [ -82.981674, 42.429044 ], [ -82.981739, 42.428946 ], [ -82.982549, 42.427715 ], [ -82.983666, 42.427695 ], [ -82.984824, 42.427673 ], [ -82.98482, 42.427779 ], [ -82.984851, 42.428119 ], [ -82.984881, 42.428846 ], [ -82.984907, 42.429485 ], [ -82.984915, 42.429675 ], [ -82.984948, 42.430492 ], [ -82.98498, 42.431303 ], [ -82.985016, 42.432196 ], [ -82.985052, 42.433102 ], [ -82.985125, 42.434917 ] ] ] } },
{ "type": "Feature", "properties": { "GEOID": "261635036001", "NAME": "15000US261635036001", "population": 1560, "acs_year": "2020-2024", "ALAND": 738902, "AWATER": 0, "walk_minutes": 11.255495870723994, "access_bin": "<= 15 min", "within_15": true, "tract": "26163503600" }, "geometry": { "type": "Polygon", "coordinates": [ [ [ -83.004318, 42.427228 ], [ -83.003121, 42.427255 ], [ -83.001902, 42.427282 ], [ -83.000682, 42.427309 ], [ -82.999457, 42.427336 ], [ -82.99824, 42.427364 ], [ -82.997006, 42.427392 ], [ -82.995759, 42.427421 ], [ -82.994573, 42.427445 ], [ -82.993374, 42.427472 ], [ -82.992311, 42.427498 ], [ -82.992139, 42.427502 ], [ -82.991258, 42.427523 ], [ -82.990912, 42.427532 ], [ -82.990209, 42.427548 ], [ -82.989712, 42.42756 ], [ -82.989184, 42.427573 ], [ -82.988499, 42.427588 ], [ -82.988145, 42.427597 ], [ -82.987305, 42.427619 ], [ -82.987115, 42.427624 ], [ -82.986053, 42.427645 ], [ -82.984824, 42.427673 ], [ -82.983666, 42.427695 ], [ -82.982549, 42.427715 ], [ -82.983069, 42.426929 ], [ -82.983327, 42.426879 ], [ -82.98463, 42.426851 ], [ -82.984797, 42.426812 ], [ -82.984889, 42.42679 ], [ -82.985779, 42.426475 ], [ -82.986813, 42.426109 ], [ -82.987836, 42.425746 ], [ -82.988881, 42.425371 ], [ -82.98908, 42.425293 ], [ -82.989189, 42.425251 ], [ -82.990079, 42.424935 ], [ -82.991104, 42.42457 ], [ -82.992144, 42.424201 ], [ -82.99324, 42.423811 ], [ -82.994383, 42.423405 ], [ -82.995369, 42.42305 ], [ -82.99556, 42.422981 ], [ -82.996318, 42.422708 ], [ -82.996786, 42.42254 ], [ -82.997269, 42.422365 ], [ -82.997929, 42.422127 ], [ -82.998124, 42.422056 ], [ -82.998977, 42.421749 ], [ -82.999923, 42.421409 ], [ -83.000164, 42.421322 ], [ -83.001368, 42.420889 ], [ -83.002568, 42.420458 ], [ -83.003159, 42.420245 ], [ -83.004022, 42.419936 ], [ -83.004034, 42.421012 ], [ -83.004066, 42.421193 ], [ -83.004112, 42.422209 ], [ -83.004178, 42.423831 ], [ -83.004242, 42.425407 ], [ -83.004318, 42.427228 ] ] ] } },
{ "type": "Feature", "properties": { "GEOID": "261635039001", "NAME": "15000US261635039001", "population": 1953, "acs_year": "2020-2024", "ALAND": 983950, "AWATER": 0, "walk_minutes": 11.954533373229488, "access_bin": "<= 15 min", "within_15": true, "tract": "26163503900" }, "geometry": { "type": "Polygon", "coordinates": [ [ [ -82.996448, 42.406515 ], [ -82.995563, 42.407863 ], [ -82.995098, 42.408576 ], [ -82.994613, 42.40932 ], [ -82.993985, 42.410285 ], [ -82.993229, 42.411439 ], [ -82.992777, 42.412128 ], [ -82.992475, 42.41259 ], [ -82.992113, 42.413142 ], [ -82.991102, 42.414682 ], [ -82.990227, 42.416022 ], [ -82.989482, 42.417154 ], [ -82.989157, 42.417651 ], [ -82.988811, 42.418183 ], [ -82.988706, 42.418344 ], [ -82.988236, 42.41906 ], [ -82.988056, 42.419337 ], [ -82.987699, 42.419887 ], [ -82.987381, 42.42037 ], [ -82.985154, 42.420417 ], [ -82.984959, 42.420422 ], [ -82.983607, 42.420453 ], [ -82.9836, 42.419658 ], [ -82.983586, 42.418835 ], [ -82.983589, 42.418746 ], [ -82.983175, 42.418075 ], [ -82.982623, 42.417225 ], [ -82.981992, 42.416268 ], [ -82.98175, 42.4159 ], [ -82.981523, 42.415553 ], [ -82.981046, 42.414823 ], [ -82.98045, 42.413884 ], [ -82.979883, 42.412989 ], [ -82.979356, 42.412158 ], [ -82.982041, 42.411225 ], [ -82.984749, 42.410283 ], [ -82.987563, 42.409304 ], [ -82.990379, 42.408326 ], [ -82.993413, 42.407272 ], [ -82.995923, 42.406399 ], [ -82.995997, 42.406389 ], [ -82.996071, 42.406392 ], [ -82.996227, 42.406435 ], [ -82.996448, 42.406515 ] ] ] } },
{ "type": "Feature", "properties": { "GEOID": "261635040002", "NAME": "15000US261635040002", "population": 554, "acs_year": "2020-2024", "ALAND": 308027, "AWATER": 0, "walk_minutes": 13.558291402965676, "access_bin": "<= 15 min", "within_15": true, "tract": "26163504000" }, "geometry": { "type": "Polygon", "coordinates": [ [ [ -82.979809, 42.418215 ], [ -82.977114, 42.419162 ], [ -82.974414, 42.42011 ], [ -82.973788, 42.419153 ], [ -82.973561, 42.418808 ], [ -82.973318, 42.418436 ], [ -82.97284, 42.417707 ], [ -82.972228, 42.416761 ], [ -82.971651, 42.415861 ], [ -82.971097, 42.414994 ], [ -82.971235, 42.414974 ], [ -82.973826, 42.414077 ], [ -82.976536, 42.413137 ], [ -82.977064, 42.413971 ], [ -82.977633, 42.41487 ], [ -82.978232, 42.415811 ], [ -82.978709, 42.41654 ], [ -82.978931, 42.416877 ], [ -82.97918, 42.417256 ], [ -82.979809, 42.418215 ] ] ] } },
{ "type": "Feature", "properties": { "GEOID": "261635041002", "NAME": "15000US261635041002", "population": 574, "acs_year": "2020-2024", "ALAND": 438840, "AWATER": 0, "walk_minutes": 10.049272479746607, "access_bin": "<= 15 min", "within_15": true, "tract": "26163504100" }, "geometry": { "type": "Polygon", "coordinates": [ [ [ -82.974488, 42.420666 ], [ -82.972399, 42.420691 ], [ -82.97165, 42.420701 ], [ -82.969936, 42.42072 ], [ -82.967527, 42.420747 ], [ -82.965036, 42.420775 ], [ -82.963912, 42.42078 ], [ -82.96375, 42.420785 ], [ -82.963458, 42.420815 ], [ -82.963792, 42.42037 ], [ -82.964087, 42.419982 ], [ -82.964349, 42.419637 ], [ -82.964954, 42.418842 ], [ -82.964932, 42.418358 ], [ -82.964895, 42.417515 ], [ -82.964859, 42.416666 ], [ -82.964823, 42.415836 ], [ -82.964776, 42.414802 ], [ -82.964892, 42.414813 ], [ -82.967046, 42.414891 ], [ -82.970912, 42.415021 ], [ -82.971097, 42.414994 ], [ -82.971651, 42.415861 ], [ -82.972228, 42.416761 ], [ -82.97284, 42.417707 ], [ -82.973318, 42.418436 ], [ -82.973561, 42.418808 ], [ -82.973788, 42.419153 ], [ -82.974414, 42.42011 ], [ -82.974821, 42.420658 ], [ -82.974488, 42.420666 ] ] ] } },
{ "type": "Feature", "properties": { "GEOID": "261635052001", "NAME": "15000US261635052001", "population": 939, "acs_year": "2020-2024", "ALAND": 527123, "AWATER": 0, "walk_minutes": 15.971787328347464, "access_bin": "<= 20 min", "within_15": false, "tract": "26163505200" }, "geometry": { "type": "Polygon", "coordinates": [ [ [ -83.00738, 42.412725 ], [ -83.005555, 42.413369 ], [ -83.003351, 42.414146 ], [ -83.0005, 42.415152 ], [ -82.999998, 42.415324 ], [ -82.999531, 42.414597 ], [ -82.999053, 42.413851 ], [ -82.998578, 42.413109 ], [ -82.998106, 42.412371 ], [ -82.997647, 42.411652 ], [ -82.997189, 42.410936 ], [ -82.996924, 42.410523 ], [ -82.996727, 42.410214 ], [ -82.996499, 42.409856 ], [ -82.996266, 42.409504 ], [ -82.995879, 42.408928 ], [ -82.995803, 42.408856 ], [ -82.995729, 42.408807 ], [ -82.995669, 42.408782 ], [ -82.995098, 42.408576 ], [ -82.995563, 42.407863 ], [ -82.996448, 42.406515 ], [ -82.996566, 42.406335 ], [ -82.997504, 42.404909 ], [ -82.998843, 42.405947 ], [ -82.99905, 42.406107 ], [ -82.999632, 42.406558 ], [ -83.00043, 42.407173 ], [ -83.001196, 42.407768 ], [ -83.002755, 42.408977 ], [ -83.003534, 42.409579 ], [ -83.00432, 42.410186 ], [ -83.005116, 42.410805 ], [ -83.005392, 42.411019 ], [ -83.00591, 42.411439 ], [ -83.006096, 42.41159 ], [ -83.006654, 42.412077 ], [ -83.007215, 42.412571 ], [ -83.00738, 42.412725 ] ] ] } },
{ "type": "Feature", "properties": { "GEOID": "261635062001", "NAME": "15000US261635062001", "population": 2286, "acs_year": "2020-2024", "ALAND": 983483, "AWATER": 0, "walk_minutes": 7.1950237755110447, "access_bin": "<= 10 min", "within_15": true, "tract": "26163506200" }, "geometry": { "type": "Polygon", "coordinates": [ [ [ -83.039193, 42.440824 ], [ -83.038811, 42.440843 ], [ -83.038612, 42.440887 ], [ -83.038407, 42.440919 ], [ -83.038019, 42.4409 ], [ -83.036707, 42.440927 ], [ -83.034993, 42.441018 ], [ -83.034298, 42.44112 ], [ -83.03401, 42.441131 ], [ -83.033073, 42.441151 ], [ -83.031848, 42.441178 ], [ -83.030978, 42.441197 ], [ -83.030625, 42.441204 ], [ -83.029929, 42.441219 ], [ -83.029402, 42.441231 ], [ -83.028812, 42.441245 ], [ -83.028165, 42.44126 ], [ -83.02766, 42.44127 ], [ -83.026941, 42.441283 ], [ -83.026545, 42.441292 ], [ -83.025775, 42.44131 ], [ -83.02487, 42.441329 ], [ -83.024501, 42.441341 ], [ -83.024493, 42.441133 ], [ -83.024462, 42.440292 ], [ -83.024438, 42.439527 ], [ -83.024419, 42.438854 ], [ -83.024416, 42.438776 ], [ -83.024388, 42.437973 ], [ -83.024362, 42.437183 ], [ -83.024321, 42.436006 ], [ -83.024308, 42.435604 ], [ -83.024284, 42.434812 ], [ -83.024257, 42.43397 ], [ -83.025274, 42.433949 ], [ -83.026267, 42.433927 ], [ -83.027305, 42.433908 ], [ -83.027546, 42.433902 ], [ -83.028533, 42.433881 ], [ -83.029268, 42.433867 ], [ -83.029691, 42.433859 ], [ -83.030506, 42.433842 ], [ -83.030744, 42.433838 ], [ -83.031666, 42.433821 ], [ -83.03184, 42.433815 ], [ -83.032837, 42.433795 ], [ -83.034046, 42.433768 ], [ -83.035135, 42.433747 ], [ -83.036356, 42.433721 ], [ -83.03703, 42.433707 ], [ -83.03779, 42.433699 ], [ -83.038273, 42.433695 ], [ -83.038948, 42.433682 ], [ -83.039019, 42.435703 ], [ -83.039073, 42.437318 ], [ -83.039115, 42.438544 ], [ -83.039193, 42.440824 ] ] ] } },
{ "type": "Feature", "properties": { "GEOID": "261635063001", "NAME": "15000US261635063001", "population": 1097, "acs_year": "2020-2024", "ALAND": 972776, "AWATER": 0, "walk_minutes": 5.0628110507241901, "access_bin": "<= 10 min", "within_15": true, "tract": "26163506300" }, "geometry": { "type": "Polygon", "coordinates": [ [ [ -83.038948, 42.433682 ], [ -83.038273, 42.433695 ], [ -83.03779, 42.433699 ], [ -83.03703, 42.433707 ], [ -83.036356, 42.433721 ], [ -83.035135, 42.433747 ], [ -83.034046, 42.433768 ], [ -83.032837, 42.433795 ], [ -83.03184, 42.433815 ], [ -83.031666, 42.433821 ], [ -83.030744, 42.433838 ], [ -83.030506, 42.433842 ], [ -83.029691, 42.433859 ], [ -83.029268, 42.433867 ], [ -83.028533, 42.433881 ], [ -83.027546, 42.433902 ], [ -83.027305, 42.433908 ], [ -83.026267, 42.433927 ], [ -83.025274, 42.433949 ], [ -83.024257, 42.43397 ], [ -83.024228, 42.433212 ], [ -83.024222, 42.433048 ], [ -83.024201, 42.432492 ], [ -83.024189, 42.432165 ], [ -83.024174, 42.431758 ], [ -83.02415, 42.43114 ], [ -83.024146, 42.431029 ], [ -83.024121, 42.430323 ], [ -83.024092, 42.42957 ], [ -83.024089, 42.429474 ], [ -83.024062, 42.428784 ], [ -83.024058, 42.428697 ], [ -83.024033, 42.428016 ], [ -83.024024, 42.427791 ], [ -83.024, 42.427152 ], [ -83.023984, 42.426735 ], [ -83.027269, 42.426664 ], [ -83.028157, 42.426647 ], [ -83.029692, 42.426618 ], [ -83.030269, 42.426602 ], [ -83.031389, 42.426574 ], [ -83.03248, 42.426549 ], [ -83.033529, 42.426527 ], [ -83.036002, 42.426468 ], [ -83.037274, 42.426439 ], [ -83.038639, 42.426403 ], [ -83.038707, 42.427966 ], [ -83.038737, 42.428669 ], [ -83.038795, 42.430045 ], [ -83.038875, 42.431831 ], [ -83.038948, 42.433682 ] ] ] } },
{ "type": "Feature", "properties": { "GEOID": "261635063002", "NAME": "15000US261635063002", "population": 801, "acs_year": "2020-2024", "ALAND": 969066, "AWATER": 0, "walk_minutes": 19.014142053883315, "access_bin": "<= 20 min", "within_15": false, "tract": "26163506300" }, "geometry": { "type": "Polygon", "coordinates": [ [ [ -83.038639, 42.426403 ], [ -83.037274, 42.426439 ], [ -83.036002, 42.426468 ], [ -83.033529, 42.426527 ], [ -83.03248, 42.426549 ], [ -83.031389, 42.426574 ], [ -83.030269, 42.426602 ], [ -83.029692, 42.426618 ], [ -83.028157, 42.426647 ], [ -83.027269, 42.426664 ], [ -83.023984, 42.426735 ], [ -83.023968, 42.426308 ], [ -83.023955, 42.425937 ], [ -83.023927, 42.425168 ], [ -83.023898, 42.424399 ], [ -83.023886, 42.424056 ], [ -83.023869, 42.423603 ], [ -83.023713, 42.419506 ], [ -83.026774, 42.419441 ], [ -83.027302, 42.41943 ], [ -83.027375, 42.419428 ], [ -83.027672, 42.419421 ], [ -83.029957, 42.419367 ], [ -83.030982, 42.419341 ], [ -83.031636, 42.419324 ], [ -83.031964, 42.419316 ], [ -83.032938, 42.419293 ], [ -83.033442, 42.419281 ], [ -83.034648, 42.419253 ], [ -83.035594, 42.419232 ], [ -83.036964, 42.4192 ], [ -83.038164, 42.419173 ], [ -83.038339, 42.419169 ], [ -83.038345, 42.419321 ], [ -83.03844, 42.421712 ], [ -83.038506, 42.423264 ], [ -83.038576, 42.42484 ], [ -83.038639, 42.426403 ] ] ] } },
{ "type": "Feature", "properties": { "GEOID": "261635064001", "NAME": "15000US261635064001", "population": 956, "acs_year": "2020-2024", "ALAND": 986632, "AWATER": 0, "walk_minutes": 24.7454242167708, "access_bin": "> 20 min", "within_15": false, "tract": "26163506400" }, "geometry": { "type": "Polygon", "coordinates": [ [ [ -83.068614, 42.425834 ], [ -83.067552, 42.425834 ], [ -83.066699, 42.425846 ], [ -83.066312, 42.425851 ], [ -83.065705, 42.425859 ], [ -83.065078, 42.425868 ], [ -83.064716, 42.425874 ], [ -83.063882, 42.425882 ], [ -83.063717, 42.425885 ], [ -83.062706, 42.425901 ], [ -83.062698, 42.425772 ], [ -83.06267, 42.424646 ], [ -83.062654, 42.424013 ], [ -83.062638, 42.423302 ], [ -83.062615, 42.422407 ], [ -83.062613, 42.422355 ], [ -83.062606, 42.422082 ], [ -83.0626, 42.421808 ], [ -83.06258, 42.42094 ], [ -83.062576, 42.420806 ], [ -83.061509, 42.420828 ], [ -83.060426, 42.420847 ], [ -83.059346, 42.420867 ], [ -83.058265, 42.420887 ], [ -83.057098, 42.420908 ], [ -83.055984, 42.420929 ], [ -83.054938, 42.42095 ], [ -83.053899, 42.420971 ], [ -83.052861, 42.42099 ], [ -83.052874, 42.421882 ], [ -83.05179, 42.42186 ], [ -83.051038, 42.421898 ], [ -83.049696, 42.421953 ], [ -83.049678, 42.421967 ], [ -83.049627, 42.421981 ], [ -83.049017, 42.421993 ], [ -83.048655, 42.421989 ], [ -83.04812, 42.421992 ], [ -83.047646, 42.422006 ], [ -83.047617, 42.422 ], [ -83.047599, 42.421987 ], [ -83.047583, 42.421973 ], [ -83.047575, 42.421951 ], [ -83.047561, 42.420927 ], [ -83.047594, 42.420813 ], [ -83.046568, 42.421203 ], [ -83.045511, 42.421598 ], [ -83.043688, 42.422287 ], [ -83.04321, 42.422471 ], [ -83.043266, 42.422568 ], [ -83.043346, 42.423615 ], [ -83.043403, 42.424725 ], [ -83.043434, 42.425339 ], [ -83.043438, 42.425425 ], [ -83.043482, 42.426289 ], [ -83.043059, 42.4263 ], [ -83.042421, 42.426316 ], [ -83.041342, 42.426342 ], [ -83.04001, 42.426373 ], [ -83.038639, 42.426403 ], [ -83.038576, 42.42484 ], [ -83.038506, 42.423264 ], [ -83.03844, 42.421712 ], [ -83.038345, 42.419321 ], [ -83.038339, 42.419169 ], [ -83.03949, 42.419142 ], [ -83.040666, 42.419116 ], [ -83.041704, 42.419092 ], [ -83.041846, 42.419089 ], [ -83.042511, 42.419074 ], [ -83.043026, 42.419063 ], [ -83.044737, 42.419028 ], [ -83.045378, 42.419016 ], [ -83.045732, 42.419008 ], [ -83.046461, 42.418994 ], [ -83.046725, 42.418988 ], [ -83.047543, 42.418972 ], [ -83.047718, 42.418968 ], [ -83.048664, 42.418949 ], [ -83.049704, 42.418929 ], [ -83.050688, 42.418909 ], [ -83.05175, 42.418887 ], [ -83.05283, 42.418863 ], [ -83.053858, 42.418846 ], [ -83.054901, 42.418825 ], [ -83.055942, 42.418805 ], [ -83.057042, 42.418783 ], [ -83.058152, 42.418762 ], [ -83.059261, 42.418742 ], [ -83.060317, 42.418721 ], [ -83.061412, 42.418701 ], [ -83.062495, 42.418687 ], [ -83.063611, 42.418653 ], [ -83.064024, 42.419266 ], [ -83.0645, 42.419965 ], [ -83.06501, 42.420715 ], [ -83.065512, 42.421467 ], [ -83.065844, 42.421943 ], [ -83.065926, 42.422068 ], [ -83.065987, 42.422161 ], [ -83.066267, 42.422553 ], [ -83.066761, 42.423243 ], [ -83.067153, 42.423789 ], [ -83.067585, 42.424395 ], [ -83.067993, 42.424967 ], [ -83.068614, 42.425834 ] ] ] } },
{ "type": "Feature", "properties": { "GEOID": "261635064002", "NAME": "15000US261635064002", "population": 430, "acs_year": "2020-2024", "ALAND": 837834, "AWATER": 0, "walk_minutes": 33.507024769777225, "access_bin": "> 20 min", "within_15": false, "tract": "26163506400" }, "geometry": { "type": "Polygon", "coordinates": [ [ [ -83.062706, 42.425901 ], [ -83.061634, 42.425925 ], [ -83.060553, 42.425949 ], [ -83.059471, 42.425972 ], [ -83.058391, 42.425997 ], [ -83.058116, 42.426002 ], [ -83.057842, 42.426008 ], [ -83.057268, 42.426018 ], [ -83.05714, 42.42602 ], [ -83.055165, 42.426054 ], [ -83.05504, 42.426056 ], [ -83.053025, 42.426091 ], [ -83.052001, 42.426112 ], [ -83.050981, 42.426133 ], [ -83.04996, 42.426155 ], [ -83.048937, 42.426175 ], [ -83.047857, 42.426197 ], [ -83.047319, 42.426208 ], [ -83.046782, 42.42622 ], [ -83.045708, 42.426242 ], [ -83.044635, 42.426264 ], [ -83.043482, 42.426289 ], [ -83.043438, 42.425425 ], [ -83.043434, 42.425339 ], [ -83.043403, 42.424725 ], [ -83.043346, 42.423615 ], [ -83.043266, 42.422568 ], [ -83.04321, 42.422471 ], [ -83.043688, 42.422287 ], [ -83.045511, 42.421598 ], [ -83.046568, 42.421203 ], [ -83.047594, 42.420813 ], [ -83.047561, 42.420927 ], [ -83.047575, 42.421951 ], [ -83.047583, 42.421973 ], [ -83.047599, 42.421987 ], [ -83.047617, 42.422 ], [ -83.047646, 42.422006 ], [ -83.04812, 42.421992 ], [ -83.048655, 42.421989 ], [ -83.049017, 42.421993 ], [ -83.049627, 42.421981 ], [ -83.049678, 42.421967 ], [ -83.049696, 42.421953 ], [ -83.051038, 42.421898 ], [ -83.05179, 42.42186 ], [ -83.052874, 42.421882 ], [ -83.052861, 42.42099 ], [ -83.053899, 42.420971 ], [ -83.054938, 42.42095 ], [ -83.055984, 42.420929 ], [ -83.057098, 42.420908 ], [ -83.058265, 42.420887 ], [ -83.059346, 42.420867 ], [ -83.060426, 42.420847 ], [ -83.061509, 42.420828 ], [ -83.062576, 42.420806 ], [ -83.06258, 42.42094 ], [ -83.0626, 42.421808 ], [ -83.062606, 42.422082 ], [ -83.062613, 42.422355 ], [ -83.062615, 42.422407 ], [ -83.062638, 42.423302 ], [ -83.062654, 42.424013 ], [ -83.06267, 42.424646 ], [ -83.062698, 42.425772 ], [ -83.062706, 42.425901 ] ] ] } },
{ "type": "Feature", "properties": { "GEOID": "261635066001", "NAME": "15000US261635066001", "population": 1835, "acs_year": "2020-2024", "ALAND": 708476, "AWATER": 0, "walk_minutes": 26.396966350675129, "access_bin": "> 20 min", "within_15": false, "tract": "26163506600" }, "geometry": { "type": "Polygon", "coordinates": [ [ [ -83.058167, 42.440436 ], [ -83.05718, 42.440456 ], [ -83.056191, 42.440475 ], [ -83.055702, 42.440478 ], [ -83.055209, 42.440487 ], [ -83.054225, 42.440506 ], [ -83.05364, 42.440519 ], [ -83.052985, 42.440532 ], [ -83.05263, 42.440542 ], [ -83.052371, 42.440549 ], [ -83.051467, 42.440567 ], [ -83.050478, 42.440585 ], [ -83.049408, 42.440604 ], [ -83.048324, 42.440628 ], [ -83.047275, 42.440649 ], [ -83.047197, 42.438384 ], [ -83.047114, 42.436016 ], [ -83.047103, 42.435706 ], [ -83.047076, 42.434863 ], [ -83.047027, 42.43349 ], [ -83.047121, 42.433488 ], [ -83.048076, 42.433466 ], [ -83.048202, 42.433463 ], [ -83.049112, 42.433442 ], [ -83.049234, 42.433439 ], [ -83.050229, 42.433411 ], [ -83.050465, 42.433405 ], [ -83.051276, 42.433394 ], [ -83.05145, 42.43339 ], [ -83.052296, 42.433368 ], [ -83.052691, 42.433359 ], [ -83.05332, 42.433344 ], [ -83.053793, 42.433334 ], [ -83.054361, 42.433321 ], [ -83.05478, 42.433312 ], [ -83.055404, 42.433298 ], [ -83.055768, 42.43329 ], [ -83.056453, 42.433275 ], [ -83.056749, 42.433269 ], [ -83.057643, 42.433251 ], [ -83.057721, 42.433248 ], [ -83.057885, 42.435811 ], [ -83.058028, 42.438167 ], [ -83.058167, 42.440436 ] ] ] } },
{ "type": "Feature", "properties": { "GEOID": "261635066002", "NAME": "15000US261635066002", "population": 1009, "acs_year": "2020-2024", "ALAND": 528444, "AWATER": 0, "walk_minutes": 15.503106014560844, "access_bin": "<= 20 min", "within_15": false, "tract": "26163506600" }, "geometry": { "type": "Polygon", "coordinates": [ [ [ -83.047275, 42.440649 ], [ -83.046223, 42.440671 ], [ -83.045173, 42.440693 ], [ -83.044059, 42.440716 ], [ -83.043701, 42.440723 ], [ -83.042953, 42.440739 ], [ -83.041725, 42.440765 ], [ -83.040477, 42.440791 ], [ -83.039578, 42.440809 ], [ -83.039193, 42.440824 ], [ -83.039115, 42.438544 ], [ -83.039073, 42.437318 ], [ -83.039019, 42.435703 ], [ -83.038948, 42.433682 ], [ -83.040187, 42.433651 ], [ -83.040356, 42.433645 ], [ -83.041473, 42.433615 ], [ -83.041658, 42.433611 ], [ -83.042718, 42.433589 ], [ -83.043392, 42.433575 ], [ -83.043823, 42.433565 ], [ -83.04495, 42.433537 ], [ -83.046016, 42.433514 ], [ -83.047027, 42.43349 ], [ -83.047076, 42.434863 ], [ -83.047103, 42.435706 ], [ -83.047114, 42.436016 ], [ -83.047197, 42.438384 ], [ -83.047275, 42.440649 ] ] ] } },
{ "type": "Feature", "properties": { "GEOID": "261635067001", "NAME": "15000US261635067001", "population": 1196, "acs_year": "2020-2024", "ALAND": 935172, "AWATER": 0, "walk_minutes": 29.865061941958622, "access_bin": "> 20 min", "within_15": false, "tract": "26163506700" }, "geometry": { "type": "Polygon", "coordinates": [ [ [ -83.054057, 42.447507 ], [ -83.053894, 42.447511 ], [ -83.053747, 42.447514 ], [ -83.053495, 42.447521 ], [ -83.053474, 42.447521 ], [ -83.052984, 42.447533 ], [ -83.052532, 42.447544 ], [ -83.052417, 42.447547 ], [ -83.052263, 42.447551 ], [ -83.051872, 42.447561 ], [ -83.051496, 42.447571 ], [ -83.051279, 42.447576 ], [ -83.051061, 42.447581 ], [ -83.050728, 42.447589 ], [ -83.050398, 42.447596 ], [ -83.049831, 42.447608 ], [ -83.049726, 42.44761 ], [ -83.049473, 42.447617 ], [ -83.048693, 42.44764 ], [ -83.048669, 42.447641 ], [ -83.047616, 42.447663 ], [ -83.04757, 42.447664 ], [ -83.046991, 42.447678 ], [ -83.046554, 42.447689 ], [ -83.046472, 42.447691 ], [ -83.04618, 42.447701 ], [ -83.046081, 42.447704 ], [ -83.045485, 42.447724 ], [ -83.045398, 42.447727 ], [ -83.044282, 42.447765 ], [ -83.044119, 42.447768 ], [ -83.043959, 42.447772 ], [ -83.043946, 42.447772 ], [ -83.043426, 42.447785 ], [ -83.042895, 42.447798 ], [ -83.042272, 42.447814 ], [ -83.042193, 42.447816 ], [ -83.04194, 42.447822 ], [ -83.040188, 42.447861 ], [ -83.039417, 42.447874 ], [ -83.039381, 42.44625 ], [ -83.039369, 42.445406 ], [ -83.039317, 42.444138 ], [ -83.039201, 42.441013 ], [ -83.039193, 42.440824 ], [ -83.039578, 42.440809 ], [ -83.040477, 42.440791 ], [ -83.041725, 42.440765 ], [ -83.042953, 42.440739 ], [ -83.043701, 42.440723 ], [ -83.044059, 42.440716 ], [ -83.045173, 42.440693 ], [ -83.046223, 42.440671 ], [ -83.047275, 42.440649 ], [ -83.048324, 42.440628 ], [ -83.049408, 42.440604 ], [ -83.050478, 42.440585 ], [ -83.051467, 42.440567 ], [ -83.052371, 42.440549 ], [ -83.05263, 42.440542 ], [ -83.052985, 42.440532 ], [ -83.05364, 42.440519 ], [ -83.053688, 42.440727 ], [ -83.053783, 42.442429 ], [ -83.053885, 42.444242 ], [ -83.053987, 42.446051 ], [ -83.054057, 42.447507 ] ] ] } },
{ "type": "Feature", "properties": { "GEOID": "261635081002", "NAME": "15000US261635081002", "population": 757, "acs_year": "2020-2024", "ALAND": 583181, "AWATER": 0, "walk_minutes": 29.273797740666751, "access_bin": "> 20 min", "within_15": false, "tract": "26163508100" }, "geometry": { "type": "Polygon", "coordinates": [ [ [ -83.105037, 42.439499 ], [ -83.103767, 42.439511 ], [ -83.102591, 42.439526 ], [ -83.101522, 42.439555 ], [ -83.100437, 42.439588 ], [ -83.099354, 42.43962 ], [ -83.098268, 42.439654 ], [ -83.097198, 42.439688 ], [ -83.096176, 42.439716 ], [ -83.095582, 42.439733 ], [ -83.095421, 42.439738 ], [ -83.095272, 42.439742 ], [ -83.095199, 42.439744 ], [ -83.095194, 42.439424 ], [ -83.095181, 42.439113 ], [ -83.095108, 42.437361 ], [ -83.095094, 42.436522 ], [ -83.095037, 42.434869 ], [ -83.094988, 42.433448 ], [ -83.094954, 42.432769 ], [ -83.094924, 42.432473 ], [ -83.095354, 42.432457 ], [ -83.095965, 42.432434 ], [ -83.096544, 42.432413 ], [ -83.096986, 42.432396 ], [ -83.098065, 42.432366 ], [ -83.099147, 42.432341 ], [ -83.100233, 42.432326 ], [ -83.100617, 42.432318 ], [ -83.100931, 42.432312 ], [ -83.102437, 42.434161 ], [ -83.102872, 42.434694 ], [ -83.103576, 42.435556 ], [ -83.104129, 42.436234 ], [ -83.104732, 42.436972 ], [ -83.106768, 42.439481 ], [ -83.105037, 42.439499 ] ] ] } },
{ "type": "Feature", "properties": { "GEOID": "261635142002", "NAME": "15000US261635142002", "population": 406, "acs_year": "2020-2024", "ALAND": 519439, "AWATER": 0, "walk_minutes": 14.549454849511854, "access_bin": "<= 15 min", "within_15": true, "tract": "26163514200" }, "geometry": { "type": "Polygon", "coordinates": [ [ [ -83.010489, 42.385175 ], [ -83.009893, 42.386076 ], [ -83.009287, 42.386992 ], [ -83.008999, 42.387428 ], [ -83.008703, 42.387875 ], [ -83.008415, 42.388311 ], [ -83.007952, 42.389015 ], [ -83.007694, 42.389408 ], [ -83.007568, 42.389599 ], [ -83.007085, 42.390326 ], [ -83.006937, 42.39023 ], [ -83.006739, 42.389949 ], [ -83.006374, 42.389431 ], [ -83.005455, 42.388127 ], [ -83.00528, 42.387878 ], [ -83.004885, 42.387316 ], [ -83.004443, 42.386693 ], [ -83.003963, 42.386011 ], [ -83.003747, 42.385701 ], [ -83.003487, 42.385331 ], [ -83.003008, 42.38465 ], [ -83.002528, 42.383969 ], [ -83.002049, 42.383288 ], [ -83.001515, 42.382529 ], [ -83.00098, 42.381766 ], [ -83.000349, 42.38087 ], [ -83.000446, 42.38081 ], [ -83.000715, 42.380668 ], [ -83.001367, 42.380413 ], [ -83.002403, 42.380016 ], [ -83.003373, 42.379643 ], [ -83.004823, 42.379066 ], [ -83.005789, 42.378681 ], [ -83.00664, 42.379849 ], [ -83.007557, 42.381122 ], [ -83.008395, 42.382278 ], [ -83.009041, 42.383153 ], [ -83.009284, 42.383496 ], [ -83.009338, 42.383578 ], [ -83.010346, 42.384971 ], [ -83.010489, 42.385175 ] ] ] } },
{ "type": "Feature", "properties": { "GEOID": "261635142001", "NAME": "15000US261635142001", "population": 1337, "acs_year": "2020-2024", "ALAND": 462858, "AWATER": 0, "walk_minutes": 15.448876857134765, "access_bin": "<= 20 min", "within_15": false, "tract": "26163514200" }, "geometry": { "type": "Polygon", "coordinates": [ [ [ -83.017697, 42.374297 ], [ -83.017234, 42.374996 ], [ -83.016599, 42.375955 ], [ -83.015934, 42.376956 ], [ -83.015312, 42.377887 ], [ -83.014688, 42.378823 ], [ -83.014082, 42.379738 ], [ -83.013478, 42.380652 ], [ -83.012879, 42.381558 ], [ -83.012278, 42.38247 ], [ -83.011678, 42.383379 ], [ -83.011076, 42.384288 ], [ -83.010489, 42.385175 ], [ -83.010346, 42.384971 ], [ -83.009338, 42.383578 ], [ -83.009284, 42.383496 ], [ -83.009041, 42.383153 ], [ -83.008395, 42.382278 ], [ -83.007557, 42.381122 ], [ -83.00664, 42.379849 ], [ -83.005789, 42.378681 ], [ -83.006746, 42.378301 ], [ -83.007722, 42.377912 ], [ -83.008698, 42.377524 ], [ -83.009679, 42.377133 ], [ -83.010656, 42.376743 ], [ -83.011632, 42.376355 ], [ -83.012409, 42.376044 ], [ -83.012615, 42.375968 ], [ -83.013688, 42.375573 ], [ -83.014761, 42.375182 ], [ -83.015827, 42.374794 ], [ -83.016339, 42.37461 ], [ -83.016854, 42.374418 ], [ -83.017866, 42.374041 ], [ -83.017697, 42.374297 ] ] ] } },
{ "type": "Feature", "properties": { "GEOID": "261635160002", "NAME": "15000US261635160002", "population": 897, "acs_year": "2020-2024", "ALAND": 827083, "AWATER": 0, "walk_minutes": 15.872990968333919, "access_bin": "<= 20 min", "within_15": false, "tract": "26163516000" }, "geometry": { "type": "Polygon", "coordinates": [ [ [ -83.018738, 42.372728 ], [ -83.018564, 42.372992 ], [ -83.018179, 42.373569 ], [ -83.017866, 42.374041 ], [ -83.016854, 42.374418 ], [ -83.016339, 42.37461 ], [ -83.015827, 42.374794 ], [ -83.014761, 42.375182 ], [ -83.013688, 42.375573 ], [ -83.012615, 42.375968 ], [ -83.011593, 42.374557 ], [ -83.011106, 42.373884 ], [ -83.010583, 42.373162 ], [ -83.010078, 42.372467 ], [ -83.009642, 42.371862 ], [ -83.009518, 42.371907 ], [ -83.007684, 42.37264 ], [ -83.007101, 42.371836 ], [ -83.006613, 42.371162 ], [ -83.006091, 42.370439 ], [ -83.004153, 42.367761 ], [ -83.005138, 42.367364 ], [ -83.006106, 42.366978 ], [ -83.007078, 42.366614 ], [ -83.007415, 42.366489 ], [ -83.007809, 42.366343 ], [ -83.008721, 42.366004 ], [ -83.009692, 42.365649 ], [ -83.010592, 42.365321 ], [ -83.010793, 42.365247 ], [ -83.011702, 42.364914 ], [ -83.011829, 42.364867 ], [ -83.012385, 42.364662 ], [ -83.013055, 42.364417 ], [ -83.013148, 42.364383 ], [ -83.01324, 42.364348 ], [ -83.013698, 42.365017 ], [ -83.014751, 42.366616 ], [ -83.016549, 42.36934 ], [ -83.017928, 42.37143 ], [ -83.018663, 42.372543 ], [ -83.018738, 42.372728 ] ] ] } },
{ "type": "Feature", "properties": { "GEOID": "261635152002", "NAME": "15000US261635152002", "population": 717, "acs_year": "2020-2024", "ALAND": 446301, "AWATER": 0, "walk_minutes": 23.099254411493995, "access_bin": "> 20 min", "within_15": false, "tract": "26163515200" }, "geometry": { "type": "Polygon", "coordinates": [ [ [ -83.013148, 42.364383 ], [ -83.013055, 42.364417 ], [ -83.012385, 42.364662 ], [ -83.011829, 42.364867 ], [ -83.011702, 42.364914 ], [ -83.010793, 42.365247 ], [ -83.010592, 42.365321 ], [ -83.009692, 42.365649 ], [ -83.008721, 42.366004 ], [ -83.007809, 42.366343 ], [ -83.007415, 42.366489 ], [ -83.007078, 42.366614 ], [ -83.006106, 42.366978 ], [ -83.005138, 42.367364 ], [ -83.004153, 42.367761 ], [ -83.002732, 42.365785 ], [ -83.001716, 42.364375 ], [ -83.001147, 42.363588 ], [ -83.002124, 42.363203 ], [ -83.003105, 42.362814 ], [ -83.004017, 42.362451 ], [ -83.004852, 42.362135 ], [ -83.005886, 42.361758 ], [ -83.00682, 42.36142 ], [ -83.007761, 42.361079 ], [ -83.008876, 42.360674 ], [ -83.009506, 42.360445 ], [ -83.009685, 42.36038 ], [ -83.010434, 42.360109 ], [ -83.01135, 42.361498 ], [ -83.011921, 42.362356 ], [ -83.012027, 42.362453 ], [ -83.012057, 42.362491 ], [ -83.012553, 42.36324 ], [ -83.01324, 42.364348 ], [ -83.013148, 42.364383 ] ] ] } },
{ "type": "Feature", "properties": { "GEOID": "261635153001", "NAME": "15000US261635153001", "population": 2088, "acs_year": "2020-2024", "ALAND": 533246, "AWATER": 0, "walk_minutes": 14.384357196798408, "access_bin": "<= 15 min", "within_15": true, "tract": "26163515300" }, "geometry": { "type": "Polygon", "coordinates": [ [ [ -83.006622, 42.355908 ], [ -83.005909, 42.356166 ], [ -83.004759, 42.356586 ], [ -83.003816, 42.356928 ], [ -83.002884, 42.357266 ], [ -83.00176, 42.357674 ], [ -83.00125, 42.357861 ], [ -82.999918, 42.358389 ], [ -82.998936, 42.358777 ], [ -82.998603, 42.358909 ], [ -82.997329, 42.357138 ], [ -82.996844, 42.356467 ], [ -82.996124, 42.355465 ], [ -82.994911, 42.353726 ], [ -82.995072, 42.353662 ], [ -82.995234, 42.353599 ], [ -82.996222, 42.353252 ], [ -82.997555, 42.352762 ], [ -82.998302, 42.352493 ], [ -82.999424, 42.352084 ], [ -83.000384, 42.351736 ], [ -83.001331, 42.351392 ], [ -83.002477, 42.350975 ], [ -83.003195, 42.350704 ], [ -83.004024, 42.350393 ], [ -83.005154, 42.352104 ], [ -83.006144, 42.353602 ], [ -83.006269, 42.353792 ], [ -83.007463, 42.355604 ], [ -83.006622, 42.355908 ] ] ] } },
{ "type": "Feature", "properties": { "GEOID": "261635153002", "NAME": "15000US261635153002", "population": 1174, "acs_year": "2020-2024", "ALAND": 261877, "AWATER": 0, "walk_minutes": 13.039269286579142, "access_bin": "<= 15 min", "within_15": true, "tract": "26163515300" }, "geometry": { "type": "Polygon", "coordinates": [ [ [ -83.003195, 42.350704 ], [ -83.002477, 42.350975 ], [ -83.001331, 42.351392 ], [ -83.000384, 42.351736 ], [ -82.999424, 42.352084 ], [ -82.998302, 42.352493 ], [ -82.997555, 42.352762 ], [ -82.996222, 42.353252 ], [ -82.995234, 42.353599 ], [ -82.995072, 42.353662 ], [ -82.994911, 42.353726 ], [ -82.9946, 42.353246 ], [ -82.994494, 42.353107 ], [ -82.99432, 42.352878 ], [ -82.994268, 42.352766 ], [ -82.99432, 42.352712 ], [ -82.994523, 42.352646 ], [ -82.994025, 42.351953 ], [ -82.994326, 42.351757 ], [ -82.994881, 42.351398 ], [ -82.996505, 42.35035 ], [ -82.996761, 42.350185 ], [ -82.997733, 42.349557 ], [ -82.998471, 42.349056 ], [ -82.999383, 42.348459 ], [ -83.00042, 42.347868 ], [ -83.001777, 42.347287 ], [ -83.002079, 42.347158 ], [ -83.002559, 42.347895 ], [ -83.002682, 42.348075 ], [ -83.002776, 42.348251 ], [ -83.002918, 42.348658 ], [ -83.004024, 42.350393 ], [ -83.003195, 42.350704 ] ] ] } },
{ "type": "Feature", "properties": { "GEOID": "261635154001", "NAME": "15000US261635154001", "population": 503, "acs_year": "2020-2024", "ALAND": 493004, "AWATER": 0, "walk_minutes": 16.278364651590014, "access_bin": "<= 20 min", "within_15": false, "tract": "26163515400" }, "geometry": { "type": "Polygon", "coordinates": [ [ [ -83.004085, 42.367784 ], [ -83.003363, 42.368081 ], [ -83.003203, 42.368145 ], [ -83.002201, 42.368546 ], [ -83.001925, 42.368657 ], [ -83.001227, 42.368938 ], [ -83.000485, 42.369236 ], [ -83.00025, 42.369331 ], [ -82.999297, 42.369714 ], [ -82.999208, 42.369611 ], [ -82.99785, 42.367731 ], [ -82.99635, 42.365643 ], [ -82.996275, 42.365517 ], [ -82.996186, 42.365367 ], [ -82.996091, 42.36523 ], [ -82.994599, 42.36316 ], [ -82.993108, 42.361087 ], [ -82.994281, 42.360622 ], [ -82.995727, 42.360051 ], [ -82.997173, 42.359476 ], [ -82.997938, 42.359172 ], [ -82.998011, 42.359234 ], [ -82.998468, 42.359868 ], [ -82.999452, 42.361236 ], [ -83.001147, 42.363588 ], [ -83.001716, 42.364375 ], [ -83.002732, 42.365785 ], [ -83.004153, 42.367761 ], [ -83.004085, 42.367784 ] ] ] } },
{ "type": "Feature", "properties": { "GEOID": "261635443002", "NAME": "15000US261635443002", "population": 1802, "acs_year": "2020-2024", "ALAND": 1270130, "AWATER": 0, "walk_minutes": 29.135644080192581, "access_bin": "> 20 min", "within_15": false, "tract": "26163544300" }, "geometry": { "type": "Polygon", "coordinates": [ [ [ -83.276967, 42.414535 ], [ -83.274905, 42.414576 ], [ -83.272349, 42.414626 ], [ -83.269902, 42.414671 ], [ -83.268986, 42.414691 ], [ -83.266994, 42.414724 ], [ -83.266847, 42.414724 ], [ -83.26632, 42.414727 ], [ -83.266215, 42.414626 ], [ -83.266122, 42.414525 ], [ -83.266029, 42.414409 ], [ -83.265968, 42.414318 ], [ -83.2659, 42.414193 ], [ -83.265858, 42.414096 ], [ -83.265777, 42.413826 ], [ -83.265743, 42.413681 ], [ -83.265706, 42.413438 ], [ -83.265703, 42.413277 ], [ -83.265715, 42.413114 ], [ -83.265745, 42.412944 ], [ -83.26581, 42.412838 ], [ -83.265861, 42.41277 ], [ -83.265897, 42.412732 ], [ -83.265947, 42.41269 ], [ -83.265996, 42.412658 ], [ -83.266108, 42.412603 ], [ -83.266233, 42.412567 ], [ -83.267034, 42.412441 ], [ -83.2672, 42.412433 ], [ -83.267146, 42.411158 ], [ -83.267076, 42.409674 ], [ -83.26706, 42.409112 ], [ -83.267008, 42.407941 ], [ -83.266977, 42.406976 ], [ -83.26692, 42.405669 ], [ -83.266838, 42.403863 ], [ -83.266761, 42.402041 ], [ -83.266676, 42.40024 ], [ -83.267884, 42.400217 ], [ -83.269037, 42.400203 ], [ -83.26921, 42.400201 ], [ -83.269878, 42.400136 ], [ -83.270101, 42.400102 ], [ -83.270648, 42.400019 ], [ -83.270874, 42.399996 ], [ -83.271057, 42.399978 ], [ -83.271548, 42.399967 ], [ -83.27166, 42.399964 ], [ -83.271785, 42.399962 ], [ -83.272117, 42.399955 ], [ -83.272368, 42.399958 ], [ -83.272529, 42.399974 ], [ -83.273319, 42.400058 ], [ -83.273787, 42.400105 ], [ -83.274695, 42.400109 ], [ -83.27522, 42.400106 ], [ -83.275725, 42.400096 ], [ -83.275787, 42.401776 ], [ -83.275814, 42.403708 ], [ -83.275879, 42.405407 ], [ -83.275941, 42.407281 ], [ -83.276681, 42.407278 ], [ -83.276686, 42.407458 ], [ -83.276737, 42.408274 ], [ -83.276781, 42.409519 ], [ -83.276811, 42.410493 ], [ -83.276863, 42.411514 ], [ -83.276878, 42.411901 ], [ -83.276895, 42.412312 ], [ -83.276892, 42.412439 ], [ -83.276885, 42.41275 ], [ -83.276967, 42.414535 ] ] ] } },
{ "type": "Feature", "properties": { "GEOID": "261635452002", "NAME": "15000US261635452002", "population": 1552, "acs_year": "2020-2024", "ALAND": 363800, "AWATER": 0, "walk_minutes": 12.019417010306546, "access_bin": "<= 15 min", "within_15": true, "tract": "26163545200" }, "geometry": { "type": "Polygon", "coordinates": [ [ [ -83.216769, 42.372255 ], [ -83.216585, 42.372257 ], [ -83.216265, 42.37226 ], [ -83.215639, 42.372268 ], [ -83.214434, 42.372294 ], [ -83.214373, 42.369912 ], [ -83.213166, 42.369933 ], [ -83.211949, 42.369954 ], [ -83.210734, 42.369973 ], [ -83.209526, 42.369991 ], [ -83.209453, 42.367632 ], [ -83.209377, 42.365178 ], [ -83.210585, 42.365158 ], [ -83.21181, 42.365138 ], [ -83.213048, 42.365118 ], [ -83.214252, 42.365095 ], [ -83.214947, 42.365081 ], [ -83.215231, 42.365123 ], [ -83.215459, 42.365156 ], [ -83.215941, 42.365226 ], [ -83.215959, 42.365229 ], [ -83.216142, 42.365248 ], [ -83.216383, 42.36526 ], [ -83.216568, 42.365259 ], [ -83.216619, 42.368878 ], [ -83.216769, 42.372255 ] ] ] } },
{ "type": "Feature", "properties": { "GEOID": "261635455002", "NAME": "15000US261635455002", "population": 1124, "acs_year": "2020-2024", "ALAND": 449815, "AWATER": 0, "walk_minutes": 12.390080164242496, "access_bin": "<= 15 min", "within_15": true, "tract": "26163545500" }, "geometry": { "type": "Polygon", "coordinates": [ [ [ -83.216265, 42.350619 ], [ -83.21594, 42.350623 ], [ -83.215086, 42.350634 ], [ -83.214904, 42.350636 ], [ -83.214145, 42.350647 ], [ -83.213983, 42.350649 ], [ -83.212891, 42.350662 ], [ -83.2128, 42.350663 ], [ -83.212457, 42.350668 ], [ -83.211974, 42.350675 ], [ -83.211855, 42.350677 ], [ -83.21178, 42.350678 ], [ -83.210705, 42.350693 ], [ -83.210578, 42.350694 ], [ -83.209713, 42.350701 ], [ -83.209531, 42.350703 ], [ -83.209523, 42.350632 ], [ -83.20943, 42.348238 ], [ -83.209336, 42.345864 ], [ -83.209241, 42.343482 ], [ -83.209795, 42.343473 ], [ -83.210416, 42.343463 ], [ -83.21102, 42.343453 ], [ -83.211577, 42.343444 ], [ -83.212251, 42.343433 ], [ -83.212739, 42.343425 ], [ -83.213477, 42.343412 ], [ -83.213707, 42.343408 ], [ -83.214658, 42.343394 ], [ -83.214799, 42.343391 ], [ -83.215715, 42.343377 ], [ -83.215866, 42.343374 ], [ -83.216045, 42.34337 ], [ -83.216068, 42.344012 ], [ -83.216111, 42.345192 ], [ -83.21616, 42.346567 ], [ -83.216178, 42.347025 ], [ -83.216223, 42.348067 ], [ -83.216247, 42.348977 ], [ -83.216265, 42.350619 ] ] ] } },
{ "type": "Feature", "properties": { "GEOID": "261635456001", "NAME": "15000US261635456001", "population": 2156, "acs_year": "2020-2024", "ALAND": 489137, "AWATER": 0, "walk_minutes": 5.8547784679358692, "access_bin": "<= 10 min", "within_15": true, "tract": "26163545600" }, "geometry": { "type": "Polygon", "coordinates": [ [ [ -83.209795, 42.343473 ], [ -83.209241, 42.343482 ], [ -83.208576, 42.343493 ], [ -83.208064, 42.343501 ], [ -83.207358, 42.343513 ], [ -83.206908, 42.34352 ], [ -83.206165, 42.343532 ], [ -83.205648, 42.343541 ], [ -83.204868, 42.343553 ], [ -83.20465, 42.343557 ], [ -83.203642, 42.34357 ], [ -83.202402, 42.343586 ], [ -83.202381, 42.34315 ], [ -83.202254, 42.339967 ], [ -83.20211, 42.336353 ], [ -83.20335, 42.336329 ], [ -83.20458, 42.336319 ], [ -83.205886, 42.336317 ], [ -83.207067, 42.336306 ], [ -83.208288, 42.336288 ], [ -83.209507, 42.336268 ], [ -83.20965, 42.339855 ], [ -83.209795, 42.343473 ] ] ] } },
{ "type": "Feature", "properties": { "GEOID": "261635458001", "NAME": "15000US261635458001", "population": 2770, "acs_year": "2020-2024", "ALAND": 623463, "AWATER": 0, "walk_minutes": 18.976344795692849, "access_bin": "<= 20 min", "within_15": false, "tract": "26163545800" }, "geometry": { "type": "Polygon", "coordinates": [ [ [ -83.225646, 42.343278 ], [ -83.224326, 42.343292 ], [ -83.223155, 42.343305 ], [ -83.221987, 42.343317 ], [ -83.220799, 42.343327 ], [ -83.219565, 42.343338 ], [ -83.21837, 42.343348 ], [ -83.217169, 42.34336 ], [ -83.216535, 42.34336 ], [ -83.216231, 42.343366 ], [ -83.216219, 42.343043 ], [ -83.21621, 42.342474 ], [ -83.216225, 42.341157 ], [ -83.216217, 42.339892 ], [ -83.216208, 42.339741 ], [ -83.216153, 42.338826 ], [ -83.216008, 42.33714 ], [ -83.215937, 42.336128 ], [ -83.216252, 42.336124 ], [ -83.216914, 42.336117 ], [ -83.218112, 42.336101 ], [ -83.219309, 42.336085 ], [ -83.220541, 42.336069 ], [ -83.221758, 42.336053 ], [ -83.22293, 42.336037 ], [ -83.224091, 42.336021 ], [ -83.225412, 42.336003 ], [ -83.225526, 42.33964 ], [ -83.225646, 42.343278 ] ] ] } },
{ "type": "Feature", "properties": { "GEOID": "261635458003", "NAME": "15000US261635458003", "population": 643, "acs_year": "2020-2024", "ALAND": 330268, "AWATER": 0, "walk_minutes": 26.878957068943762, "access_bin": "> 20 min", "within_15": false, "tract": "26163545800" }, "geometry": { "type": "Polygon", "coordinates": [ [ [ -83.237846, 42.343086 ], [ -83.236618, 42.343104 ], [ -83.235387, 42.343126 ], [ -83.234129, 42.343145 ], [ -83.232922, 42.343165 ], [ -83.232888, 42.343055 ], [ -83.232763, 42.339528 ], [ -83.232643, 42.335897 ], [ -83.233848, 42.33588 ], [ -83.234765, 42.335864 ], [ -83.235105, 42.335834 ], [ -83.235527, 42.335807 ], [ -83.23634, 42.335786 ], [ -83.23732, 42.335742 ], [ -83.237568, 42.335736 ], [ -83.237707, 42.339448 ], [ -83.237846, 42.343086 ] ] ] } },
{ "type": "Feature", "properties": { "GEOID": "261635405002", "NAME": "15000US261635405002", "population": 609, "acs_year": "2020-2024", "ALAND": 304075, "AWATER": 0, "walk_minutes": 16.487264928805697, "access_bin": "<= 20 min", "within_15": false, "tract": "26163540500" }, "geometry": { "type": "Polygon", "coordinates": [ [ [ -83.22966, 42.42666 ], [ -83.228537, 42.426683 ], [ -83.227468, 42.426702 ], [ -83.226401, 42.42672 ], [ -83.225314, 42.426739 ], [ -83.22409, 42.426757 ], [ -83.2229, 42.426774 ], [ -83.222682, 42.426776 ], [ -83.222564, 42.426785 ], [ -83.222422, 42.426809 ], [ -83.222277, 42.426849 ], [ -83.222187, 42.426888 ], [ -83.222102, 42.426933 ], [ -83.222023, 42.426982 ], [ -83.221956, 42.427032 ], [ -83.221692, 42.426811 ], [ -83.221614, 42.426712 ], [ -83.221575, 42.426646 ], [ -83.221545, 42.426578 ], [ -83.221523, 42.426508 ], [ -83.2215, 42.426351 ], [ -83.221486, 42.426193 ], [ -83.221438, 42.42487 ], [ -83.221365, 42.422734 ], [ -83.222621, 42.422708 ], [ -83.223909, 42.422685 ], [ -83.225001, 42.422661 ], [ -83.226103, 42.422641 ], [ -83.227184, 42.422615 ], [ -83.228269, 42.422595 ], [ -83.229449, 42.422569 ], [ -83.229586, 42.424701 ], [ -83.22966, 42.42666 ] ] ] } },
{ "type": "Feature", "properties": { "GEOID": "261635405003", "NAME": "15000US261635405003", "population": 978, "acs_year": "2020-2024", "ALAND": 395042, "AWATER": 0, "walk_minutes": 13.235389055115546, "access_bin": "<= 15 min", "within_15": true, "tract": "26163540500" }, "geometry": { "type": "Polygon", "coordinates": [ [ [ -83.229786, 42.429823 ], [ -83.22909, 42.42984 ], [ -83.228661, 42.429849 ], [ -83.227774, 42.429864 ], [ -83.2276, 42.429867 ], [ -83.226536, 42.429884 ], [ -83.22543, 42.429902 ], [ -83.224201, 42.429923 ], [ -83.222987, 42.429947 ], [ -83.221742, 42.429965 ], [ -83.220636, 42.429982 ], [ -83.220497, 42.429988 ], [ -83.21975, 42.43001 ], [ -83.219584, 42.430014 ], [ -83.219417, 42.430017 ], [ -83.219233, 42.43002 ], [ -83.219154, 42.428317 ], [ -83.219146, 42.42785 ], [ -83.21914, 42.427735 ], [ -83.219138, 42.427701 ], [ -83.219121, 42.427361 ], [ -83.219071, 42.426381 ], [ -83.219025, 42.424929 ], [ -83.218958, 42.422785 ], [ -83.219047, 42.422783 ], [ -83.219144, 42.422781 ], [ -83.219403, 42.422775 ], [ -83.220211, 42.422758 ], [ -83.221365, 42.422734 ], [ -83.221438, 42.42487 ], [ -83.221486, 42.426193 ], [ -83.2215, 42.426351 ], [ -83.221523, 42.426508 ], [ -83.221545, 42.426578 ], [ -83.221575, 42.426646 ], [ -83.221614, 42.426712 ], [ -83.221692, 42.426811 ], [ -83.221956, 42.427032 ], [ -83.222023, 42.426982 ], [ -83.222102, 42.426933 ], [ -83.222187, 42.426888 ], [ -83.222277, 42.426849 ], [ -83.222422, 42.426809 ], [ -83.222564, 42.426785 ], [ -83.222682, 42.426776 ], [ -83.2229, 42.426774 ], [ -83.22409, 42.426757 ], [ -83.225314, 42.426739 ], [ -83.226401, 42.42672 ], [ -83.227468, 42.426702 ], [ -83.228537, 42.426683 ], [ -83.22966, 42.42666 ], [ -83.229786, 42.429823 ] ] ] } },
{ "type": "Feature", "properties": { "GEOID": "261635406001", "NAME": "15000US261635406001", "population": 1313, "acs_year": "2020-2024", "ALAND": 598759, "AWATER": 0, "walk_minutes": 15.950188824013676, "access_bin": "<= 20 min", "within_15": false, "tract": "26163540600" }, "geometry": { "type": "Polygon", "coordinates": [ [ [ -83.238866, 42.429572 ], [ -83.237765, 42.429601 ], [ -83.236677, 42.429632 ], [ -83.235588, 42.429662 ], [ -83.234539, 42.429691 ], [ -83.233361, 42.429722 ], [ -83.232148, 42.429757 ], [ -83.230972, 42.429789 ], [ -83.229786, 42.429823 ], [ -83.22966, 42.42666 ], [ -83.229586, 42.424701 ], [ -83.229449, 42.422569 ], [ -83.23064, 42.422547 ], [ -83.231938, 42.422517 ], [ -83.233145, 42.422487 ], [ -83.234222, 42.422462 ], [ -83.235273, 42.42244 ], [ -83.236368, 42.422417 ], [ -83.237465, 42.42239 ], [ -83.238526, 42.422367 ], [ -83.238616, 42.424482 ], [ -83.23874, 42.427151 ], [ -83.238784, 42.428159 ], [ -83.238831, 42.428886 ], [ -83.238866, 42.429572 ] ] ] } },
{ "type": "Feature", "properties": { "GEOID": "261635409003", "NAME": "15000US261635409003", "population": 1090, "acs_year": "2020-2024", "ALAND": 357516, "AWATER": 0, "walk_minutes": 22.182219817849923, "access_bin": "> 20 min", "within_15": false, "tract": "26163540900" }, "geometry": { "type": "Polygon", "coordinates": [ [ [ -83.250371, 42.443628 ], [ -83.250253, 42.44363 ], [ -83.249155, 42.44366 ], [ -83.24889, 42.443666 ], [ -83.247934, 42.44369 ], [ -83.246837, 42.443718 ], [ -83.246648, 42.443723 ], [ -83.246072, 42.443739 ], [ -83.245961, 42.443742 ], [ -83.245548, 42.443753 ], [ -83.245477, 42.443755 ], [ -83.245402, 42.443757 ], [ -83.244252, 42.443791 ], [ -83.24295, 42.443825 ], [ -83.24268, 42.443832 ], [ -83.242581, 42.443833 ], [ -83.242553, 42.443834 ], [ -83.241814, 42.443854 ], [ -83.241452, 42.443863 ], [ -83.241419, 42.443864 ], [ -83.240683, 42.443884 ], [ -83.239423, 42.443918 ], [ -83.239411, 42.443754 ], [ -83.239394, 42.443533 ], [ -83.239318, 42.442175 ], [ -83.23932, 42.442103 ], [ -83.23928, 42.440332 ], [ -83.240503, 42.440308 ], [ -83.241724, 42.440283 ], [ -83.24294, 42.440258 ], [ -83.244138, 42.440232 ], [ -83.245345, 42.440202 ], [ -83.246549, 42.440173 ], [ -83.247756, 42.440142 ], [ -83.249015, 42.440108 ], [ -83.250247, 42.440063 ], [ -83.25031, 42.441822 ], [ -83.25035, 42.443147 ], [ -83.250365, 42.443453 ], [ -83.250371, 42.443628 ] ] ] } },
{ "type": "Feature", "properties": { "GEOID": "261635410001", "NAME": "15000US261635410001", "population": 1038, "acs_year": "2020-2024", "ALAND": 352613, "AWATER": 0, "walk_minutes": 8.1758061016255308, "access_bin": "<= 10 min", "within_15": true, "tract": "26163541000" }, "geometry": { "type": "Polygon", "coordinates": [ [ [ -83.244484, 42.436651 ], [ -83.243997, 42.436663 ], [ -83.24346, 42.436676 ], [ -83.242792, 42.436692 ], [ -83.242387, 42.436702 ], [ -83.241582, 42.436719 ], [ -83.241315, 42.436725 ], [ -83.240296, 42.436747 ], [ -83.239136, 42.436772 ], [ -83.239066, 42.434986 ], [ -83.239023, 42.433858 ], [ -83.238994, 42.433172 ], [ -83.23895, 42.432096 ], [ -83.238922, 42.431329 ], [ -83.238907, 42.430604 ], [ -83.238866, 42.429572 ], [ -83.239824, 42.429548 ], [ -83.240772, 42.429526 ], [ -83.241865, 42.4295 ], [ -83.243021, 42.429475 ], [ -83.24309, 42.429473 ], [ -83.24426, 42.429442 ], [ -83.244216, 42.429584 ], [ -83.244278, 42.431249 ], [ -83.244345, 42.433045 ], [ -83.244414, 42.434867 ], [ -83.244484, 42.436651 ] ] ] } },
{ "type": "Feature", "properties": { "GEOID": "261635412002", "NAME": "15000US261635412002", "population": 971, "acs_year": "2020-2024", "ALAND": 520790, "AWATER": 0, "walk_minutes": 18.741238517076447, "access_bin": "<= 20 min", "within_15": false, "tract": "26163541200" }, "geometry": { "type": "Polygon", "coordinates": [ [ [ -83.258292, 42.42912 ], [ -83.25806, 42.429121 ], [ -83.257092, 42.429144 ], [ -83.255944, 42.429171 ], [ -83.254851, 42.429197 ], [ -83.253413, 42.429228 ], [ -83.252254, 42.429254 ], [ -83.252072, 42.429258 ], [ -83.251028, 42.429282 ], [ -83.249824, 42.429309 ], [ -83.249797, 42.429197 ], [ -83.249776, 42.428936 ], [ -83.24967, 42.427132 ], [ -83.24964, 42.42645 ], [ -83.249579, 42.425618 ], [ -83.2495, 42.424251 ], [ -83.251104, 42.424236 ], [ -83.253272, 42.424216 ], [ -83.253255, 42.423626 ], [ -83.253252, 42.423233 ], [ -83.253249, 42.422905 ], [ -83.253235, 42.42208 ], [ -83.253204, 42.421443 ], [ -83.255626, 42.42138 ], [ -83.257027, 42.42134 ], [ -83.258104, 42.421314 ], [ -83.258149, 42.4219 ], [ -83.258168, 42.42237 ], [ -83.258178, 42.42277 ], [ -83.258197, 42.423649 ], [ -83.258209, 42.424159 ], [ -83.258218, 42.424514 ], [ -83.258238, 42.425369 ], [ -83.258258, 42.426361 ], [ -83.258276, 42.427394 ], [ -83.258292, 42.42912 ] ] ] } },
{ "type": "Feature", "properties": { "GEOID": "261635413001", "NAME": "15000US261635413001", "population": 1186, "acs_year": "2020-2024", "ALAND": 641895, "AWATER": 0, "walk_minutes": 32.155213423263902, "access_bin": "> 20 min", "within_15": false, "tract": "26163541300" }, "geometry": { "type": "Polygon", "coordinates": [ [ [ -83.287042, 42.421439 ], [ -83.286253, 42.421454 ], [ -83.285537, 42.421468 ], [ -83.283949, 42.421499 ], [ -83.28269, 42.42156 ], [ -83.281278, 42.421614 ], [ -83.279943, 42.421655 ], [ -83.278613, 42.421699 ], [ -83.277903, 42.421724 ], [ -83.277697, 42.421726 ], [ -83.277233, 42.421724 ], [ -83.277139, 42.419379 ], [ -83.277075, 42.416835 ], [ -83.277048, 42.416164 ], [ -83.276967, 42.414535 ], [ -83.277405, 42.41453 ], [ -83.27771, 42.41453 ], [ -83.278319, 42.41451 ], [ -83.279646, 42.414468 ], [ -83.280978, 42.414427 ], [ -83.28136, 42.414414 ], [ -83.28231, 42.414382 ], [ -83.283637, 42.414338 ], [ -83.28517, 42.41429 ], [ -83.285876, 42.414266 ], [ -83.28604, 42.414263 ], [ -83.286698, 42.414252 ], [ -83.286716, 42.414671 ], [ -83.286811, 42.416627 ], [ -83.286928, 42.419091 ], [ -83.287042, 42.421439 ] ] ] } },
{ "type": "Feature", "properties": { "GEOID": "261635413002", "NAME": "15000US261635413002", "population": 1485, "acs_year": "2020-2024", "ALAND": 641880, "AWATER": 0, "walk_minutes": 32.267347504858868, "access_bin": "> 20 min", "within_15": false, "tract": "26163541300" }, "geometry": { "type": "Polygon", "coordinates": [ [ [ -83.287341, 42.428554 ], [ -83.287207, 42.428554 ], [ -83.286609, 42.428577 ], [ -83.286059, 42.428599 ], [ -83.285352, 42.428628 ], [ -83.284925, 42.428644 ], [ -83.284183, 42.428675 ], [ -83.283639, 42.428699 ], [ -83.282993, 42.428725 ], [ -83.281762, 42.428774 ], [ -83.281201, 42.428796 ], [ -83.280552, 42.428823 ], [ -83.279325, 42.428876 ], [ -83.278773, 42.428898 ], [ -83.277991, 42.428927 ], [ -83.277561, 42.428939 ], [ -83.277491, 42.427304 ], [ -83.277464, 42.426584 ], [ -83.277433, 42.425853 ], [ -83.277378, 42.42456 ], [ -83.277366, 42.424216 ], [ -83.277339, 42.42355 ], [ -83.277314, 42.422933 ], [ -83.277288, 42.422315 ], [ -83.277233, 42.421724 ], [ -83.277697, 42.421726 ], [ -83.277903, 42.421724 ], [ -83.278613, 42.421699 ], [ -83.279943, 42.421655 ], [ -83.281278, 42.421614 ], [ -83.28269, 42.42156 ], [ -83.283949, 42.421499 ], [ -83.285537, 42.421468 ], [ -83.286253, 42.421454 ], [ -83.287042, 42.421439 ], [ -83.287118, 42.423248 ], [ -83.287197, 42.425056 ], [ -83.287227, 42.425699 ], [ -83.287271, 42.426882 ], [ -83.287306, 42.427716 ], [ -83.287328, 42.42822 ], [ -83.287341, 42.428554 ] ] ] } },
{ "type": "Feature", "properties": { "GEOID": "261635414001", "NAME": "15000US261635414001", "population": 853, "acs_year": "2020-2024", "ALAND": 1036700, "AWATER": 3269, "walk_minutes": 22.16901266825688, "access_bin": "> 20 min", "within_15": false, "tract": "26163541400" }, "geometry": { "type": "Polygon", "coordinates": [ [ [ -83.277378, 42.42456 ], [ -83.276909, 42.424381 ], [ -83.276558, 42.424244 ], [ -83.275217, 42.42372 ], [ -83.274631, 42.423484 ], [ -83.27382, 42.423146 ], [ -83.272457, 42.422624 ], [ -83.271854, 42.422384 ], [ -83.270967, 42.422045 ], [ -83.269623, 42.421516 ], [ -83.26783, 42.420738 ], [ -83.266981, 42.420361 ], [ -83.266422, 42.420112 ], [ -83.265405, 42.419604 ], [ -83.265283, 42.419555 ], [ -83.265034, 42.419456 ], [ -83.264094, 42.419079 ], [ -83.263815, 42.418967 ], [ -83.262594, 42.418478 ], [ -83.262354, 42.418381 ], [ -83.260901, 42.417801 ], [ -83.259742, 42.417337 ], [ -83.258503, 42.416834 ], [ -83.257643, 42.416489 ], [ -83.257558, 42.415595 ], [ -83.257478, 42.414736 ], [ -83.258665, 42.414738 ], [ -83.259773, 42.414736 ], [ -83.261775, 42.414731 ], [ -83.262283, 42.414744 ], [ -83.262532, 42.41475 ], [ -83.263591, 42.414791 ], [ -83.263904, 42.414801 ], [ -83.264333, 42.414803 ], [ -83.264568, 42.414805 ], [ -83.264795, 42.414801 ], [ -83.265447, 42.414778 ], [ -83.26632, 42.414727 ], [ -83.266847, 42.414724 ], [ -83.266994, 42.414724 ], [ -83.268986, 42.414691 ], [ -83.269902, 42.414671 ], [ -83.272349, 42.414626 ], [ -83.274905, 42.414576 ], [ -83.276967, 42.414535 ], [ -83.277048, 42.416164 ], [ -83.277075, 42.416835 ], [ -83.277139, 42.419379 ], [ -83.277233, 42.421724 ], [ -83.277288, 42.422315 ], [ -83.277314, 42.422933 ], [ -83.277339, 42.42355 ], [ -83.277366, 42.424216 ], [ -83.277378, 42.42456 ] ] ] } },
{ "type": "Feature", "properties": { "GEOID": "261635414002", "NAME": "15000US261635414002", "population": 1320, "acs_year": "2020-2024", "ALAND": 894837, "AWATER": 0, "walk_minutes": 14.90622053195766, "access_bin": "<= 15 min", "within_15": true, "tract": "26163541400" }, "geometry": { "type": "Polygon", "coordinates": [ [ [ -83.267857, 42.42917 ], [ -83.265378, 42.429151 ], [ -83.264165, 42.429145 ], [ -83.263091, 42.429139 ], [ -83.261977, 42.429133 ], [ -83.260792, 42.429126 ], [ -83.259624, 42.429119 ], [ -83.258962, 42.429115 ], [ -83.258292, 42.42912 ], [ -83.258276, 42.427394 ], [ -83.258258, 42.426361 ], [ -83.258238, 42.425369 ], [ -83.258218, 42.424514 ], [ -83.258209, 42.424159 ], [ -83.258197, 42.423649 ], [ -83.258178, 42.42277 ], [ -83.258168, 42.42237 ], [ -83.258149, 42.4219 ], [ -83.258104, 42.421314 ], [ -83.258026, 42.420454 ], [ -83.257943, 42.419576 ], [ -83.25786, 42.418744 ], [ -83.257806, 42.418145 ], [ -83.257786, 42.417929 ], [ -83.257643, 42.416489 ], [ -83.258503, 42.416834 ], [ -83.259742, 42.417337 ], [ -83.260901, 42.417801 ], [ -83.262354, 42.418381 ], [ -83.262594, 42.418478 ], [ -83.263815, 42.418967 ], [ -83.264094, 42.419079 ], [ -83.265034, 42.419456 ], [ -83.265283, 42.419555 ], [ -83.265405, 42.419604 ], [ -83.266422, 42.420112 ], [ -83.266488, 42.421428 ], [ -83.266507, 42.421586 ], [ -83.266538, 42.421759 ], [ -83.26657, 42.421912 ], [ -83.266615, 42.422083 ], [ -83.266683, 42.422292 ], [ -83.26687, 42.422923 ], [ -83.267006, 42.423225 ], [ -83.267074, 42.423351 ], [ -83.267477, 42.42399 ], [ -83.267591, 42.424181 ], [ -83.267655, 42.424323 ], [ -83.267682, 42.42441 ], [ -83.267701, 42.424498 ], [ -83.267714, 42.424671 ], [ -83.267718, 42.425282 ], [ -83.267857, 42.42917 ] ] ] } },
{ "type": "Feature", "properties": { "GEOID": "261635414003", "NAME": "15000US261635414003", "population": 600, "acs_year": "2020-2024", "ALAND": 599264, "AWATER": 0, "walk_minutes": 22.81903289856794, "access_bin": "> 20 min", "within_15": false, "tract": "26163541400" }, "geometry": { "type": "Polygon", "coordinates": [ [ [ -83.277561, 42.428939 ], [ -83.276745, 42.428959 ], [ -83.275366, 42.428991 ], [ -83.274117, 42.429022 ], [ -83.272703, 42.429062 ], [ -83.271419, 42.429091 ], [ -83.269101, 42.429145 ], [ -83.267857, 42.42917 ], [ -83.267718, 42.425282 ], [ -83.267714, 42.424671 ], [ -83.267701, 42.424498 ], [ -83.267682, 42.42441 ], [ -83.267655, 42.424323 ], [ -83.267591, 42.424181 ], [ -83.267477, 42.42399 ], [ -83.267074, 42.423351 ], [ -83.267006, 42.423225 ], [ -83.26687, 42.422923 ], [ -83.266683, 42.422292 ], [ -83.266615, 42.422083 ], [ -83.26657, 42.421912 ], [ -83.266538, 42.421759 ], [ -83.266507, 42.421586 ], [ -83.266488, 42.421428 ], [ -83.266422, 42.420112 ], [ -83.266981, 42.420361 ], [ -83.26783, 42.420738 ], [ -83.269623, 42.421516 ], [ -83.270967, 42.422045 ], [ -83.271854, 42.422384 ], [ -83.272457, 42.422624 ], [ -83.27382, 42.423146 ], [ -83.274631, 42.423484 ], [ -83.275217, 42.42372 ], [ -83.276558, 42.424244 ], [ -83.276909, 42.424381 ], [ -83.277378, 42.42456 ], [ -83.277433, 42.425853 ], [ -83.277464, 42.426584 ], [ -83.277491, 42.427304 ], [ -83.277561, 42.428939 ] ] ] } },
{ "type": "Feature", "properties": { "GEOID": "261635415001", "NAME": "15000US261635415001", "population": 1488, "acs_year": "2020-2024", "ALAND": 626265, "AWATER": 0, "walk_minutes": 28.817275146759677, "access_bin": "> 20 min", "within_15": false, "tract": "26163541500" }, "geometry": { "type": "Polygon", "coordinates": [ [ [ -83.268156, 42.436251 ], [ -83.268051, 42.436263 ], [ -83.264477, 42.436287 ], [ -83.26339, 42.436295 ], [ -83.262253, 42.436308 ], [ -83.261102, 42.436321 ], [ -83.259867, 42.436337 ], [ -83.258572, 42.436355 ], [ -83.258512, 42.434536 ], [ -83.258458, 42.433209 ], [ -83.258446, 42.432737 ], [ -83.258407, 42.431515 ], [ -83.258326, 42.429839 ], [ -83.258292, 42.42912 ], [ -83.258962, 42.429115 ], [ -83.259624, 42.429119 ], [ -83.260792, 42.429126 ], [ -83.261977, 42.429133 ], [ -83.263091, 42.429139 ], [ -83.264165, 42.429145 ], [ -83.265378, 42.429151 ], [ -83.267857, 42.42917 ], [ -83.267925, 42.430663 ], [ -83.267994, 42.432368 ], [ -83.268115, 42.43527 ], [ -83.268156, 42.436251 ] ] ] } },
{ "type": "Feature", "properties": { "GEOID": "261635460001", "NAME": "15000US261635460001", "population": 1652, "acs_year": "2020-2024", "ALAND": 644803, "AWATER": 0, "walk_minutes": 11.968422057518504, "access_bin": "<= 15 min", "within_15": true, "tract": "26163546000" }, "geometry": { "type": "Polygon", "coordinates": [ [ [ -83.235953, 42.357573 ], [ -83.23473, 42.357591 ], [ -83.23353, 42.357607 ], [ -83.232305, 42.357624 ], [ -83.231084, 42.357641 ], [ -83.229862, 42.357658 ], [ -83.228644, 42.357675 ], [ -83.227438, 42.357692 ], [ -83.226212, 42.357709 ], [ -83.226141, 42.355871 ], [ -83.226072, 42.354092 ], [ -83.226002, 42.352281 ], [ -83.225932, 42.350473 ], [ -83.22716, 42.350455 ], [ -83.228364, 42.350438 ], [ -83.229584, 42.350421 ], [ -83.23079, 42.350405 ], [ -83.232004, 42.350387 ], [ -83.233225, 42.35037 ], [ -83.234426, 42.350351 ], [ -83.235652, 42.350334 ], [ -83.235727, 42.352143 ], [ -83.235807, 42.35395 ], [ -83.235864, 42.355731 ], [ -83.235941, 42.357152 ], [ -83.235953, 42.357573 ] ] ] } },
{ "type": "Feature", "properties": { "GEOID": "261635461001", "NAME": "15000US261635461001", "population": 1238, "acs_year": "2020-2024", "ALAND": 728332, "AWATER": 0, "walk_minutes": 7.46486476052121, "access_bin": "<= 10 min", "within_15": true, "tract": "26163546100" }, "geometry": { "type": "Polygon", "coordinates": [ [ [ -83.246968, 42.357363 ], [ -83.24688, 42.357364 ], [ -83.245708, 42.35738 ], [ -83.245564, 42.357383 ], [ -83.244504, 42.357402 ], [ -83.244389, 42.357406 ], [ -83.243269, 42.357426 ], [ -83.243195, 42.357427 ], [ -83.242586, 42.357437 ], [ -83.242037, 42.357453 ], [ -83.24081, 42.357477 ], [ -83.239606, 42.357502 ], [ -83.238383, 42.357526 ], [ -83.237197, 42.357544 ], [ -83.237107, 42.357544 ], [ -83.235953, 42.357573 ], [ -83.235941, 42.357152 ], [ -83.235864, 42.355731 ], [ -83.235807, 42.35395 ], [ -83.235727, 42.352143 ], [ -83.235652, 42.350334 ], [ -83.236883, 42.350313 ], [ -83.23811, 42.350294 ], [ -83.239302, 42.350275 ], [ -83.240433, 42.350255 ], [ -83.24057, 42.350253 ], [ -83.241605, 42.350232 ], [ -83.241797, 42.350227 ], [ -83.242774, 42.350207 ], [ -83.243008, 42.350203 ], [ -83.2442, 42.350175 ], [ -83.24475, 42.350163 ], [ -83.245377, 42.350148 ], [ -83.24664, 42.350123 ], [ -83.246718, 42.351927 ], [ -83.246802, 42.353737 ], [ -83.246885, 42.355519 ], [ -83.246883, 42.355564 ], [ -83.246968, 42.357363 ] ] ] } },
{ "type": "Feature", "properties": { "GEOID": "261635466002", "NAME": "15000US261635466002", "population": 947, "acs_year": "2020-2024", "ALAND": 405606, "AWATER": 0, "walk_minutes": 11.920954900715305, "access_bin": "<= 15 min", "within_15": true, "tract": "26163546600" }, "geometry": { "type": "Polygon", "coordinates": [ [ [ -83.24726, 42.36454 ], [ -83.245947, 42.364559 ], [ -83.244759, 42.364575 ], [ -83.243487, 42.364593 ], [ -83.242217, 42.364608 ], [ -83.240995, 42.364622 ], [ -83.240985, 42.364203 ], [ -83.240935, 42.362825 ], [ -83.240895, 42.361024 ], [ -83.240852, 42.35924 ], [ -83.24081, 42.357477 ], [ -83.242037, 42.357453 ], [ -83.242586, 42.357437 ], [ -83.243195, 42.357427 ], [ -83.243269, 42.357426 ], [ -83.244389, 42.357406 ], [ -83.244504, 42.357402 ], [ -83.245564, 42.357383 ], [ -83.245708, 42.35738 ], [ -83.24688, 42.357364 ], [ -83.246987, 42.359119 ], [ -83.247079, 42.3609 ], [ -83.247169, 42.362682 ], [ -83.24726, 42.36454 ] ] ] } },
{ "type": "Feature", "properties": { "GEOID": "261635467001", "NAME": "15000US261635467001", "population": 1829, "acs_year": "2020-2024", "ALAND": 635898, "AWATER": 0, "walk_minutes": 13.219087068590312, "access_bin": "<= 15 min", "within_15": true, "tract": "26163546700" }, "geometry": { "type": "Polygon", "coordinates": [ [ [ -83.236039, 42.364704 ], [ -83.234822, 42.364726 ], [ -83.233616, 42.364748 ], [ -83.232395, 42.364772 ], [ -83.231212, 42.364795 ], [ -83.229998, 42.364819 ], [ -83.228783, 42.364842 ], [ -83.227546, 42.364865 ], [ -83.226336, 42.364887 ], [ -83.22632, 42.363934 ], [ -83.226313, 42.363061 ], [ -83.2263, 42.361354 ], [ -83.226256, 42.359471 ], [ -83.226212, 42.357709 ], [ -83.227438, 42.357692 ], [ -83.228644, 42.357675 ], [ -83.229862, 42.357658 ], [ -83.231084, 42.357641 ], [ -83.232305, 42.357624 ], [ -83.23353, 42.357607 ], [ -83.23473, 42.357591 ], [ -83.235953, 42.357573 ], [ -83.235975, 42.359333 ], [ -83.235996, 42.361118 ], [ -83.236017, 42.36291 ], [ -83.236039, 42.364704 ] ] ] } },
{ "type": "Feature", "properties": { "GEOID": "261635467002", "NAME": "15000US261635467002", "population": 1263, "acs_year": "2020-2024", "ALAND": 642488, "AWATER": 0, "walk_minutes": 7.6364210698767785, "access_bin": "<= 10 min", "within_15": true, "tract": "26163546700" }, "geometry": { "type": "Polygon", "coordinates": [ [ [ -83.226336, 42.364887 ], [ -83.225159, 42.364909 ], [ -83.223902, 42.364932 ], [ -83.222693, 42.364956 ], [ -83.221497, 42.364976 ], [ -83.220292, 42.364995 ], [ -83.219076, 42.365016 ], [ -83.218657, 42.365018 ], [ -83.218448, 42.36502 ], [ -83.218214, 42.365029 ], [ -83.217929, 42.365053 ], [ -83.217668, 42.365095 ], [ -83.217383, 42.365157 ], [ -83.21718, 42.365197 ], [ -83.216877, 42.365241 ], [ -83.216727, 42.365253 ], [ -83.216568, 42.365259 ], [ -83.216561, 42.364729 ], [ -83.216554, 42.36418 ], [ -83.216528, 42.362192 ], [ -83.216522, 42.361149 ], [ -83.216537, 42.360863 ], [ -83.216551, 42.360579 ], [ -83.216606, 42.358858 ], [ -83.216607, 42.358434 ], [ -83.216581, 42.357845 ], [ -83.216908, 42.357837 ], [ -83.217708, 42.357827 ], [ -83.218906, 42.357811 ], [ -83.220103, 42.357793 ], [ -83.221338, 42.357775 ], [ -83.222534, 42.35776 ], [ -83.223703, 42.357744 ], [ -83.224875, 42.357727 ], [ -83.226212, 42.357709 ], [ -83.226256, 42.359471 ], [ -83.2263, 42.361354 ], [ -83.226313, 42.363061 ], [ -83.22632, 42.363934 ], [ -83.226336, 42.364887 ] ] ] } },
{ "type": "Feature", "properties": { "GEOID": "261635417001", "NAME": "15000US261635417001", "population": 1065, "acs_year": "2020-2024", "ALAND": 588140, "AWATER": 0, "walk_minutes": 38.76353977332812, "access_bin": "> 20 min", "within_15": false, "tract": "26163541700" }, "geometry": { "type": "Polygon", "coordinates": [ [ [ -83.278947, 42.440105 ], [ -83.278921, 42.440334 ], [ -83.278838, 42.440766 ], [ -83.278639, 42.441474 ], [ -83.278232, 42.441389 ], [ -83.2775, 42.441167 ], [ -83.277142, 42.441111 ], [ -83.276746, 42.441126 ], [ -83.276566, 42.44104 ], [ -83.276606, 42.440901 ], [ -83.276933, 42.440802 ], [ -83.277378, 42.44062 ], [ -83.277739, 42.440368 ], [ -83.277636, 42.440205 ], [ -83.277444, 42.440097 ], [ -83.277329, 42.439841 ], [ -83.277206, 42.439644 ], [ -83.276963, 42.439489 ], [ -83.276764, 42.439348 ], [ -83.276479, 42.439269 ], [ -83.276279, 42.439257 ], [ -83.276111, 42.439193 ], [ -83.275997, 42.43902 ], [ -83.275863, 42.438921 ], [ -83.275661, 42.438922 ], [ -83.275174, 42.439029 ], [ -83.274985, 42.439196 ], [ -83.27474, 42.43934 ], [ -83.274596, 42.439462 ], [ -83.274458, 42.439474 ], [ -83.274125, 42.438825 ], [ -83.274174, 42.438509 ], [ -83.274674, 42.438219 ], [ -83.274862, 42.437903 ], [ -83.274862, 42.437803 ], [ -83.274771, 42.437709 ], [ -83.274521, 42.43769 ], [ -83.274327, 42.437703 ], [ -83.274121, 42.437708 ], [ -83.273995, 42.437772 ], [ -83.273845, 42.437783 ], [ -83.273669, 42.437738 ], [ -83.273573, 42.437659 ], [ -83.273512, 42.437533 ], [ -83.273521, 42.437427 ], [ -83.273562, 42.437325 ], [ -83.273695, 42.437203 ], [ -83.273784, 42.437109 ], [ -83.273908, 42.437014 ], [ -83.273962, 42.436916 ], [ -83.27399, 42.436755 ], [ -83.273995, 42.436638 ], [ -83.273962, 42.436451 ], [ -83.27391, 42.436297 ], [ -83.273806, 42.436121 ], [ -83.273724, 42.435936 ], [ -83.271272, 42.436189 ], [ -83.268268, 42.436238 ], [ -83.268156, 42.436251 ], [ -83.268115, 42.43527 ], [ -83.267994, 42.432368 ], [ -83.267925, 42.430663 ], [ -83.267857, 42.42917 ], [ -83.269101, 42.429145 ], [ -83.271419, 42.429091 ], [ -83.272703, 42.429062 ], [ -83.274117, 42.429022 ], [ -83.274141, 42.429525 ], [ -83.274145, 42.430927 ], [ -83.274163, 42.431716 ], [ -83.274224, 42.433294 ], [ -83.274299, 42.435195 ], [ -83.275573, 42.435185 ], [ -83.276647, 42.435177 ], [ -83.277964, 42.435164 ], [ -83.278151, 42.436158 ], [ -83.278265, 42.436555 ], [ -83.278368, 42.436989 ], [ -83.278468, 42.437369 ], [ -83.278626, 42.438034 ], [ -83.278811, 42.438785 ], [ -83.278896, 42.439207 ], [ -83.278914, 42.439367 ], [ -83.278958, 42.439756 ], [ -83.278947, 42.440105 ] ] ] } },
{ "type": "Feature", "properties": { "GEOID": "261635417002", "NAME": "15000US261635417002", "population": 691, "acs_year": "2020-2024", "ALAND": 199632, "AWATER": 0, "walk_minutes": 37.688734295219952, "access_bin": "> 20 min", "within_15": false, "tract": "26163541700" }, "geometry": { "type": "Polygon", "coordinates": [ [ [ -83.277964, 42.435164 ], [ -83.276647, 42.435177 ], [ -83.275573, 42.435185 ], [ -83.274299, 42.435195 ], [ -83.274224, 42.433294 ], [ -83.274163, 42.431716 ], [ -83.274145, 42.430927 ], [ -83.274141, 42.429525 ], [ -83.274117, 42.429022 ], [ -83.275366, 42.428991 ], [ -83.276745, 42.428959 ], [ -83.277561, 42.428939 ], [ -83.277639, 42.430503 ], [ -83.277737, 42.433226 ], [ -83.277756, 42.433521 ], [ -83.27779, 42.433868 ], [ -83.277964, 42.435164 ] ] ] } },
{ "type": "Feature", "properties": { "GEOID": "261635418001", "NAME": "15000US261635418001", "population": 1259, "acs_year": "2020-2024", "ALAND": 642995, "AWATER": 0, "walk_minutes": 49.697304068291395, "access_bin": "> 20 min", "within_15": false, "tract": "26163541800" }, "geometry": { "type": "Polygon", "coordinates": [ [ [ -83.287803, 42.442683 ], [ -83.287639, 42.442686 ], [ -83.287473, 42.44269 ], [ -83.287422, 42.442691 ], [ -83.286969, 42.442699 ], [ -83.285189, 42.442734 ], [ -83.281777, 42.442799 ], [ -83.281321, 42.442806 ], [ -83.280927, 42.442814 ], [ -83.28074, 42.442818 ], [ -83.280037, 42.442833 ], [ -83.279087, 42.442852 ], [ -83.278619, 42.442862 ], [ -83.278517, 42.442864 ], [ -83.278461, 42.442865 ], [ -83.278436, 42.442865 ], [ -83.278299, 42.442868 ], [ -83.278263, 42.442868 ], [ -83.278301, 42.442739 ], [ -83.278325, 42.442643 ], [ -83.278377, 42.442431 ], [ -83.278462, 42.442118 ], [ -83.278621, 42.441536 ], [ -83.278639, 42.441474 ], [ -83.278838, 42.440766 ], [ -83.278921, 42.440334 ], [ -83.278947, 42.440105 ], [ -83.278958, 42.439756 ], [ -83.278914, 42.439367 ], [ -83.278896, 42.439207 ], [ -83.278811, 42.438785 ], [ -83.278626, 42.438034 ], [ -83.278468, 42.437369 ], [ -83.278368, 42.436989 ], [ -83.278265, 42.436555 ], [ -83.278151, 42.436158 ], [ -83.277964, 42.435164 ], [ -83.27836, 42.435159 ], [ -83.279007, 42.435149 ], [ -83.280082, 42.43513 ], [ -83.281444, 42.435088 ], [ -83.283799, 42.435011 ], [ -83.28511, 42.434967 ], [ -83.286932, 42.434902 ], [ -83.287136, 42.434895 ], [ -83.287527, 42.434882 ], [ -83.287551, 42.435882 ], [ -83.28761, 42.4376 ], [ -83.287614, 42.437722 ], [ -83.287665, 42.439313 ], [ -83.287671, 42.439499 ], [ -83.287717, 42.442103 ], [ -83.287751, 42.442368 ], [ -83.287761, 42.442448 ], [ -83.28777, 42.442524 ], [ -83.287791, 42.442604 ], [ -83.287796, 42.442629 ], [ -83.287803, 42.442683 ] ] ] } },
{ "type": "Feature", "properties": { "GEOID": "261635421002", "NAME": "15000US261635421002", "population": 1675, "acs_year": "2020-2024", "ALAND": 641947, "AWATER": 0, "walk_minutes": 10.135205162456174, "access_bin": "<= 15 min", "within_15": true, "tract": "26163542100" }, "geometry": { "type": "Polygon", "coordinates": [ [ [ -83.209034, 42.415763 ], [ -83.207961, 42.415786 ], [ -83.206882, 42.415807 ], [ -83.205804, 42.415829 ], [ -83.204727, 42.415851 ], [ -83.203518, 42.415876 ], [ -83.202134, 42.415906 ], [ -83.200753, 42.415944 ], [ -83.199316, 42.415983 ], [ -83.19924, 42.414165 ], [ -83.199173, 42.412343 ], [ -83.199115, 42.411116 ], [ -83.199092, 42.410554 ], [ -83.199055, 42.409652 ], [ -83.199017, 42.408753 ], [ -83.200453, 42.408719 ], [ -83.201835, 42.408688 ], [ -83.203218, 42.408662 ], [ -83.204423, 42.408655 ], [ -83.205504, 42.40863 ], [ -83.206564, 42.408605 ], [ -83.207665, 42.40858 ], [ -83.20875, 42.408542 ], [ -83.208817, 42.410341 ], [ -83.208892, 42.412125 ], [ -83.208969, 42.413946 ], [ -83.209041, 42.415657 ], [ -83.209034, 42.415763 ] ] ] } },
{ "type": "Feature", "properties": { "GEOID": "261635423002", "NAME": "15000US261635423002", "population": 1659, "acs_year": "2020-2024", "ALAND": 441765, "AWATER": 0, "walk_minutes": 14.790460887669305, "access_bin": "<= 15 min", "within_15": true, "tract": "26163542300" }, "geometry": { "type": "Polygon", "coordinates": [ [ [ -83.20652, 42.399122 ], [ -83.205284, 42.39915 ], [ -83.202839, 42.399204 ], [ -83.202886, 42.4003 ], [ -83.202937, 42.40141 ], [ -83.201553, 42.401443 ], [ -83.200171, 42.401475 ], [ -83.198695, 42.401513 ], [ -83.198666, 42.400924 ], [ -83.19864, 42.399305 ], [ -83.19853, 42.396687 ], [ -83.198422, 42.394273 ], [ -83.198365, 42.392657 ], [ -83.199428, 42.393084 ], [ -83.199821, 42.393243 ], [ -83.200498, 42.393517 ], [ -83.201226, 42.393811 ], [ -83.201611, 42.393966 ], [ -83.20268, 42.394398 ], [ -83.203844, 42.394868 ], [ -83.20494, 42.395311 ], [ -83.205036, 42.395347 ], [ -83.206034, 42.395752 ], [ -83.206386, 42.395894 ], [ -83.206485, 42.398062 ], [ -83.206475, 42.39819 ], [ -83.20652, 42.399122 ] ] ] } },
{ "type": "Feature", "properties": { "GEOID": "261635424002", "NAME": "15000US261635424002", "population": 1332, "acs_year": "2020-2024", "ALAND": 422030, "AWATER": 0, "walk_minutes": 7.0178399819993187, "access_bin": "<= 10 min", "within_15": true, "tract": "26163542400" }, "geometry": { "type": "Polygon", "coordinates": [ [ [ -83.208105, 42.391664 ], [ -83.207005, 42.391684 ], [ -83.205883, 42.391703 ], [ -83.205716, 42.391706 ], [ -83.204876, 42.39168 ], [ -83.204772, 42.391658 ], [ -83.204668, 42.391639 ], [ -83.203678, 42.391655 ], [ -83.202607, 42.39168 ], [ -83.201513, 42.391703 ], [ -83.201351, 42.391706 ], [ -83.200427, 42.391707 ], [ -83.199382, 42.391728 ], [ -83.198342, 42.39175 ], [ -83.198311, 42.391085 ], [ -83.198251, 42.389349 ], [ -83.198229, 42.388686 ], [ -83.1982, 42.387865 ], [ -83.19817, 42.387052 ], [ -83.199189, 42.387025 ], [ -83.19932, 42.387023 ], [ -83.20023, 42.387006 ], [ -83.200538, 42.387001 ], [ -83.201296, 42.386987 ], [ -83.20175, 42.386978 ], [ -83.202391, 42.386966 ], [ -83.202942, 42.386955 ], [ -83.203472, 42.386945 ], [ -83.204136, 42.386933 ], [ -83.204544, 42.386925 ], [ -83.205353, 42.38691 ], [ -83.205651, 42.386904 ], [ -83.206559, 42.386887 ], [ -83.206774, 42.386883 ], [ -83.20769, 42.386871 ], [ -83.207865, 42.386868 ], [ -83.20799, 42.389268 ], [ -83.208105, 42.391664 ] ] ] } },
{ "type": "Feature", "properties": { "GEOID": "261635425001", "NAME": "15000US261635425001", "population": 1074, "acs_year": "2020-2024", "ALAND": 424876, "AWATER": 0, "walk_minutes": 5.3128465743568194, "access_bin": "<= 10 min", "within_15": true, "tract": "26163542500" }, "geometry": { "type": "Polygon", "coordinates": [ [ [ -83.217786, 42.391481 ], [ -83.21761, 42.391491 ], [ -83.216987, 42.391502 ], [ -83.216309, 42.391516 ], [ -83.2148, 42.391545 ], [ -83.213469, 42.391571 ], [ -83.212137, 42.391596 ], [ -83.210806, 42.391621 ], [ -83.209523, 42.391644 ], [ -83.208641, 42.391653 ], [ -83.208105, 42.391664 ], [ -83.20799, 42.389268 ], [ -83.207865, 42.386868 ], [ -83.208965, 42.386845 ], [ -83.209279, 42.386839 ], [ -83.21017, 42.386822 ], [ -83.210561, 42.386815 ], [ -83.21139, 42.386799 ], [ -83.211892, 42.38679 ], [ -83.212608, 42.386777 ], [ -83.213227, 42.386766 ], [ -83.213822, 42.386755 ], [ -83.214564, 42.386741 ], [ -83.215025, 42.386733 ], [ -83.216259, 42.386736 ], [ -83.216819, 42.386724 ], [ -83.217216, 42.386716 ], [ -83.21755, 42.386712 ], [ -83.217639, 42.388865 ], [ -83.217655, 42.389161 ], [ -83.217786, 42.391481 ] ] ] } },
{ "type": "Feature", "properties": { "GEOID": "261635425002", "NAME": "15000US261635425002", "population": 1514, "acs_year": "2020-2024", "ALAND": 643248, "AWATER": 0, "walk_minutes": 14.541260629242934, "access_bin": "<= 15 min", "within_15": true, "tract": "26163542500" }, "geometry": { "type": "Polygon", "coordinates": [ [ [ -83.218385, 42.400738 ], [ -83.218203, 42.400665 ], [ -83.21799, 42.40058 ], [ -83.216708, 42.400059 ], [ -83.216119, 42.399823 ], [ -83.215176, 42.399444 ], [ -83.214128, 42.39902 ], [ -83.212713, 42.398449 ], [ -83.212035, 42.398176 ], [ -83.211508, 42.397963 ], [ -83.210862, 42.397702 ], [ -83.210222, 42.397444 ], [ -83.209693, 42.39723 ], [ -83.208898, 42.396909 ], [ -83.208569, 42.396776 ], [ -83.208225, 42.396637 ], [ -83.208205, 42.396157 ], [ -83.208173, 42.394087 ], [ -83.208105, 42.391664 ], [ -83.208641, 42.391653 ], [ -83.209523, 42.391644 ], [ -83.210806, 42.391621 ], [ -83.212137, 42.391596 ], [ -83.213469, 42.391571 ], [ -83.2148, 42.391545 ], [ -83.216309, 42.391516 ], [ -83.216987, 42.391502 ], [ -83.21761, 42.391491 ], [ -83.217786, 42.391481 ], [ -83.217906, 42.393896 ], [ -83.218087, 42.393892 ], [ -83.218182, 42.396109 ], [ -83.21826, 42.397582 ], [ -83.218368, 42.399625 ], [ -83.218385, 42.400527 ], [ -83.218385, 42.400738 ] ] ] } },
{ "type": "Feature", "properties": { "GEOID": "261635426001", "NAME": "15000US261635426001", "population": 1391, "acs_year": "2020-2024", "ALAND": 763557, "AWATER": 0, "walk_minutes": 14.093725870784043, "access_bin": "<= 15 min", "within_15": true, "tract": "26163542600" }, "geometry": { "type": "Polygon", "coordinates": [ [ [ -83.208965, 42.386845 ], [ -83.207865, 42.386868 ], [ -83.20769, 42.386871 ], [ -83.206774, 42.386883 ], [ -83.206559, 42.386887 ], [ -83.205651, 42.386904 ], [ -83.205353, 42.38691 ], [ -83.204544, 42.386925 ], [ -83.204136, 42.386933 ], [ -83.203472, 42.386945 ], [ -83.202942, 42.386955 ], [ -83.202391, 42.386966 ], [ -83.20175, 42.386978 ], [ -83.201296, 42.386987 ], [ -83.200538, 42.387001 ], [ -83.20023, 42.387006 ], [ -83.19932, 42.387023 ], [ -83.199189, 42.387025 ], [ -83.19817, 42.387052 ], [ -83.198146, 42.386657 ], [ -83.198103, 42.386086 ], [ -83.198052, 42.384834 ], [ -83.198021, 42.383933 ], [ -83.198009, 42.383752 ], [ -83.197979, 42.383139 ], [ -83.197962, 42.38287 ], [ -83.198011, 42.382477 ], [ -83.198089, 42.382217 ], [ -83.198138, 42.382013 ], [ -83.198184, 42.381767 ], [ -83.198192, 42.381591 ], [ -83.198174, 42.38125 ], [ -83.198066, 42.379997 ], [ -83.198047, 42.379814 ], [ -83.19805, 42.379594 ], [ -83.198053, 42.379407 ], [ -83.198048, 42.37932 ], [ -83.198044, 42.379232 ], [ -83.198112, 42.379233 ], [ -83.198232, 42.379234 ], [ -83.202057, 42.37922 ], [ -83.202383, 42.379216 ], [ -83.204029, 42.379196 ], [ -83.205158, 42.37916 ], [ -83.205668, 42.379139 ], [ -83.206302, 42.379113 ], [ -83.206547, 42.379099 ], [ -83.2077, 42.379033 ], [ -83.208637, 42.378986 ], [ -83.208642, 42.379093 ], [ -83.20865, 42.379246 ], [ -83.208656, 42.379377 ], [ -83.208663, 42.379511 ], [ -83.208669, 42.379635 ], [ -83.208674, 42.379746 ], [ -83.20868, 42.379859 ], [ -83.208778, 42.382189 ], [ -83.208875, 42.384619 ], [ -83.208965, 42.386845 ] ] ] } },
{ "type": "Feature", "properties": { "GEOID": "261635429001", "NAME": "15000US261635429001", "population": 916, "acs_year": "2020-2024", "ALAND": 356773, "AWATER": 0, "walk_minutes": 7.8537617337471461, "access_bin": "<= 10 min", "within_15": true, "tract": "26163542900" }, "geometry": { "type": "Polygon", "coordinates": [ [ [ -83.232908, 42.405933 ], [ -83.232883, 42.406007 ], [ -83.232851, 42.406073 ], [ -83.232589, 42.406449 ], [ -83.232453, 42.406394 ], [ -83.231521, 42.406019 ], [ -83.230326, 42.405539 ], [ -83.229044, 42.405024 ], [ -83.228753, 42.404908 ], [ -83.227737, 42.404505 ], [ -83.226429, 42.403976 ], [ -83.225326, 42.403531 ], [ -83.224979, 42.403391 ], [ -83.221664, 42.402056 ], [ -83.220753, 42.401694 ], [ -83.219307, 42.401099 ], [ -83.219573, 42.401084 ], [ -83.22054, 42.401056 ], [ -83.221725, 42.401026 ], [ -83.222892, 42.400996 ], [ -83.224031, 42.400965 ], [ -83.225246, 42.400936 ], [ -83.226482, 42.400908 ], [ -83.226588, 42.400905 ], [ -83.227642, 42.400881 ], [ -83.228904, 42.400852 ], [ -83.230162, 42.400824 ], [ -83.231349, 42.400795 ], [ -83.232611, 42.400771 ], [ -83.232667, 42.402577 ], [ -83.232672, 42.402895 ], [ -83.232784, 42.40308 ], [ -83.232813, 42.403197 ], [ -83.232899, 42.404396 ], [ -83.232927, 42.405752 ], [ -83.232908, 42.405933 ] ] ] } },
{ "type": "Feature", "properties": { "GEOID": "261635429003", "NAME": "15000US261635429003", "population": 1095, "acs_year": "2020-2024", "ALAND": 452939, "AWATER": 0, "walk_minutes": 9.6589655180679834, "access_bin": "<= 10 min", "within_15": true, "tract": "26163542900" }, "geometry": { "type": "Polygon", "coordinates": [ [ [ -83.225246, 42.400936 ], [ -83.224031, 42.400965 ], [ -83.222892, 42.400996 ], [ -83.221725, 42.401026 ], [ -83.22054, 42.401056 ], [ -83.219573, 42.401084 ], [ -83.219307, 42.401099 ], [ -83.218593, 42.401114 ], [ -83.218386, 42.401121 ], [ -83.218385, 42.400738 ], [ -83.218385, 42.400527 ], [ -83.218368, 42.399625 ], [ -83.21826, 42.397582 ], [ -83.218182, 42.396109 ], [ -83.218087, 42.393892 ], [ -83.218283, 42.393888 ], [ -83.218995, 42.393874 ], [ -83.220193, 42.393854 ], [ -83.221378, 42.393829 ], [ -83.222031, 42.393809 ], [ -83.222607, 42.393799 ], [ -83.223795, 42.393771 ], [ -83.225009, 42.393744 ], [ -83.225069, 42.396024 ], [ -83.225164, 42.398465 ], [ -83.225246, 42.400936 ] ] ] } },
{ "type": "Feature", "properties": { "GEOID": "261635432002", "NAME": "15000US261635432002", "population": 1081, "acs_year": "2020-2024", "ALAND": 474311, "AWATER": 0, "walk_minutes": 5.4771045247798007, "access_bin": "<= 10 min", "within_15": true, "tract": "26163543200" }, "geometry": { "type": "Polygon", "coordinates": [ [ [ -83.257478, 42.414736 ], [ -83.256248, 42.414761 ], [ -83.25505, 42.414783 ], [ -83.253896, 42.414804 ], [ -83.253365, 42.414813 ], [ -83.25304, 42.414671 ], [ -83.252717, 42.41453 ], [ -83.250975, 42.41383 ], [ -83.249878, 42.413389 ], [ -83.249784, 42.411316 ], [ -83.249707, 42.409506 ], [ -83.249625, 42.407652 ], [ -83.250711, 42.407632 ], [ -83.252294, 42.407602 ], [ -83.252891, 42.407586 ], [ -83.253502, 42.407565 ], [ -83.25468, 42.407538 ], [ -83.255884, 42.407495 ], [ -83.256283, 42.407482 ], [ -83.257118, 42.407468 ], [ -83.257162, 42.408406 ], [ -83.257251, 42.410211 ], [ -83.257301, 42.411189 ], [ -83.257383, 42.412853 ], [ -83.25747, 42.414597 ], [ -83.257478, 42.414736 ] ] ] } },
{ "type": "Feature", "properties": { "GEOID": "261635432001", "NAME": "15000US261635432001", "population": 1221, "acs_year": "2020-2024", "ALAND": 459933, "AWATER": 0, "walk_minutes": 15.331035688707113, "access_bin": "<= 20 min", "within_15": false, "tract": "26163543200" }, "geometry": { "type": "Polygon", "coordinates": [ [ [ -83.253365, 42.414813 ], [ -83.252677, 42.414825 ], [ -83.250801, 42.414863 ], [ -83.249818, 42.414873 ], [ -83.248952, 42.414887 ], [ -83.247752, 42.414912 ], [ -83.247151, 42.414927 ], [ -83.246607, 42.414944 ], [ -83.245944, 42.414962 ], [ -83.245542, 42.414973 ], [ -83.244772, 42.414994 ], [ -83.244424, 42.415005 ], [ -83.243576, 42.41503 ], [ -83.243314, 42.415038 ], [ -83.242316, 42.415066 ], [ -83.241162, 42.415098 ], [ -83.240122, 42.415131 ], [ -83.239186, 42.415157 ], [ -83.238206, 42.415183 ], [ -83.238196, 42.415019 ], [ -83.238092, 42.413361 ], [ -83.237981, 42.41155 ], [ -83.237856, 42.409937 ], [ -83.237791, 42.40854 ], [ -83.238506, 42.408829 ], [ -83.239122, 42.409075 ], [ -83.239457, 42.40921 ], [ -83.240069, 42.409456 ], [ -83.240832, 42.409763 ], [ -83.241977, 42.410223 ], [ -83.243119, 42.41068 ], [ -83.244256, 42.411136 ], [ -83.244959, 42.41142 ], [ -83.245391, 42.411595 ], [ -83.246466, 42.412036 ], [ -83.247633, 42.412491 ], [ -83.248818, 42.412967 ], [ -83.249878, 42.413389 ], [ -83.250975, 42.41383 ], [ -83.252717, 42.41453 ], [ -83.25304, 42.414671 ], [ -83.253365, 42.414813 ] ] ] } },
{ "type": "Feature", "properties": { "GEOID": "261635432003", "NAME": "15000US261635432003", "population": 1428, "acs_year": "2020-2024", "ALAND": 351635, "AWATER": 0, "walk_minutes": 11.875657186899428, "access_bin": "<= 15 min", "within_15": true, "tract": "26163543200" }, "geometry": { "type": "Polygon", "coordinates": [ [ [ -83.249878, 42.413389 ], [ -83.248818, 42.412967 ], [ -83.247633, 42.412491 ], [ -83.246466, 42.412036 ], [ -83.245391, 42.411595 ], [ -83.244959, 42.41142 ], [ -83.244256, 42.411136 ], [ -83.243119, 42.41068 ], [ -83.241977, 42.410223 ], [ -83.240832, 42.409763 ], [ -83.240069, 42.409456 ], [ -83.239457, 42.40921 ], [ -83.239122, 42.409075 ], [ -83.238506, 42.408829 ], [ -83.237791, 42.40854 ], [ -83.236547, 42.408041 ], [ -83.236822, 42.407955 ], [ -83.237077, 42.4079 ], [ -83.237743, 42.407896 ], [ -83.238325, 42.407869 ], [ -83.238783, 42.407861 ], [ -83.239672, 42.407845 ], [ -83.239857, 42.407842 ], [ -83.240766, 42.407824 ], [ -83.241853, 42.407803 ], [ -83.242947, 42.407781 ], [ -83.244061, 42.407758 ], [ -83.245178, 42.407737 ], [ -83.24629, 42.407716 ], [ -83.247435, 42.407694 ], [ -83.248545, 42.407672 ], [ -83.249625, 42.407652 ], [ -83.249707, 42.409506 ], [ -83.249784, 42.411316 ], [ -83.249878, 42.413389 ] ] ] } },
{ "type": "Feature", "properties": { "GEOID": "261635434001", "NAME": "15000US261635434001", "population": 659, "acs_year": "2020-2024", "ALAND": 341994, "AWATER": 0, "walk_minutes": 18.216183529044159, "access_bin": "<= 20 min", "within_15": false, "tract": "26163543400" }, "geometry": { "type": "Polygon", "coordinates": [ [ [ -83.242947, 42.407781 ], [ -83.241853, 42.407803 ], [ -83.240766, 42.407824 ], [ -83.239857, 42.407842 ], [ -83.239672, 42.407845 ], [ -83.238783, 42.407861 ], [ -83.238325, 42.407869 ], [ -83.237743, 42.407896 ], [ -83.237671, 42.406079 ], [ -83.237588, 42.404291 ], [ -83.237507, 42.402486 ], [ -83.237425, 42.40067 ], [ -83.238493, 42.400652 ], [ -83.239529, 42.400636 ], [ -83.240562, 42.40062 ], [ -83.241603, 42.400604 ], [ -83.24268, 42.400586 ], [ -83.242635, 42.400665 ], [ -83.24271, 42.402396 ], [ -83.242758, 42.403466 ], [ -83.242782, 42.404142 ], [ -83.242757, 42.404194 ], [ -83.242733, 42.40425 ], [ -83.242839, 42.405991 ], [ -83.242947, 42.407781 ] ] ] } },
{ "type": "Feature", "properties": { "GEOID": "261635434002", "NAME": "15000US261635434002", "population": 1749, "acs_year": "2020-2024", "ALAND": 295016, "AWATER": 0, "walk_minutes": 13.189588630770347, "access_bin": "<= 15 min", "within_15": true, "tract": "26163543400" }, "geometry": { "type": "Polygon", "coordinates": [ [ [ -83.237743, 42.407896 ], [ -83.237077, 42.4079 ], [ -83.236822, 42.407955 ], [ -83.236547, 42.408041 ], [ -83.236378, 42.407972 ], [ -83.235242, 42.407518 ], [ -83.234016, 42.407025 ], [ -83.233839, 42.406953 ], [ -83.232589, 42.406449 ], [ -83.232851, 42.406073 ], [ -83.232883, 42.406007 ], [ -83.232908, 42.405933 ], [ -83.232927, 42.405752 ], [ -83.232899, 42.404396 ], [ -83.232813, 42.403197 ], [ -83.232784, 42.40308 ], [ -83.232672, 42.402895 ], [ -83.232667, 42.402577 ], [ -83.232611, 42.400771 ], [ -83.233771, 42.40075 ], [ -83.234952, 42.400723 ], [ -83.236188, 42.400693 ], [ -83.237425, 42.40067 ], [ -83.237507, 42.402486 ], [ -83.237588, 42.404291 ], [ -83.237671, 42.406079 ], [ -83.237743, 42.407896 ] ] ] } },
{ "type": "Feature", "properties": { "GEOID": "261635434003", "NAME": "15000US261635434003", "population": 1293, "acs_year": "2020-2024", "ALAND": 425109, "AWATER": 0, "walk_minutes": 19.203617537510137, "access_bin": "<= 20 min", "within_15": false, "tract": "26163543400" }, "geometry": { "type": "Polygon", "coordinates": [ [ [ -83.240562, 42.40062 ], [ -83.239529, 42.400636 ], [ -83.238493, 42.400652 ], [ -83.237425, 42.40067 ], [ -83.236188, 42.400693 ], [ -83.234952, 42.400723 ], [ -83.233771, 42.40075 ], [ -83.232611, 42.400771 ], [ -83.23254, 42.399816 ], [ -83.232512, 42.398865 ], [ -83.232454, 42.39839 ], [ -83.232447, 42.398277 ], [ -83.232358, 42.395825 ], [ -83.237231, 42.395796 ], [ -83.237138, 42.393478 ], [ -83.238203, 42.393456 ], [ -83.238538, 42.393448 ], [ -83.239241, 42.393433 ], [ -83.240277, 42.39341 ], [ -83.240369, 42.395745 ], [ -83.240451, 42.39784 ], [ -83.240459, 42.398042 ], [ -83.240562, 42.40062 ] ] ] } },
{ "type": "Feature", "properties": { "GEOID": "261635440001", "NAME": "15000US261635440001", "population": 2226, "acs_year": "2020-2024", "ALAND": 1009010, "AWATER": 0, "walk_minutes": 59.872701416776252, "access_bin": "> 20 min", "within_15": false, "tract": "26163544000" }, "geometry": { "type": "Polygon", "coordinates": [ [ [ -83.275208, 42.385468 ], [ -83.273608, 42.385504 ], [ -83.272505, 42.385545 ], [ -83.271779, 42.385584 ], [ -83.271116, 42.385632 ], [ -83.271006, 42.385639 ], [ -83.27062, 42.385664 ], [ -83.269647, 42.385737 ], [ -83.268653, 42.385772 ], [ -83.267072, 42.385775 ], [ -83.266827, 42.385776 ], [ -83.265226, 42.385792 ], [ -83.26323, 42.385829 ], [ -83.262602, 42.385822 ], [ -83.261314, 42.385788 ], [ -83.261097, 42.385781 ], [ -83.260571, 42.385765 ], [ -83.259819, 42.385734 ], [ -83.258782, 42.38569 ], [ -83.257932, 42.385655 ], [ -83.25776, 42.385651 ], [ -83.25658, 42.38562 ], [ -83.2565, 42.38562 ], [ -83.256421, 42.385619 ], [ -83.256192, 42.385616 ], [ -83.256191, 42.385436 ], [ -83.256173, 42.385038 ], [ -83.256142, 42.38381 ], [ -83.256152, 42.383723 ], [ -83.256174, 42.383675 ], [ -83.256204, 42.383642 ], [ -83.25624, 42.383622 ], [ -83.256307, 42.383601 ], [ -83.256719, 42.383563 ], [ -83.257622, 42.383561 ], [ -83.258386, 42.383546 ], [ -83.259165, 42.383532 ], [ -83.259746, 42.383523 ], [ -83.259933, 42.383509 ], [ -83.260043, 42.383493 ], [ -83.260152, 42.38347 ], [ -83.260257, 42.38344 ], [ -83.260393, 42.383392 ], [ -83.260502, 42.383343 ], [ -83.260626, 42.383276 ], [ -83.260741, 42.383199 ], [ -83.260819, 42.383136 ], [ -83.260891, 42.383068 ], [ -83.260976, 42.382973 ], [ -83.261032, 42.382897 ], [ -83.261093, 42.382792 ], [ -83.261129, 42.382711 ], [ -83.261164, 42.382599 ], [ -83.261189, 42.382429 ], [ -83.261124, 42.379929 ], [ -83.261107, 42.378996 ], [ -83.261105, 42.378875 ], [ -83.261104, 42.378822 ], [ -83.266257, 42.37862 ], [ -83.266663, 42.378604 ], [ -83.267071, 42.378587 ], [ -83.268433, 42.378535 ], [ -83.274999, 42.378433 ], [ -83.274986, 42.378518 ], [ -83.274988, 42.378607 ], [ -83.275021, 42.379917 ], [ -83.275056, 42.380928 ], [ -83.275134, 42.383378 ], [ -83.275186, 42.384869 ], [ -83.275202, 42.385264 ], [ -83.275208, 42.385468 ] ] ] } },
{ "type": "Feature", "properties": { "GEOID": "261635441001", "NAME": "15000US261635441001", "population": 1353, "acs_year": "2020-2024", "ALAND": 402677, "AWATER": 0, "walk_minutes": 37.328857003912056, "access_bin": "> 20 min", "within_15": false, "tract": "26163544100" }, "geometry": { "type": "Polygon", "coordinates": [ [ [ -83.265794, 42.390004 ], [ -83.26578, 42.390117 ], [ -83.26575, 42.39023 ], [ -83.265696, 42.390354 ], [ -83.265633, 42.390452 ], [ -83.265568, 42.390534 ], [ -83.265493, 42.390613 ], [ -83.265103, 42.390969 ], [ -83.264294, 42.391701 ], [ -83.26422, 42.391782 ], [ -83.26417, 42.391861 ], [ -83.264135, 42.39195 ], [ -83.264114, 42.392048 ], [ -83.264115, 42.392138 ], [ -83.264133, 42.39299 ], [ -83.264133, 42.393149 ], [ -83.26418, 42.394601 ], [ -83.264206, 42.395368 ], [ -83.26428, 42.397567 ], [ -83.264371, 42.40025 ], [ -83.263069, 42.400255 ], [ -83.261758, 42.40026 ], [ -83.261672, 42.397582 ], [ -83.261638, 42.396697 ], [ -83.261598, 42.395384 ], [ -83.261569, 42.394623 ], [ -83.261519, 42.393034 ], [ -83.261492, 42.39219 ], [ -83.261468, 42.391378 ], [ -83.261444, 42.3906 ], [ -83.261421, 42.38976 ], [ -83.261393, 42.388941 ], [ -83.261371, 42.388199 ], [ -83.261343, 42.387318 ], [ -83.261317, 42.386562 ], [ -83.26132, 42.386513 ], [ -83.261302, 42.386073 ], [ -83.261314, 42.385788 ], [ -83.262602, 42.385822 ], [ -83.26323, 42.385829 ], [ -83.265226, 42.385792 ], [ -83.26485, 42.38608 ], [ -83.264852, 42.386654 ], [ -83.264842, 42.386786 ], [ -83.264825, 42.38687 ], [ -83.264795, 42.386964 ], [ -83.264703, 42.387159 ], [ -83.264671, 42.387243 ], [ -83.264646, 42.387339 ], [ -83.264633, 42.387437 ], [ -83.264648, 42.387896 ], [ -83.264656, 42.387963 ], [ -83.264685, 42.388061 ], [ -83.264713, 42.388149 ], [ -83.264783, 42.388281 ], [ -83.26516, 42.388826 ], [ -83.265642, 42.389513 ], [ -83.265701, 42.389608 ], [ -83.265748, 42.38971 ], [ -83.265774, 42.389794 ], [ -83.265791, 42.389891 ], [ -83.265794, 42.390004 ] ] ] } },
{ "type": "Feature", "properties": { "GEOID": "261635441002", "NAME": "15000US261635441002", "population": 1138, "acs_year": "2020-2024", "ALAND": 1441397, "AWATER": 0, "walk_minutes": 51.903455148160525, "access_bin": "> 20 min", "within_15": false, "tract": "26163544100" }, "geometry": { "type": "Polygon", "coordinates": [ [ [ -83.275725, 42.400096 ], [ -83.27522, 42.400106 ], [ -83.274695, 42.400109 ], [ -83.273787, 42.400105 ], [ -83.273319, 42.400058 ], [ -83.272529, 42.399974 ], [ -83.272368, 42.399958 ], [ -83.272117, 42.399955 ], [ -83.271785, 42.399962 ], [ -83.27166, 42.399964 ], [ -83.271548, 42.399967 ], [ -83.271057, 42.399978 ], [ -83.270874, 42.399996 ], [ -83.270648, 42.400019 ], [ -83.270101, 42.400102 ], [ -83.269878, 42.400136 ], [ -83.26921, 42.400201 ], [ -83.269037, 42.400203 ], [ -83.267884, 42.400217 ], [ -83.266676, 42.40024 ], [ -83.265519, 42.400244 ], [ -83.264371, 42.40025 ], [ -83.26428, 42.397567 ], [ -83.264206, 42.395368 ], [ -83.26418, 42.394601 ], [ -83.264133, 42.393149 ], [ -83.264133, 42.39299 ], [ -83.264115, 42.392138 ], [ -83.264114, 42.392048 ], [ -83.264135, 42.39195 ], [ -83.26417, 42.391861 ], [ -83.26422, 42.391782 ], [ -83.264294, 42.391701 ], [ -83.265103, 42.390969 ], [ -83.265493, 42.390613 ], [ -83.265568, 42.390534 ], [ -83.265633, 42.390452 ], [ -83.265696, 42.390354 ], [ -83.26575, 42.39023 ], [ -83.26578, 42.390117 ], [ -83.265794, 42.390004 ], [ -83.265791, 42.389891 ], [ -83.265774, 42.389794 ], [ -83.265748, 42.38971 ], [ -83.265701, 42.389608 ], [ -83.265642, 42.389513 ], [ -83.26516, 42.388826 ], [ -83.264783, 42.388281 ], [ -83.264713, 42.388149 ], [ -83.264685, 42.388061 ], [ -83.264656, 42.387963 ], [ -83.264648, 42.387896 ], [ -83.264633, 42.387437 ], [ -83.264646, 42.387339 ], [ -83.264671, 42.387243 ], [ -83.264703, 42.387159 ], [ -83.264795, 42.386964 ], [ -83.264825, 42.38687 ], [ -83.264842, 42.386786 ], [ -83.264852, 42.386654 ], [ -83.26485, 42.38608 ], [ -83.265226, 42.385792 ], [ -83.266827, 42.385776 ], [ -83.267072, 42.385775 ], [ -83.268653, 42.385772 ], [ -83.269647, 42.385737 ], [ -83.27062, 42.385664 ], [ -83.271006, 42.385639 ], [ -83.271116, 42.385632 ], [ -83.271779, 42.385584 ], [ -83.272505, 42.385545 ], [ -83.273608, 42.385504 ], [ -83.275208, 42.385468 ], [ -83.275231, 42.385837 ], [ -83.275302, 42.388698 ], [ -83.275361, 42.39019 ], [ -83.275432, 42.391985 ], [ -83.275451, 42.392458 ], [ -83.275558, 42.395191 ], [ -83.275673, 42.398168 ], [ -83.275725, 42.400096 ] ] ] } },
{ "type": "Feature", "properties": { "GEOID": "261635442001", "NAME": "15000US261635442001", "population": 647, "acs_year": "2020-2024", "ALAND": 627032, "AWATER": 0, "walk_minutes": 18.800674128905186, "access_bin": "<= 20 min", "within_15": false, "tract": "26163544200" }, "geometry": { "type": "Polygon", "coordinates": [ [ [ -83.2672, 42.412433 ], [ -83.267034, 42.412441 ], [ -83.266233, 42.412567 ], [ -83.266108, 42.412603 ], [ -83.265996, 42.412658 ], [ -83.265947, 42.41269 ], [ -83.265897, 42.412732 ], [ -83.265861, 42.41277 ], [ -83.26581, 42.412838 ], [ -83.265745, 42.412944 ], [ -83.265715, 42.413114 ], [ -83.265703, 42.413277 ], [ -83.265706, 42.413438 ], [ -83.265743, 42.413681 ], [ -83.265777, 42.413826 ], [ -83.265858, 42.414096 ], [ -83.2659, 42.414193 ], [ -83.265968, 42.414318 ], [ -83.266029, 42.414409 ], [ -83.266122, 42.414525 ], [ -83.266215, 42.414626 ], [ -83.26632, 42.414727 ], [ -83.265447, 42.414778 ], [ -83.264795, 42.414801 ], [ -83.264568, 42.414805 ], [ -83.264333, 42.414803 ], [ -83.263904, 42.414801 ], [ -83.263591, 42.414791 ], [ -83.262532, 42.41475 ], [ -83.262283, 42.414744 ], [ -83.262343, 42.414612 ], [ -83.262349, 42.413743 ], [ -83.262302, 42.412841 ], [ -83.262245, 42.411686 ], [ -83.262219, 42.41114 ], [ -83.262174, 42.410181 ], [ -83.26214, 42.409501 ], [ -83.262084, 42.408368 ], [ -83.262052, 42.407713 ], [ -83.262043, 42.407514 ], [ -83.26204, 42.407439 ], [ -83.26197, 42.405691 ], [ -83.261899, 42.403886 ], [ -83.261828, 42.402068 ], [ -83.261758, 42.40026 ], [ -83.263069, 42.400255 ], [ -83.264371, 42.40025 ], [ -83.265519, 42.400244 ], [ -83.266676, 42.40024 ], [ -83.266761, 42.402041 ], [ -83.266838, 42.403863 ], [ -83.26692, 42.405669 ], [ -83.266977, 42.406976 ], [ -83.267008, 42.407941 ], [ -83.26706, 42.409112 ], [ -83.267076, 42.409674 ], [ -83.267146, 42.411158 ], [ -83.2672, 42.412433 ] ] ] } },
{ "type": "Feature", "properties": { "GEOID": "261635443001", "NAME": "15000US261635443001", "population": 1194, "acs_year": "2020-2024", "ALAND": 645147, "AWATER": 0, "walk_minutes": 32.396292555301393, "access_bin": "> 20 min", "within_15": false, "tract": "26163544300" }, "geometry": { "type": "Polygon", "coordinates": [ [ [ -83.286698, 42.414252 ], [ -83.28604, 42.414263 ], [ -83.285876, 42.414266 ], [ -83.28517, 42.41429 ], [ -83.283637, 42.414338 ], [ -83.28231, 42.414382 ], [ -83.28136, 42.414414 ], [ -83.280978, 42.414427 ], [ -83.279646, 42.414468 ], [ -83.278319, 42.41451 ], [ -83.27771, 42.41453 ], [ -83.277405, 42.41453 ], [ -83.276967, 42.414535 ], [ -83.276885, 42.41275 ], [ -83.276892, 42.412439 ], [ -83.276895, 42.412312 ], [ -83.276878, 42.411901 ], [ -83.276863, 42.411514 ], [ -83.276811, 42.410493 ], [ -83.276781, 42.409519 ], [ -83.276737, 42.408274 ], [ -83.276686, 42.407458 ], [ -83.276681, 42.407278 ], [ -83.277131, 42.407278 ], [ -83.278032, 42.407265 ], [ -83.278699, 42.407251 ], [ -83.279372, 42.407231 ], [ -83.280013, 42.407211 ], [ -83.280702, 42.407196 ], [ -83.281417, 42.407181 ], [ -83.281571, 42.407175 ], [ -83.281952, 42.40716 ], [ -83.282029, 42.407157 ], [ -83.282239, 42.407151 ], [ -83.282846, 42.407127 ], [ -83.283492, 42.407103 ], [ -83.284922, 42.407047 ], [ -83.285608, 42.407026 ], [ -83.286463, 42.407 ], [ -83.286517, 42.409319 ], [ -83.286516, 42.409425 ], [ -83.286604, 42.411754 ], [ -83.286698, 42.414252 ] ] ] } },
{ "type": "Feature", "properties": { "GEOID": "261635367001", "NAME": "15000US261635367001", "population": 1347, "acs_year": "2020-2024", "ALAND": 643751, "AWATER": 0, "walk_minutes": 22.29354781780938, "access_bin": "> 20 min", "within_15": false, "tract": "26163536700" }, "geometry": { "type": "Polygon", "coordinates": [ [ [ -83.169402, 42.402229 ], [ -83.168331, 42.402259 ], [ -83.167279, 42.402289 ], [ -83.166204, 42.402316 ], [ -83.165114, 42.402348 ], [ -83.164838, 42.402358 ], [ -83.164266, 42.402389 ], [ -83.163972, 42.402398 ], [ -83.162898, 42.402431 ], [ -83.161821, 42.402463 ], [ -83.160742, 42.402494 ], [ -83.159688, 42.402515 ], [ -83.159675, 42.402451 ], [ -83.159642, 42.401775 ], [ -83.159611, 42.401052 ], [ -83.159573, 42.400241 ], [ -83.159531, 42.399389 ], [ -83.159473, 42.39797 ], [ -83.15935, 42.39524 ], [ -83.160407, 42.395223 ], [ -83.160939, 42.395213 ], [ -83.161472, 42.395203 ], [ -83.161802, 42.395197 ], [ -83.162535, 42.395173 ], [ -83.163205, 42.395155 ], [ -83.163607, 42.39515 ], [ -83.169053, 42.395031 ], [ -83.169185, 42.397744 ], [ -83.169224, 42.398553 ], [ -83.169295, 42.400036 ], [ -83.169402, 42.402229 ] ] ] } },
{ "type": "Feature", "properties": { "GEOID": "261635458002", "NAME": "15000US261635458002", "population": 2090, "acs_year": "2020-2024", "ALAND": 482141, "AWATER": 0, "walk_minutes": 27.432414685886499, "access_bin": "> 20 min", "within_15": false, "tract": "26163545800" }, "geometry": { "type": "Polygon", "coordinates": [ [ [ -83.232922, 42.343165 ], [ -83.231711, 42.343183 ], [ -83.230504, 42.343202 ], [ -83.229298, 42.343221 ], [ -83.228087, 42.34324 ], [ -83.226873, 42.34326 ], [ -83.225646, 42.343278 ], [ -83.225526, 42.33964 ], [ -83.225412, 42.336003 ], [ -83.226632, 42.335983 ], [ -83.227851, 42.335966 ], [ -83.229046, 42.335947 ], [ -83.230233, 42.335933 ], [ -83.231449, 42.33591 ], [ -83.232643, 42.335897 ], [ -83.232763, 42.339528 ], [ -83.232888, 42.343055 ], [ -83.232922, 42.343165 ] ] ] } },
{ "type": "Feature", "properties": { "GEOID": "261635409002", "NAME": "15000US261635409002", "population": 1632, "acs_year": "2020-2024", "ALAND": 547651, "AWATER": 0, "walk_minutes": 29.272577138563022, "access_bin": "> 20 min", "within_15": false, "tract": "26163540900" }, "geometry": { "type": "Polygon", "coordinates": [ [ [ -83.258867, 42.443403 ], [ -83.257123, 42.443448 ], [ -83.257028, 42.44345 ], [ -83.256552, 42.443463 ], [ -83.25641, 42.443467 ], [ -83.256322, 42.443469 ], [ -83.255353, 42.443495 ], [ -83.255176, 42.443499 ], [ -83.250371, 42.443628 ], [ -83.250365, 42.443453 ], [ -83.25035, 42.443147 ], [ -83.25031, 42.441822 ], [ -83.250247, 42.440063 ], [ -83.250181, 42.43821 ], [ -83.250119, 42.436543 ], [ -83.251305, 42.436513 ], [ -83.251606, 42.436506 ], [ -83.252526, 42.436483 ], [ -83.253735, 42.436453 ], [ -83.254921, 42.436428 ], [ -83.256143, 42.436404 ], [ -83.257364, 42.436379 ], [ -83.258572, 42.436355 ], [ -83.258636, 42.437973 ], [ -83.258687, 42.438957 ], [ -83.258708, 42.439775 ], [ -83.258775, 42.441585 ], [ -83.25884, 42.442997 ], [ -83.258853, 42.44323 ], [ -83.258867, 42.443403 ] ] ] } },
{ "type": "Feature", "properties": { "GEOID": "261635375002", "NAME": "15000US261635375002", "population": 784, "acs_year": "2020-2024", "ALAND": 290931, "AWATER": 0, "walk_minutes": 18.723392027405982, "access_bin": "<= 20 min", "within_15": false, "tract": "26163537500" }, "geometry": { "type": "Polygon", "coordinates": [ [ [ -83.189233, 42.409055 ], [ -83.188093, 42.409092 ], [ -83.18693, 42.40913 ], [ -83.185846, 42.409163 ], [ -83.184846, 42.409195 ], [ -83.184768, 42.407373 ], [ -83.184688, 42.405561 ], [ -83.184607, 42.403746 ], [ -83.184526, 42.401938 ], [ -83.185523, 42.401912 ], [ -83.186606, 42.401882 ], [ -83.187771, 42.40185 ], [ -83.188917, 42.401818 ], [ -83.188993, 42.403627 ], [ -83.189074, 42.405443 ], [ -83.189145, 42.407224 ], [ -83.189233, 42.409055 ] ] ] } },
{ "type": "Feature", "properties": { "GEOID": "261635233001", "NAME": "15000US261635233001", "population": 1507, "acs_year": "2020-2024", "ALAND": 220929, "AWATER": 0, "walk_minutes": 13.134801760116899, "access_bin": "<= 15 min", "within_15": true, "tract": "26163523300" }, "geometry": { "type": "Polygon", "coordinates": [ [ [ -83.104078, 42.320932 ], [ -83.102907, 42.321407 ], [ -83.101736, 42.321881 ], [ -83.100565, 42.322358 ], [ -83.099967, 42.322598 ], [ -83.099712, 42.32271 ], [ -83.099394, 42.32285 ], [ -83.098071, 42.323392 ], [ -83.097907, 42.323161 ], [ -83.096608, 42.321343 ], [ -83.095838, 42.320274 ], [ -83.0962, 42.320131 ], [ -83.097164, 42.319737 ], [ -83.098338, 42.319256 ], [ -83.099503, 42.318778 ], [ -83.100667, 42.318298 ], [ -83.101832, 42.317819 ], [ -83.102388, 42.318589 ], [ -83.102941, 42.319355 ], [ -83.103499, 42.320129 ], [ -83.104078, 42.320932 ] ] ] } },
{ "type": "Feature", "properties": { "GEOID": "261635007003", "NAME": "15000US261635007003", "population": 1421, "acs_year": "2020-2024", "ALAND": 353127, "AWATER": 0, "walk_minutes": 12.357271031257925, "access_bin": "<= 15 min", "within_15": true, "tract": "26163500700" }, "geometry": { "type": "Polygon", "coordinates": [ [ [ -82.953073, 42.427464 ], [ -82.9518, 42.429146 ], [ -82.950346, 42.431059 ], [ -82.949094, 42.432721 ], [ -82.948862, 42.433031 ], [ -82.948374, 42.433682 ], [ -82.948108, 42.434035 ], [ -82.947855, 42.434373 ], [ -82.945735, 42.433503 ], [ -82.943612, 42.432637 ], [ -82.94387, 42.432294 ], [ -82.944133, 42.431947 ], [ -82.944624, 42.431297 ], [ -82.944853, 42.430985 ], [ -82.946384, 42.428966 ], [ -82.947571, 42.427417 ], [ -82.948908, 42.425676 ], [ -82.949956, 42.426105 ], [ -82.950995, 42.42653 ], [ -82.952141, 42.427 ], [ -82.953137, 42.427405 ], [ -82.953073, 42.427464 ] ] ] } },
{ "type": "Feature", "properties": { "GEOID": "261635054001", "NAME": "15000US261635054001", "population": 450, "acs_year": "2020-2024", "ALAND": 725974, "AWATER": 0, "walk_minutes": 9.2896126078366823, "access_bin": "<= 10 min", "within_15": true, "tract": "26163505400" }, "geometry": { "type": "Polygon", "coordinates": [ [ [ -82.998977, 42.421749 ], [ -82.998124, 42.422056 ], [ -82.997929, 42.422127 ], [ -82.997269, 42.422365 ], [ -82.996786, 42.42254 ], [ -82.996318, 42.422708 ], [ -82.99556, 42.422981 ], [ -82.995369, 42.42305 ], [ -82.994383, 42.423405 ], [ -82.99324, 42.423811 ], [ -82.992144, 42.424201 ], [ -82.991104, 42.42457 ], [ -82.990079, 42.424935 ], [ -82.989189, 42.425251 ], [ -82.98908, 42.425293 ], [ -82.988881, 42.425371 ], [ -82.987836, 42.425746 ], [ -82.986813, 42.426109 ], [ -82.985779, 42.426475 ], [ -82.984889, 42.42679 ], [ -82.984797, 42.426812 ], [ -82.98463, 42.426851 ], [ -82.983327, 42.426879 ], [ -82.983069, 42.426929 ], [ -82.983557, 42.426195 ], [ -82.984095, 42.425375 ], [ -82.984199, 42.425217 ], [ -82.984635, 42.424554 ], [ -82.985163, 42.423752 ], [ -82.985641, 42.423026 ], [ -82.986214, 42.422153 ], [ -82.98668, 42.421442 ], [ -82.986827, 42.421219 ], [ -82.987172, 42.420688 ], [ -82.987381, 42.42037 ], [ -82.987699, 42.419887 ], [ -82.988056, 42.419337 ], [ -82.988236, 42.41906 ], [ -82.988706, 42.418344 ], [ -82.988811, 42.418183 ], [ -82.989157, 42.417651 ], [ -82.989482, 42.417154 ], [ -82.98975, 42.417124 ], [ -82.989816, 42.417101 ], [ -82.990775, 42.416764 ], [ -82.991736, 42.416425 ], [ -82.992473, 42.416168 ], [ -82.993885, 42.41567 ], [ -82.994369, 42.41643 ], [ -82.994826, 42.41715 ], [ -82.994933, 42.417323 ], [ -82.995369, 42.417974 ], [ -82.995932, 42.41881 ], [ -82.996078, 42.419032 ], [ -82.996085, 42.419055 ], [ -82.99608, 42.419087 ], [ -82.996061, 42.419114 ], [ -82.995811, 42.419308 ], [ -82.996343, 42.419684 ], [ -82.997287, 42.42035 ], [ -82.998243, 42.421028 ], [ -82.998649, 42.421312 ], [ -82.998767, 42.421401 ], [ -82.998944, 42.421664 ], [ -82.998977, 42.421749 ] ] ] } },
{ "type": "Feature", "properties": { "GEOID": "261635014001", "NAME": "15000US261635014001", "population": 934, "acs_year": "2020-2024", "ALAND": 660752, "AWATER": 0, "walk_minutes": 3.5909587257014093, "access_bin": "<= 5 min", "within_15": true, "tract": "26163501400" }, "geometry": { "type": "Polygon", "coordinates": [ [ [ -82.948437, 42.409161 ], [ -82.947216, 42.410078 ], [ -82.946276, 42.410767 ], [ -82.943396, 42.412935 ], [ -82.940444, 42.415168 ], [ -82.939859, 42.415596 ], [ -82.939229, 42.416057 ], [ -82.939209, 42.416071 ], [ -82.939076, 42.416163 ], [ -82.938913, 42.416276 ], [ -82.9387, 42.416412 ], [ -82.938114, 42.4168 ], [ -82.937228, 42.417333 ], [ -82.937145, 42.417209 ], [ -82.936928, 42.416888 ], [ -82.936889, 42.416827 ], [ -82.936637, 42.416436 ], [ -82.936373, 42.416044 ], [ -82.935477, 42.414665 ], [ -82.935214, 42.414269 ], [ -82.934142, 42.412641 ], [ -82.933231, 42.411258 ], [ -82.933125, 42.411107 ], [ -82.933005, 42.410924 ], [ -82.934072, 42.410534 ], [ -82.935242, 42.410103 ], [ -82.936292, 42.409721 ], [ -82.937296, 42.409355 ], [ -82.938423, 42.40894 ], [ -82.939586, 42.408514 ], [ -82.939832, 42.408424 ], [ -82.94101, 42.407989 ], [ -82.942143, 42.407574 ], [ -82.943144, 42.407209 ], [ -82.944127, 42.40685 ], [ -82.944245, 42.407031 ], [ -82.945252, 42.408571 ], [ -82.945864, 42.409508 ], [ -82.946009, 42.409729 ], [ -82.946131, 42.409644 ], [ -82.946196, 42.409605 ], [ -82.946432, 42.409479 ], [ -82.946606, 42.409402 ], [ -82.946908, 42.409289 ], [ -82.947214, 42.409198 ], [ -82.947238, 42.409194 ], [ -82.947793, 42.409122 ], [ -82.948214, 42.409091 ], [ -82.94858, 42.409064 ], [ -82.948437, 42.409161 ] ] ] } },
{ "type": "Feature", "properties": { "GEOID": "261635215002", "NAME": "15000US261635215002", "population": 678, "acs_year": "2020-2024", "ALAND": 521289, "AWATER": 0, "walk_minutes": 20.466110103590633, "access_bin": "> 20 min", "within_15": false, "tract": "26163521500" }, "geometry": { "type": "Polygon", "coordinates": [ [ [ -83.090548, 42.336304 ], [ -83.090176, 42.336428 ], [ -83.089944, 42.336506 ], [ -83.088552, 42.33695 ], [ -83.087222, 42.337369 ], [ -83.085633, 42.337829 ], [ -83.084683, 42.338079 ], [ -83.084305, 42.338191 ], [ -83.084212, 42.338218 ], [ -83.083669, 42.338416 ], [ -83.083525, 42.338484 ], [ -83.083184, 42.338611 ], [ -83.082927, 42.338706 ], [ -83.082701, 42.338784 ], [ -83.082196, 42.338942 ], [ -83.081261, 42.339222 ], [ -83.081144, 42.339258 ], [ -83.081028, 42.339295 ], [ -83.080949, 42.339155 ], [ -83.080075, 42.337625 ], [ -83.07922, 42.336122 ], [ -83.078789, 42.33537 ], [ -83.07836, 42.334617 ], [ -83.077503, 42.333121 ], [ -83.077413, 42.332959 ], [ -83.077248, 42.332672 ], [ -83.077168, 42.332529 ], [ -83.077551, 42.332522 ], [ -83.077842, 42.332529 ], [ -83.077951, 42.332532 ], [ -83.07835, 42.33255 ], [ -83.079179, 42.332636 ], [ -83.079872, 42.332721 ], [ -83.08079, 42.332844 ], [ -83.081986, 42.332928 ], [ -83.0823, 42.33293 ], [ -83.082659, 42.332891 ], [ -83.083188, 42.332823 ], [ -83.083573, 42.332732 ], [ -83.083888, 42.332644 ], [ -83.08397, 42.332621 ], [ -83.084301, 42.332493 ], [ -83.084581, 42.332363 ], [ -83.085186, 42.332029 ], [ -83.085227, 42.331991 ], [ -83.085428, 42.331851 ], [ -83.0858, 42.33146 ], [ -83.086008, 42.331185 ], [ -83.08613, 42.331003 ], [ -83.086213, 42.330862 ], [ -83.08631, 42.330672 ], [ -83.086373, 42.330526 ], [ -83.086444, 42.33033 ], [ -83.086491, 42.330169 ], [ -83.086858, 42.331456 ], [ -83.087226, 42.332731 ], [ -83.087282, 42.33296 ], [ -83.087412, 42.333256 ], [ -83.08755, 42.333499 ], [ -83.08774, 42.333766 ], [ -83.087963, 42.334018 ], [ -83.088161, 42.334204 ], [ -83.088332, 42.334354 ], [ -83.088607, 42.334569 ], [ -83.088996, 42.334885 ], [ -83.089418, 42.335234 ], [ -83.090053, 42.335776 ], [ -83.090432, 42.336165 ], [ -83.090548, 42.336304 ] ] ] } },
{ "type": "Feature", "properties": { "GEOID": "261635219003", "NAME": "15000US261635219003", "population": 52, "acs_year": "2020-2024", "ALAND": 184497, "AWATER": 0, "walk_minutes": 15.056376860824331, "access_bin": "<= 20 min", "within_15": false, "tract": "26163521900" }, "geometry": { "type": "Polygon", "coordinates": [ [ [ -83.089026, 42.34885 ], [ -83.088024, 42.349164 ], [ -83.087525, 42.349321 ], [ -83.086861, 42.34953 ], [ -83.085532, 42.34995 ], [ -83.084349, 42.35032 ], [ -83.082993, 42.350746 ], [ -83.082379, 42.349664 ], [ -83.081984, 42.348966 ], [ -83.081767, 42.34858 ], [ -83.081587, 42.34826 ], [ -83.081447, 42.34801 ], [ -83.081158, 42.347498 ], [ -83.080724, 42.346733 ], [ -83.080882, 42.346669 ], [ -83.082108, 42.346265 ], [ -83.082248, 42.346237 ], [ -83.08236, 42.346197 ], [ -83.082429, 42.346148 ], [ -83.082444, 42.346079 ], [ -83.082475, 42.34594 ], [ -83.082823, 42.346081 ], [ -83.083515, 42.34636 ], [ -83.084965, 42.346943 ], [ -83.085515, 42.347164 ], [ -83.087183, 42.347839 ], [ -83.08793, 42.348143 ], [ -83.08879, 42.348489 ], [ -83.089352, 42.348713 ], [ -83.089026, 42.34885 ] ] ] } },
{ "type": "Feature", "properties": { "GEOID": "261635223001", "NAME": "15000US261635223001", "population": 810, "acs_year": "2020-2024", "ALAND": 735462, "AWATER": 0, "walk_minutes": 25.75670676508766, "access_bin": "> 20 min", "within_15": false, "tract": "26163522300" }, "geometry": { "type": "Polygon", "coordinates": [ [ [ -83.097381, 42.361248 ], [ -83.097165, 42.361338 ], [ -83.096357, 42.361628 ], [ -83.094512, 42.362313 ], [ -83.093836, 42.362561 ], [ -83.093237, 42.362787 ], [ -83.092769, 42.362956 ], [ -83.091027, 42.363609 ], [ -83.090936, 42.363467 ], [ -83.090192, 42.362482 ], [ -83.088866, 42.360756 ], [ -83.088662, 42.360489 ], [ -83.088095, 42.359755 ], [ -83.087822, 42.359264 ], [ -83.087104, 42.357998 ], [ -83.086384, 42.356726 ], [ -83.085859, 42.3558 ], [ -83.085694, 42.35551 ], [ -83.085361, 42.354933 ], [ -83.085186, 42.354623 ], [ -83.085116, 42.354498 ], [ -83.085733, 42.354309 ], [ -83.086742, 42.353999 ], [ -83.087275, 42.353842 ], [ -83.087697, 42.353697 ], [ -83.088981, 42.353289 ], [ -83.090973, 42.352669 ], [ -83.091939, 42.352364 ], [ -83.093397, 42.35189 ], [ -83.093718, 42.351795 ], [ -83.093788, 42.351918 ], [ -83.093998, 42.352276 ], [ -83.094279, 42.35276 ], [ -83.095008, 42.35402 ], [ -83.09574, 42.355282 ], [ -83.096193, 42.356063 ], [ -83.095006, 42.356717 ], [ -83.093863, 42.357343 ], [ -83.093904, 42.357417 ], [ -83.094916, 42.358539 ], [ -83.09641, 42.360185 ], [ -83.097274, 42.361135 ], [ -83.097381, 42.361248 ] ] ] } },
{ "type": "Feature", "properties": { "GEOID": "261635233003", "NAME": "15000US261635233003", "population": 594, "acs_year": "2020-2024", "ALAND": 195161, "AWATER": 0, "walk_minutes": 17.581457805686956, "access_bin": "<= 20 min", "within_15": false, "tract": "26163523300" }, "geometry": { "type": "Polygon", "coordinates": [ [ [ -83.099074, 42.313984 ], [ -83.097923, 42.314479 ], [ -83.096772, 42.314975 ], [ -83.095623, 42.31547 ], [ -83.094655, 42.315882 ], [ -83.09446, 42.31596 ], [ -83.093131, 42.316495 ], [ -83.091949, 42.314822 ], [ -83.091288, 42.313951 ], [ -83.091092, 42.313672 ], [ -83.09254, 42.313114 ], [ -83.093721, 42.312661 ], [ -83.095724, 42.311893 ], [ -83.095854, 42.31184 ], [ -83.096613, 42.311526 ], [ -83.097156, 42.311316 ], [ -83.097335, 42.311566 ], [ -83.097555, 42.311872 ], [ -83.097891, 42.31234 ], [ -83.098448, 42.313115 ], [ -83.099006, 42.31389 ], [ -83.099074, 42.313984 ] ] ] } },
{ "type": "Feature", "properties": { "GEOID": "261635402001", "NAME": "15000US261635402001", "population": 911, "acs_year": "2020-2024", "ALAND": 363713, "AWATER": 0, "walk_minutes": 21.060496805502336, "access_bin": "> 20 min", "within_15": false, "tract": "26163540200" }, "geometry": { "type": "Polygon", "coordinates": [ [ [ -83.213179, 42.437349 ], [ -83.212324, 42.437365 ], [ -83.212055, 42.43737 ], [ -83.21114, 42.437387 ], [ -83.210934, 42.437391 ], [ -83.209868, 42.437412 ], [ -83.208726, 42.437437 ], [ -83.207593, 42.437463 ], [ -83.207538, 42.435823 ], [ -83.207526, 42.435668 ], [ -83.207457, 42.433931 ], [ -83.20738, 42.432112 ], [ -83.207314, 42.430441 ], [ -83.207364, 42.430312 ], [ -83.208463, 42.430296 ], [ -83.209594, 42.430275 ], [ -83.21063, 42.430257 ], [ -83.21173, 42.430226 ], [ -83.212771, 42.430196 ], [ -83.212967, 42.431993 ], [ -83.213037, 42.433808 ], [ -83.213107, 42.435545 ], [ -83.213179, 42.437349 ] ] ] } },
{ "type": "Feature", "properties": { "GEOID": "261635402003", "NAME": "15000US261635402003", "population": 1580, "acs_year": "2020-2024", "ALAND": 487875, "AWATER": 0, "walk_minutes": 14.430972112916956, "access_bin": "<= 15 min", "within_15": true, "tract": "26163540200" }, "geometry": { "type": "Polygon", "coordinates": [ [ [ -83.207593, 42.437463 ], [ -83.206565, 42.437486 ], [ -83.205535, 42.437506 ], [ -83.204382, 42.437528 ], [ -83.203, 42.437558 ], [ -83.201616, 42.437592 ], [ -83.200404, 42.437622 ], [ -83.200178, 42.437624 ], [ -83.200104, 42.435855 ], [ -83.2001, 42.43574 ], [ -83.200027, 42.434007 ], [ -83.199947, 42.432201 ], [ -83.199874, 42.430422 ], [ -83.200963, 42.430402 ], [ -83.201307, 42.430395 ], [ -83.202049, 42.43038 ], [ -83.202899, 42.430365 ], [ -83.203125, 42.430363 ], [ -83.204136, 42.430351 ], [ -83.205253, 42.430338 ], [ -83.206312, 42.430326 ], [ -83.207364, 42.430312 ], [ -83.207314, 42.430441 ], [ -83.20738, 42.432112 ], [ -83.207457, 42.433931 ], [ -83.207526, 42.435668 ], [ -83.207538, 42.435823 ], [ -83.207593, 42.437463 ] ] ] } },
{ "type": "Feature", "properties": { "GEOID": "261635262001", "NAME": "15000US261635262001", "population": 1196, "acs_year": "2020-2024", "ALAND": 256297, "AWATER": 0, "walk_minutes": 26.512871326167332, "access_bin": "> 20 min", "within_15": false, "tract": "26163526200" }, "geometry": { "type": "Polygon", "coordinates": [ [ [ -83.149257, 42.337027 ], [ -83.147974, 42.337529 ], [ -83.147106, 42.33787 ], [ -83.146232, 42.338215 ], [ -83.146127, 42.338255 ], [ -83.145204, 42.338608 ], [ -83.144343, 42.338945 ], [ -83.143628, 42.339228 ], [ -83.143467, 42.339291 ], [ -83.141865, 42.337042 ], [ -83.140744, 42.335507 ], [ -83.14158, 42.335164 ], [ -83.142559, 42.334769 ], [ -83.143465, 42.334406 ], [ -83.144332, 42.334058 ], [ -83.145194, 42.33371 ], [ -83.146426, 42.333213 ], [ -83.147026, 42.33404 ], [ -83.148531, 42.336115 ], [ -83.148986, 42.336719 ], [ -83.149257, 42.337027 ] ] ] } },
{ "type": "Feature", "properties": { "GEOID": "261635242001", "NAME": "15000US261635242001", "population": 934, "acs_year": "2020-2024", "ALAND": 336722, "AWATER": 0, "walk_minutes": 7.1357907456013336, "access_bin": "<= 10 min", "within_15": true, "tract": "26163524200" }, "geometry": { "type": "Polygon", "coordinates": [ [ [ -83.136877, 42.304401 ], [ -83.136815, 42.304665 ], [ -83.136691, 42.305211 ], [ -83.136669, 42.305257 ], [ -83.13664, 42.305289 ], [ -83.136578, 42.305326 ], [ -83.135541, 42.305742 ], [ -83.135011, 42.30594 ], [ -83.134855, 42.306006 ], [ -83.13481, 42.306047 ], [ -83.134791, 42.306083 ], [ -83.134783, 42.306121 ], [ -83.134793, 42.306188 ], [ -83.135779, 42.307523 ], [ -83.135912, 42.307692 ], [ -83.136039, 42.307853 ], [ -83.135297, 42.308154 ], [ -83.135163, 42.308209 ], [ -83.134426, 42.308507 ], [ -83.134307, 42.308554 ], [ -83.133588, 42.308844 ], [ -83.133446, 42.308901 ], [ -83.132733, 42.309192 ], [ -83.132564, 42.309262 ], [ -83.132102, 42.308592 ], [ -83.131655, 42.307942 ], [ -83.131207, 42.307291 ], [ -83.130945, 42.306912 ], [ -83.130762, 42.306644 ], [ -83.127832, 42.30776 ], [ -83.125755, 42.308552 ], [ -83.125294, 42.308766 ], [ -83.124811, 42.3081 ], [ -83.124351, 42.307461 ], [ -83.123857, 42.306778 ], [ -83.123408, 42.306159 ], [ -83.123278, 42.305979 ], [ -83.125922, 42.304974 ], [ -83.128854, 42.303865 ], [ -83.129155, 42.304305 ], [ -83.129413, 42.304677 ], [ -83.129605, 42.304958 ], [ -83.129851, 42.305311 ], [ -83.129918, 42.305407 ], [ -83.130319, 42.305997 ], [ -83.130415, 42.306137 ], [ -83.134163, 42.304709 ], [ -83.1347, 42.304514 ], [ -83.136527, 42.30381 ], [ -83.136861, 42.304291 ], [ -83.136875, 42.304327 ], [ -83.13688, 42.304364 ], [ -83.136877, 42.304401 ] ] ] } },
{ "type": "Feature", "properties": { "GEOID": "261635242002", "NAME": "15000US261635242002", "population": 1706, "acs_year": "2020-2024", "ALAND": 177345, "AWATER": 0, "walk_minutes": 9.5550110886571709, "access_bin": "<= 10 min", "within_15": true, "tract": "26163524200" }, "geometry": { "type": "Polygon", "coordinates": [ [ [ -83.136527, 42.30381 ], [ -83.1347, 42.304514 ], [ -83.134163, 42.304709 ], [ -83.130415, 42.306137 ], [ -83.130319, 42.305997 ], [ -83.129918, 42.305407 ], [ -83.129851, 42.305311 ], [ -83.129605, 42.304958 ], [ -83.129413, 42.304677 ], [ -83.129155, 42.304305 ], [ -83.128854, 42.303865 ], [ -83.128704, 42.303647 ], [ -83.130414, 42.302975 ], [ -83.131734, 42.302463 ], [ -83.13477, 42.301283 ], [ -83.135222, 42.301933 ], [ -83.135679, 42.302589 ], [ -83.136103, 42.3032 ], [ -83.136527, 42.30381 ] ] ] } },
{ "type": "Feature", "properties": { "GEOID": "261635411001", "NAME": "15000US261635411001", "population": 1205, "acs_year": "2020-2024", "ALAND": 718477, "AWATER": 0, "walk_minutes": 18.183106439622591, "access_bin": "<= 20 min", "within_15": false, "tract": "26163541100" }, "geometry": { "type": "Polygon", "coordinates": [ [ [ -83.249824, 42.429309 ], [ -83.248527, 42.429337 ], [ -83.247429, 42.429363 ], [ -83.246443, 42.429389 ], [ -83.246162, 42.429396 ], [ -83.245289, 42.429418 ], [ -83.24426, 42.429442 ], [ -83.244304, 42.429302 ], [ -83.244176, 42.427023 ], [ -83.2441, 42.425682 ], [ -83.244042, 42.424356 ], [ -83.24391, 42.421532 ], [ -83.243819, 42.419768 ], [ -83.243785, 42.419092 ], [ -83.24369, 42.417295 ], [ -83.243576, 42.41503 ], [ -83.244424, 42.415005 ], [ -83.244772, 42.414994 ], [ -83.245542, 42.414973 ], [ -83.245944, 42.414962 ], [ -83.246607, 42.414944 ], [ -83.247151, 42.414927 ], [ -83.247752, 42.414912 ], [ -83.248952, 42.414887 ], [ -83.248963, 42.414986 ], [ -83.249148, 42.418074 ], [ -83.2492, 42.418939 ], [ -83.24936, 42.421573 ], [ -83.24944, 42.423009 ], [ -83.2495, 42.424251 ], [ -83.249579, 42.425618 ], [ -83.24964, 42.42645 ], [ -83.24967, 42.427132 ], [ -83.249776, 42.428936 ], [ -83.249797, 42.429197 ], [ -83.249824, 42.429309 ] ] ] } },
{ "type": "Feature", "properties": { "GEOID": "261635439001", "NAME": "15000US261635439001", "population": 839, "acs_year": "2020-2024", "ALAND": 1237327, "AWATER": 0, "walk_minutes": 43.499058347386523, "access_bin": "> 20 min", "within_15": false, "tract": "26163543900" }, "geometry": { "type": "Polygon", "coordinates": [ [ [ -83.261164, 42.382599 ], [ -83.261129, 42.382711 ], [ -83.261093, 42.382792 ], [ -83.261032, 42.382897 ], [ -83.260976, 42.382973 ], [ -83.260891, 42.383068 ], [ -83.260819, 42.383136 ], [ -83.260741, 42.383199 ], [ -83.260626, 42.383276 ], [ -83.260502, 42.383343 ], [ -83.260393, 42.383392 ], [ -83.260257, 42.38344 ], [ -83.260152, 42.38347 ], [ -83.260043, 42.383493 ], [ -83.259933, 42.383509 ], [ -83.259746, 42.383523 ], [ -83.259165, 42.383532 ], [ -83.258386, 42.383546 ], [ -83.257622, 42.383561 ], [ -83.256719, 42.383563 ], [ -83.256307, 42.383601 ], [ -83.25624, 42.383622 ], [ -83.256204, 42.383642 ], [ -83.256174, 42.383675 ], [ -83.256152, 42.383723 ], [ -83.256142, 42.38381 ], [ -83.256173, 42.385038 ], [ -83.256191, 42.385436 ], [ -83.256192, 42.385616 ], [ -83.256112, 42.385616 ], [ -83.256033, 42.385615 ], [ -83.254913, 42.385602 ], [ -83.251973, 42.385545 ], [ -83.250506, 42.385551 ], [ -83.250405, 42.385553 ], [ -83.246592, 42.38561 ], [ -83.246012, 42.385617 ], [ -83.245658, 42.38561 ], [ -83.245242, 42.385584 ], [ -83.244815, 42.385539 ], [ -83.244424, 42.38548 ], [ -83.244021, 42.385401 ], [ -83.243626, 42.385305 ], [ -83.243238, 42.385192 ], [ -83.242861, 42.385063 ], [ -83.242464, 42.384905 ], [ -83.242107, 42.384741 ], [ -83.241764, 42.384563 ], [ -83.241499, 42.384409 ], [ -83.24127, 42.384264 ], [ -83.241026, 42.384094 ], [ -83.240792, 42.383916 ], [ -83.23938, 42.382708 ], [ -83.238826, 42.382201 ], [ -83.237823, 42.38135 ], [ -83.237485, 42.381078 ], [ -83.236975, 42.380695 ], [ -83.236707, 42.380501 ], [ -83.236653, 42.380462 ], [ -83.236646, 42.380256 ], [ -83.236634, 42.380031 ], [ -83.236625, 42.379851 ], [ -83.236614, 42.379659 ], [ -83.236591, 42.379236 ], [ -83.23658, 42.379063 ], [ -83.236571, 42.378925 ], [ -83.236561, 42.378763 ], [ -83.236559, 42.378718 ], [ -83.236952, 42.378776 ], [ -83.237232, 42.378833 ], [ -83.237743, 42.378911 ], [ -83.238106, 42.378968 ], [ -83.238349, 42.378999 ], [ -83.238873, 42.379037 ], [ -83.238955, 42.37904 ], [ -83.239935, 42.379033 ], [ -83.24019, 42.379038 ], [ -83.241433, 42.379026 ], [ -83.246411, 42.378981 ], [ -83.255852, 42.378916 ], [ -83.261104, 42.378822 ], [ -83.261105, 42.378875 ], [ -83.261107, 42.378996 ], [ -83.261124, 42.379929 ], [ -83.261189, 42.382429 ], [ -83.261164, 42.382599 ] ] ] } },
{ "type": "Feature", "properties": { "GEOID": "261635407001", "NAME": "15000US261635407001", "population": 677, "acs_year": "2020-2024", "ALAND": 365494, "AWATER": 0, "walk_minutes": 8.4313356431096782, "access_bin": "<= 10 min", "within_15": true, "tract": "26163540700" }, "geometry": { "type": "Polygon", "coordinates": [ [ [ -83.238994, 42.433172 ], [ -83.238502, 42.433192 ], [ -83.237907, 42.433206 ], [ -83.236819, 42.433232 ], [ -83.235732, 42.433259 ], [ -83.23468, 42.433285 ], [ -83.233506, 42.433318 ], [ -83.232285, 42.433352 ], [ -83.231182, 42.433389 ], [ -83.230246, 42.433428 ], [ -83.229239, 42.433464 ], [ -83.22912, 42.43347 ], [ -83.22792, 42.43349 ], [ -83.227845, 42.431624 ], [ -83.227774, 42.429864 ], [ -83.228661, 42.429849 ], [ -83.22909, 42.42984 ], [ -83.229786, 42.429823 ], [ -83.230972, 42.429789 ], [ -83.232148, 42.429757 ], [ -83.233361, 42.429722 ], [ -83.234539, 42.429691 ], [ -83.235588, 42.429662 ], [ -83.236677, 42.429632 ], [ -83.237765, 42.429601 ], [ -83.238866, 42.429572 ], [ -83.238907, 42.430604 ], [ -83.238922, 42.431329 ], [ -83.23895, 42.432096 ], [ -83.238994, 42.433172 ] ] ] } },
{ "type": "Feature", "properties": { "GEOID": "261635407002", "NAME": "15000US261635407002", "population": 1513, "acs_year": "2020-2024", "ALAND": 362830, "AWATER": 0, "walk_minutes": 15.72068026544234, "access_bin": "<= 20 min", "within_15": false, "tract": "26163540700" }, "geometry": { "type": "Polygon", "coordinates": [ [ [ -83.239136, 42.436772 ], [ -83.237995, 42.4368 ], [ -83.236957, 42.436827 ], [ -83.23658, 42.436837 ], [ -83.235876, 42.436856 ], [ -83.234845, 42.436881 ], [ -83.233813, 42.436907 ], [ -83.23279, 42.436952 ], [ -83.231828, 42.436999 ], [ -83.231804, 42.436989 ], [ -83.231781, 42.43697 ], [ -83.229152, 42.43693 ], [ -83.229015, 42.437001 ], [ -83.228925, 42.437042 ], [ -83.228803, 42.437079 ], [ -83.228655, 42.437093 ], [ -83.228125, 42.437112 ], [ -83.228073, 42.437028 ], [ -83.228062, 42.436969 ], [ -83.227992, 42.435271 ], [ -83.22792, 42.43349 ], [ -83.22912, 42.43347 ], [ -83.229239, 42.433464 ], [ -83.230246, 42.433428 ], [ -83.231182, 42.433389 ], [ -83.232285, 42.433352 ], [ -83.233506, 42.433318 ], [ -83.23468, 42.433285 ], [ -83.235732, 42.433259 ], [ -83.236819, 42.433232 ], [ -83.237907, 42.433206 ], [ -83.238502, 42.433192 ], [ -83.238994, 42.433172 ], [ -83.239023, 42.433858 ], [ -83.239066, 42.434986 ], [ -83.239136, 42.436772 ] ] ] } },
{ "type": "Feature", "properties": { "GEOID": "261635254002", "NAME": "15000US261635254002", "population": 1367, "acs_year": "2020-2024", "ALAND": 659490, "AWATER": 0, "walk_minutes": 12.424952242888191, "access_bin": "<= 15 min", "within_15": true, "tract": "26163525400" }, "geometry": { "type": "Polygon", "coordinates": [ [ [ -83.124856, 42.337325 ], [ -83.123134, 42.338011 ], [ -83.122312, 42.338332 ], [ -83.122097, 42.338419 ], [ -83.12105, 42.338843 ], [ -83.120658, 42.339005 ], [ -83.120297, 42.339168 ], [ -83.12, 42.339313 ], [ -83.119945, 42.33934 ], [ -83.119601, 42.339521 ], [ -83.119184, 42.339761 ], [ -83.119125, 42.339798 ], [ -83.118861, 42.339963 ], [ -83.118666, 42.340098 ], [ -83.118361, 42.340323 ], [ -83.118024, 42.340586 ], [ -83.117319, 42.341178 ], [ -83.116815, 42.341592 ], [ -83.11543, 42.342761 ], [ -83.115125, 42.343028 ], [ -83.114913, 42.342732 ], [ -83.11405, 42.341531 ], [ -83.112831, 42.339836 ], [ -83.111664, 42.33821 ], [ -83.110566, 42.336653 ], [ -83.110851, 42.336539 ], [ -83.111159, 42.336416 ], [ -83.11159, 42.336236 ], [ -83.111796, 42.336223 ], [ -83.11191, 42.336206 ], [ -83.11243, 42.336022 ], [ -83.112873, 42.335845 ], [ -83.113753, 42.335495 ], [ -83.114632, 42.335144 ], [ -83.115498, 42.334797 ], [ -83.116395, 42.334448 ], [ -83.11753, 42.334002 ], [ -83.118659, 42.333554 ], [ -83.11897, 42.333431 ], [ -83.12017, 42.332952 ], [ -83.121338, 42.332485 ], [ -83.12167, 42.33294 ], [ -83.122198, 42.333664 ], [ -83.122726, 42.33439 ], [ -83.123261, 42.335127 ], [ -83.123761, 42.335816 ], [ -83.124328, 42.336598 ], [ -83.124615, 42.336992 ], [ -83.124856, 42.337325 ] ] ] } },
{ "type": "Feature", "properties": { "GEOID": "261635257001", "NAME": "15000US261635257001", "population": 1049, "acs_year": "2020-2024", "ALAND": 486031, "AWATER": 0, "walk_minutes": 11.406236742419775, "access_bin": "<= 15 min", "within_15": true, "tract": "26163525700" }, "geometry": { "type": "Polygon", "coordinates": [ [ [ -83.127373, 42.331147 ], [ -83.126584, 42.331151 ], [ -83.12529, 42.331128 ], [ -83.124413, 42.331131 ], [ -83.123584, 42.331126 ], [ -83.122079, 42.33112 ], [ -83.120338, 42.331112 ], [ -83.11991, 42.330518 ], [ -83.118751, 42.328923 ], [ -83.117728, 42.327518 ], [ -83.116748, 42.326171 ], [ -83.11599, 42.325126 ], [ -83.115521, 42.324483 ], [ -83.115389, 42.324302 ], [ -83.115311, 42.324195 ], [ -83.121837, 42.323241 ], [ -83.121887, 42.323377 ], [ -83.122261, 42.323886 ], [ -83.123272, 42.325277 ], [ -83.123371, 42.325414 ], [ -83.123739, 42.325924 ], [ -83.123887, 42.326128 ], [ -83.124214, 42.326582 ], [ -83.124302, 42.326706 ], [ -83.124799, 42.327382 ], [ -83.125306, 42.328081 ], [ -83.125469, 42.328307 ], [ -83.125862, 42.328856 ], [ -83.126361, 42.329529 ], [ -83.126609, 42.329891 ], [ -83.126821, 42.330181 ], [ -83.127434, 42.331021 ], [ -83.127373, 42.331147 ] ] ] } },
{ "type": "Feature", "properties": { "GEOID": "261635261002", "NAME": "15000US261635261002", "population": 1592, "acs_year": "2020-2024", "ALAND": 509971, "AWATER": 0, "walk_minutes": 34.099131473901423, "access_bin": "> 20 min", "within_15": false, "tract": "26163526100" }, "geometry": { "type": "Polygon", "coordinates": [ [ [ -83.156981, 42.336961 ], [ -83.155857, 42.336981 ], [ -83.155826, 42.336991 ], [ -83.155172, 42.337107 ], [ -83.154428, 42.337239 ], [ -83.15385, 42.337382 ], [ -83.153183, 42.337612 ], [ -83.152335, 42.337994 ], [ -83.151769, 42.338308 ], [ -83.151032, 42.338789 ], [ -83.150901, 42.338869 ], [ -83.150814, 42.338784 ], [ -83.150457, 42.338385 ], [ -83.149857, 42.337709 ], [ -83.149257, 42.337027 ], [ -83.150124, 42.336689 ], [ -83.150998, 42.336348 ], [ -83.151898, 42.335997 ], [ -83.151356, 42.335233 ], [ -83.149721, 42.332992 ], [ -83.149097, 42.332142 ], [ -83.14837, 42.331149 ], [ -83.14838, 42.33111 ], [ -83.148353, 42.330792 ], [ -83.148606, 42.33073 ], [ -83.150132, 42.330383 ], [ -83.151045, 42.330175 ], [ -83.150949, 42.330049 ], [ -83.151669, 42.329882 ], [ -83.151838, 42.329845 ], [ -83.151931, 42.329823 ], [ -83.152045, 42.329796 ], [ -83.154282, 42.329279 ], [ -83.154368, 42.329259 ], [ -83.155077, 42.329104 ], [ -83.155951, 42.328901 ], [ -83.15668, 42.328731 ], [ -83.156687, 42.328909 ], [ -83.156716, 42.329522 ], [ -83.156737, 42.329925 ], [ -83.156854, 42.333943 ], [ -83.156981, 42.336961 ] ] ] } },
{ "type": "Feature", "properties": { "GEOID": "261635262003", "NAME": "15000US261635262003", "population": 852, "acs_year": "2020-2024", "ALAND": 287899, "AWATER": 0, "walk_minutes": 32.270907804339863, "access_bin": "> 20 min", "within_15": false, "tract": "26163526200" }, "geometry": { "type": "Polygon", "coordinates": [ [ [ -83.150901, 42.338869 ], [ -83.150235, 42.339654 ], [ -83.150133, 42.33978 ], [ -83.150021, 42.33995 ], [ -83.1499, 42.340116 ], [ -83.149788, 42.340295 ], [ -83.149701, 42.34047 ], [ -83.149633, 42.340614 ], [ -83.149552, 42.340825 ], [ -83.149494, 42.341036 ], [ -83.149409, 42.341461 ], [ -83.149227, 42.342489 ], [ -83.149178, 42.342733 ], [ -83.148879, 42.344221 ], [ -83.148431, 42.344688 ], [ -83.147374, 42.344713 ], [ -83.146887, 42.344725 ], [ -83.145862, 42.344747 ], [ -83.145843, 42.344607 ], [ -83.145818, 42.344307 ], [ -83.145811, 42.34415 ], [ -83.145783, 42.34392 ], [ -83.145772, 42.34384 ], [ -83.145624, 42.343348 ], [ -83.145586, 42.343246 ], [ -83.14557, 42.343151 ], [ -83.145556, 42.343068 ], [ -83.145513, 42.342382 ], [ -83.145469, 42.341221 ], [ -83.145169, 42.341335 ], [ -83.144667, 42.340634 ], [ -83.144163, 42.339933 ], [ -83.143628, 42.339228 ], [ -83.144343, 42.338945 ], [ -83.145204, 42.338608 ], [ -83.146127, 42.338255 ], [ -83.146232, 42.338215 ], [ -83.147106, 42.33787 ], [ -83.147974, 42.337529 ], [ -83.149257, 42.337027 ], [ -83.149857, 42.337709 ], [ -83.150457, 42.338385 ], [ -83.150814, 42.338784 ], [ -83.150901, 42.338869 ] ] ] } },
{ "type": "Feature", "properties": { "GEOID": "261635263002", "NAME": "15000US261635263002", "population": 944, "acs_year": "2020-2024", "ALAND": 322470, "AWATER": 0, "walk_minutes": 26.722078616495047, "access_bin": "> 20 min", "within_15": false, "tract": "26163526300" }, "geometry": { "type": "Polygon", "coordinates": [ [ [ -83.145862, 42.344747 ], [ -83.144863, 42.344768 ], [ -83.143758, 42.344792 ], [ -83.143622, 42.344795 ], [ -83.142693, 42.344816 ], [ -83.141631, 42.344841 ], [ -83.140569, 42.344864 ], [ -83.13951, 42.344888 ], [ -83.137789, 42.344927 ], [ -83.137608, 42.344728 ], [ -83.137559, 42.344673 ], [ -83.137086, 42.344047 ], [ -83.138338, 42.343546 ], [ -83.138098, 42.343224 ], [ -83.137097, 42.341931 ], [ -83.137087, 42.341911 ], [ -83.137088, 42.341877 ], [ -83.137106, 42.341849 ], [ -83.137127, 42.341833 ], [ -83.138184, 42.34141 ], [ -83.139338, 42.340944 ], [ -83.140227, 42.340589 ], [ -83.141115, 42.340233 ], [ -83.141954, 42.339893 ], [ -83.142753, 42.339573 ], [ -83.143467, 42.339291 ], [ -83.143628, 42.339228 ], [ -83.144163, 42.339933 ], [ -83.144667, 42.340634 ], [ -83.145169, 42.341335 ], [ -83.145469, 42.341221 ], [ -83.145513, 42.342382 ], [ -83.145556, 42.343068 ], [ -83.14557, 42.343151 ], [ -83.145586, 42.343246 ], [ -83.145624, 42.343348 ], [ -83.145772, 42.34384 ], [ -83.145783, 42.34392 ], [ -83.145811, 42.34415 ], [ -83.145818, 42.344307 ], [ -83.145843, 42.344607 ], [ -83.145862, 42.344747 ] ] ] } },
{ "type": "Feature", "properties": { "GEOID": "261635263001", "NAME": "15000US261635263001", "population": 1126, "acs_year": "2020-2024", "ALAND": 318541, "AWATER": 0, "walk_minutes": 15.256726474184994, "access_bin": "<= 20 min", "within_15": false, "tract": "26163526300" }, "geometry": { "type": "Polygon", "coordinates": [ [ [ -83.14, 42.335797 ], [ -83.1392, 42.336118 ], [ -83.138364, 42.336453 ], [ -83.137475, 42.336809 ], [ -83.136509, 42.337199 ], [ -83.135358, 42.337661 ], [ -83.134207, 42.338125 ], [ -83.132965, 42.338622 ], [ -83.131636, 42.336888 ], [ -83.131065, 42.336143 ], [ -83.130652, 42.335603 ], [ -83.13042, 42.335297 ], [ -83.13031, 42.335154 ], [ -83.131822, 42.334565 ], [ -83.1323, 42.334378 ], [ -83.133893, 42.333738 ], [ -83.134221, 42.333606 ], [ -83.135006, 42.333304 ], [ -83.135564, 42.33311 ], [ -83.136347, 42.332855 ], [ -83.136798, 42.332722 ], [ -83.137478, 42.332541 ], [ -83.138219, 42.332357 ], [ -83.138412, 42.332315 ], [ -83.13852, 42.332462 ], [ -83.138706, 42.332716 ], [ -83.13964, 42.333992 ], [ -83.140744, 42.335507 ], [ -83.14, 42.335797 ] ] ] } },
{ "type": "Feature", "properties": { "GEOID": "261635265001", "NAME": "15000US261635265001", "population": 937, "acs_year": "2020-2024", "ALAND": 536447, "AWATER": 0, "walk_minutes": 27.855354609050035, "access_bin": "> 20 min", "within_15": false, "tract": "26163526500" }, "geometry": { "type": "Polygon", "coordinates": [ [ [ -83.147956, 42.347404 ], [ -83.147713, 42.349141 ], [ -83.147545, 42.349918 ], [ -83.147592, 42.350753 ], [ -83.147654, 42.351194 ], [ -83.147667, 42.351275 ], [ -83.147684, 42.35156 ], [ -83.147736, 42.351916 ], [ -83.147079, 42.351929 ], [ -83.146249, 42.351946 ], [ -83.146021, 42.35195 ], [ -83.145242, 42.351965 ], [ -83.144963, 42.35197 ], [ -83.14425, 42.351985 ], [ -83.143905, 42.351992 ], [ -83.143188, 42.352006 ], [ -83.142798, 42.352014 ], [ -83.142125, 42.352028 ], [ -83.141739, 42.352035 ], [ -83.14106, 42.352049 ], [ -83.140728, 42.352056 ], [ -83.139997, 42.35207 ], [ -83.139943, 42.351254 ], [ -83.139885, 42.350453 ], [ -83.139828, 42.349608 ], [ -83.139756, 42.3486 ], [ -83.139698, 42.347715 ], [ -83.139669, 42.347265 ], [ -83.139636, 42.346796 ], [ -83.13957, 42.345837 ], [ -83.139537, 42.345351 ], [ -83.13951, 42.344888 ], [ -83.140569, 42.344864 ], [ -83.141631, 42.344841 ], [ -83.142693, 42.344816 ], [ -83.143622, 42.344795 ], [ -83.143758, 42.344792 ], [ -83.144863, 42.344768 ], [ -83.145862, 42.344747 ], [ -83.146887, 42.344725 ], [ -83.147374, 42.344713 ], [ -83.148431, 42.344688 ], [ -83.147956, 42.347404 ] ] ] } },
{ "type": "Feature", "properties": { "GEOID": "261635247001", "NAME": "15000US261635247001", "population": 1486, "acs_year": "2020-2024", "ALAND": 577603, "AWATER": 0, "walk_minutes": 74.159416797843562, "access_bin": "> 20 min", "within_15": false, "tract": "26163524700" }, "geometry": { "type": "Polygon", "coordinates": [ [ [ -83.157406, 42.266572 ], [ -83.157306, 42.266733 ], [ -83.157275, 42.266801 ], [ -83.157217, 42.266972 ], [ -83.157174, 42.267069 ], [ -83.157123, 42.267164 ], [ -83.157042, 42.267287 ], [ -83.156928, 42.267436 ], [ -83.156701, 42.267696 ], [ -83.156011, 42.26852 ], [ -83.154386, 42.270464 ], [ -83.152774, 42.272383 ], [ -83.150615, 42.274964 ], [ -83.150304, 42.274935 ], [ -83.14993, 42.274913 ], [ -83.149523, 42.274905 ], [ -83.149122, 42.274935 ], [ -83.149002, 42.274945 ], [ -83.148859, 42.274968 ], [ -83.148708, 42.274999 ], [ -83.148463, 42.27506 ], [ -83.146635, 42.275505 ], [ -83.145489, 42.275783 ], [ -83.145318, 42.275816 ], [ -83.145028, 42.275857 ], [ -83.144892, 42.275863 ], [ -83.144514, 42.275882 ], [ -83.14435, 42.275876 ], [ -83.144076, 42.275852 ], [ -83.143817, 42.275811 ], [ -83.143679, 42.275781 ], [ -83.143534, 42.275735 ], [ -83.144655, 42.274428 ], [ -83.146353, 42.272434 ], [ -83.14804, 42.270438 ], [ -83.149739, 42.268434 ], [ -83.151425, 42.266437 ], [ -83.153033, 42.264401 ], [ -83.153549, 42.264639 ], [ -83.154429, 42.265052 ], [ -83.155476, 42.265543 ], [ -83.156562, 42.266052 ], [ -83.157478, 42.26648 ], [ -83.157406, 42.266572 ] ] ] } },
{ "type": "Feature", "properties": { "GEOID": "261635248002", "NAME": "15000US261635248002", "population": 978, "acs_year": "2020-2024", "ALAND": 498816, "AWATER": 0, "walk_minutes": 89.579472914460951, "access_bin": "> 20 min", "within_15": false, "tract": "26163524800" }, "geometry": { "type": "Polygon", "coordinates": [ [ [ -83.164289, 42.258385 ], [ -83.163369, 42.259466 ], [ -83.161962, 42.26114 ], [ -83.160505, 42.262875 ], [ -83.15906, 42.264599 ], [ -83.157478, 42.26648 ], [ -83.156562, 42.266052 ], [ -83.155476, 42.265543 ], [ -83.154429, 42.265052 ], [ -83.153549, 42.264639 ], [ -83.153033, 42.264401 ], [ -83.154909, 42.26215 ], [ -83.156046, 42.260797 ], [ -83.156683, 42.260052 ], [ -83.158934, 42.257368 ], [ -83.160733, 42.255333 ], [ -83.160859, 42.255192 ], [ -83.161052, 42.25496 ], [ -83.161127, 42.255015 ], [ -83.161269, 42.25513 ], [ -83.161369, 42.255217 ], [ -83.161495, 42.255336 ], [ -83.16161, 42.255456 ], [ -83.16172, 42.255581 ], [ -83.162113, 42.256086 ], [ -83.162736, 42.256892 ], [ -83.162834, 42.25701 ], [ -83.163061, 42.257245 ], [ -83.163268, 42.257428 ], [ -83.163494, 42.2576 ], [ -83.163759, 42.257775 ], [ -83.164018, 42.257938 ], [ -83.164477, 42.258227 ], [ -83.164289, 42.258385 ] ] ] } },
{ "type": "Feature", "properties": { "GEOID": "261635305002", "NAME": "15000US261635305002", "population": 934, "acs_year": "2020-2024", "ALAND": 433181, "AWATER": 0, "walk_minutes": 11.083396680197119, "access_bin": "<= 15 min", "within_15": true, "tract": "26163530500" }, "geometry": { "type": "Polygon", "coordinates": [ [ [ -83.13954, 42.386493 ], [ -83.139302, 42.386513 ], [ -83.139017, 42.386564 ], [ -83.138621, 42.386775 ], [ -83.136997, 42.38741 ], [ -83.135372, 42.388044 ], [ -83.133285, 42.388811 ], [ -83.130873, 42.389743 ], [ -83.130715, 42.389519 ], [ -83.130449, 42.389118 ], [ -83.129977, 42.388418 ], [ -83.129479, 42.387677 ], [ -83.128938, 42.386871 ], [ -83.128398, 42.386064 ], [ -83.127872, 42.385285 ], [ -83.127838, 42.385234 ], [ -83.127568, 42.384826 ], [ -83.127296, 42.384414 ], [ -83.126743, 42.383604 ], [ -83.126803, 42.383542 ], [ -83.126905, 42.383472 ], [ -83.127096, 42.383404 ], [ -83.129334, 42.382562 ], [ -83.131009, 42.381929 ], [ -83.131195, 42.381864 ], [ -83.131273, 42.381942 ], [ -83.13173, 42.38263 ], [ -83.132006, 42.38304 ], [ -83.132302, 42.383478 ], [ -83.132894, 42.38436 ], [ -83.13345, 42.385186 ], [ -83.133971, 42.385962 ], [ -83.137673, 42.384559 ], [ -83.139431, 42.383889 ], [ -83.139439, 42.384089 ], [ -83.139469, 42.384822 ], [ -83.139505, 42.385687 ], [ -83.13954, 42.386493 ] ] ] } },
{ "type": "Feature", "properties": { "GEOID": "261635308001", "NAME": "15000US261635308001", "population": 546, "acs_year": "2020-2024", "ALAND": 682486, "AWATER": 0, "walk_minutes": 20.836088211584794, "access_bin": "> 20 min", "within_15": false, "tract": "26163530800" }, "geometry": { "type": "Polygon", "coordinates": [ [ [ -83.138908, 42.371332 ], [ -83.137752, 42.371361 ], [ -83.137398, 42.371372 ], [ -83.136922, 42.37145 ], [ -83.136813, 42.37148 ], [ -83.136662, 42.371535 ], [ -83.135712, 42.371933 ], [ -83.134405, 42.37248 ], [ -83.133388, 42.372884 ], [ -83.1325, 42.373216 ], [ -83.131604, 42.37355 ], [ -83.13051, 42.373957 ], [ -83.129033, 42.371775 ], [ -83.127596, 42.369659 ], [ -83.125833, 42.367057 ], [ -83.126568, 42.366779 ], [ -83.126913, 42.366637 ], [ -83.12781, 42.366307 ], [ -83.128705, 42.365968 ], [ -83.130489, 42.365307 ], [ -83.130597, 42.365261 ], [ -83.130674, 42.365208 ], [ -83.130881, 42.364926 ], [ -83.130964, 42.364811 ], [ -83.131168, 42.36453 ], [ -83.131856, 42.364781 ], [ -83.133277, 42.365301 ], [ -83.135354, 42.366114 ], [ -83.135561, 42.366195 ], [ -83.136685, 42.366598 ], [ -83.137911, 42.367057 ], [ -83.138751, 42.367398 ], [ -83.138767, 42.36777 ], [ -83.138784, 42.368218 ], [ -83.138802, 42.368665 ], [ -83.138856, 42.370058 ], [ -83.138888, 42.370866 ], [ -83.138908, 42.371332 ] ] ] } },
{ "type": "Feature", "properties": { "GEOID": "261635308002", "NAME": "15000US261635308002", "population": 802, "acs_year": "2020-2024", "ALAND": 470508, "AWATER": 0, "walk_minutes": 16.192716284475981, "access_bin": "<= 20 min", "within_15": false, "tract": "26163530800" }, "geometry": { "type": "Polygon", "coordinates": [ [ [ -83.139221, 42.378818 ], [ -83.134917, 42.380454 ], [ -83.133152, 42.377853 ], [ -83.131817, 42.375876 ], [ -83.131637, 42.375607 ], [ -83.131407, 42.37528 ], [ -83.13051, 42.373957 ], [ -83.131604, 42.37355 ], [ -83.1325, 42.373216 ], [ -83.133388, 42.372884 ], [ -83.134405, 42.37248 ], [ -83.135712, 42.371933 ], [ -83.136662, 42.371535 ], [ -83.136813, 42.37148 ], [ -83.136922, 42.37145 ], [ -83.137398, 42.371372 ], [ -83.137752, 42.371361 ], [ -83.138908, 42.371332 ], [ -83.13892, 42.371623 ], [ -83.13894, 42.372099 ], [ -83.138957, 42.372508 ], [ -83.138971, 42.372829 ], [ -83.138999, 42.373515 ], [ -83.139034, 42.374346 ], [ -83.139071, 42.375253 ], [ -83.139109, 42.37614 ], [ -83.139199, 42.378288 ], [ -83.139221, 42.378818 ] ] ] } },
{ "type": "Feature", "properties": { "GEOID": "261635303002", "NAME": "15000US261635303002", "population": 510, "acs_year": "2020-2024", "ALAND": 387763, "AWATER": 0, "walk_minutes": 20.574798638863403, "access_bin": "> 20 min", "within_15": false, "tract": "26163530300" }, "geometry": { "type": "Polygon", "coordinates": [ [ [ -83.140343, 42.404807 ], [ -83.136914, 42.404862 ], [ -83.136812, 42.404864 ], [ -83.135558, 42.404897 ], [ -83.133721, 42.404939 ], [ -83.133437, 42.404944 ], [ -83.133298, 42.404947 ], [ -83.131109, 42.404989 ], [ -83.130492, 42.405011 ], [ -83.130395, 42.405017 ], [ -83.129549, 42.405035 ], [ -83.128953, 42.405047 ], [ -83.127406, 42.40508 ], [ -83.126714, 42.405095 ], [ -83.126278, 42.405104 ], [ -83.125959, 42.405111 ], [ -83.125114, 42.405124 ], [ -83.124733, 42.405118 ], [ -83.124299, 42.405104 ], [ -83.123721, 42.405053 ], [ -83.122926, 42.404954 ], [ -83.12245, 42.404871 ], [ -83.121832, 42.404734 ], [ -83.121608, 42.40468 ], [ -83.121388, 42.404621 ], [ -83.121275, 42.404587 ], [ -83.12117, 42.404556 ], [ -83.120756, 42.404421 ], [ -83.120482, 42.404326 ], [ -83.120212, 42.404225 ], [ -83.119991, 42.404135 ], [ -83.119947, 42.404117 ], [ -83.119685, 42.404005 ], [ -83.119429, 42.403887 ], [ -83.119047, 42.403696 ], [ -83.118824, 42.403574 ], [ -83.118606, 42.403446 ], [ -83.118184, 42.403177 ], [ -83.118312, 42.403008 ], [ -83.118423, 42.40305 ], [ -83.118547, 42.403085 ], [ -83.118675, 42.403109 ], [ -83.118806, 42.403122 ], [ -83.118906, 42.403123 ], [ -83.119957, 42.403094 ], [ -83.121177, 42.403067 ], [ -83.122402, 42.403045 ], [ -83.123612, 42.403021 ], [ -83.124493, 42.403005 ], [ -83.124846, 42.402998 ], [ -83.126079, 42.402974 ], [ -83.126811, 42.402959 ], [ -83.127248, 42.402951 ], [ -83.12756, 42.402946 ], [ -83.128409, 42.40293 ], [ -83.129388, 42.402912 ], [ -83.130381, 42.402891 ], [ -83.130913, 42.40288 ], [ -83.131364, 42.402869 ], [ -83.132089, 42.402853 ], [ -83.132348, 42.402847 ], [ -83.133232, 42.402824 ], [ -83.133378, 42.40282 ], [ -83.134357, 42.4028 ], [ -83.135583, 42.40277 ], [ -83.136799, 42.402742 ], [ -83.137967, 42.402716 ], [ -83.139138, 42.402688 ], [ -83.139934, 42.402668 ], [ -83.140255, 42.402664 ], [ -83.140331, 42.404503 ], [ -83.140343, 42.404807 ] ] ] } },
{ "type": "Feature", "properties": { "GEOID": "261635311001", "NAME": "15000US261635311001", "population": 1037, "acs_year": "2020-2024", "ALAND": 623803, "AWATER": 0, "walk_minutes": 12.437763524005913, "access_bin": "<= 15 min", "within_15": true, "tract": "26163531100" }, "geometry": { "type": "Polygon", "coordinates": [ [ [ -83.121787, 42.376273 ], [ -83.118364, 42.377551 ], [ -83.115666, 42.378557 ], [ -83.112799, 42.37961 ], [ -83.112354, 42.378906 ], [ -83.112286, 42.378799 ], [ -83.111904, 42.378203 ], [ -83.111687, 42.377867 ], [ -83.111571, 42.377691 ], [ -83.111425, 42.377469 ], [ -83.110912, 42.376681 ], [ -83.11079, 42.376503 ], [ -83.11023, 42.375652 ], [ -83.109661, 42.374781 ], [ -83.109088, 42.37391 ], [ -83.108798, 42.373471 ], [ -83.111548, 42.372437 ], [ -83.113746, 42.371609 ], [ -83.114358, 42.37138 ], [ -83.114853, 42.371194 ], [ -83.115853, 42.370817 ], [ -83.117631, 42.37015 ], [ -83.118053, 42.370775 ], [ -83.118495, 42.371426 ], [ -83.118956, 42.372102 ], [ -83.1194, 42.372755 ], [ -83.119727, 42.373237 ], [ -83.119848, 42.373416 ], [ -83.120337, 42.374136 ], [ -83.120836, 42.374872 ], [ -83.121306, 42.375565 ], [ -83.121787, 42.376273 ] ] ] } },
{ "type": "Feature", "properties": { "GEOID": "261635312001", "NAME": "15000US261635312001", "population": 734, "acs_year": "2020-2024", "ALAND": 491560, "AWATER": 0, "walk_minutes": 17.521123453965913, "access_bin": "<= 20 min", "within_15": false, "tract": "26163531200" }, "geometry": { "type": "Polygon", "coordinates": [ [ [ -83.103078, 42.38225 ], [ -83.100505, 42.383209 ], [ -83.099264, 42.38366 ], [ -83.099201, 42.38368 ], [ -83.099111, 42.38365 ], [ -83.098889, 42.383787 ], [ -83.098701, 42.383864 ], [ -83.098591, 42.383799 ], [ -83.098501, 42.383755 ], [ -83.097957, 42.383446 ], [ -83.097539, 42.383261 ], [ -83.097026, 42.383073 ], [ -83.096593, 42.382935 ], [ -83.096468, 42.382895 ], [ -83.095007, 42.382506 ], [ -83.094653, 42.382412 ], [ -83.093707, 42.382125 ], [ -83.093364, 42.382025 ], [ -83.093034, 42.381898 ], [ -83.092903, 42.381845 ], [ -83.09273, 42.381774 ], [ -83.092553, 42.381695 ], [ -83.092342, 42.38159 ], [ -83.092142, 42.381453 ], [ -83.092029, 42.381377 ], [ -83.091754, 42.381206 ], [ -83.091458, 42.381005 ], [ -83.091028, 42.38065 ], [ -83.090882, 42.380496 ], [ -83.090559, 42.380155 ], [ -83.090316, 42.379843 ], [ -83.09027, 42.37978 ], [ -83.090225, 42.379716 ], [ -83.090316, 42.37969 ], [ -83.090406, 42.379663 ], [ -83.090576, 42.3796 ], [ -83.090747, 42.379538 ], [ -83.093619, 42.378499 ], [ -83.096566, 42.377435 ], [ -83.099313, 42.376441 ], [ -83.099673, 42.376733 ], [ -83.099898, 42.37696 ], [ -83.100094, 42.377248 ], [ -83.100689, 42.378116 ], [ -83.101278, 42.37898 ], [ -83.101855, 42.37983 ], [ -83.101975, 42.380005 ], [ -83.102658, 42.381005 ], [ -83.102777, 42.38118 ], [ -83.103428, 42.382091 ], [ -83.103078, 42.38225 ] ] ] } },
{ "type": "Feature", "properties": { "GEOID": "261635313001", "NAME": "15000US261635313001", "population": 1236, "acs_year": "2020-2024", "ALAND": 579536, "AWATER": 0, "walk_minutes": 19.141074570297189, "access_bin": "<= 20 min", "within_15": false, "tract": "26163531300" }, "geometry": { "type": "Polygon", "coordinates": [ [ [ -83.116209, 42.38448 ], [ -83.113175, 42.385611 ], [ -83.112932, 42.385687 ], [ -83.112848, 42.385726 ], [ -83.112774, 42.385761 ], [ -83.109604, 42.386946 ], [ -83.107317, 42.387799 ], [ -83.106763, 42.38699 ], [ -83.106306, 42.386323 ], [ -83.106202, 42.386173 ], [ -83.105791, 42.38558 ], [ -83.10563, 42.385347 ], [ -83.10507, 42.384534 ], [ -83.104524, 42.383743 ], [ -83.103943, 42.382893 ], [ -83.103428, 42.382091 ], [ -83.106665, 42.380891 ], [ -83.10937, 42.379883 ], [ -83.112286, 42.378799 ], [ -83.112354, 42.378906 ], [ -83.112799, 42.37961 ], [ -83.113374, 42.380443 ], [ -83.113938, 42.381256 ], [ -83.114503, 42.382062 ], [ -83.115067, 42.382861 ], [ -83.115633, 42.383662 ], [ -83.116209, 42.38448 ] ] ] } },
{ "type": "Feature", "properties": { "GEOID": "261635314002", "NAME": "15000US261635314002", "population": 762, "acs_year": "2020-2024", "ALAND": 252106, "AWATER": 0, "walk_minutes": 6.2842357976609238, "access_bin": "<= 10 min", "within_15": true, "tract": "26163531400" }, "geometry": { "type": "Polygon", "coordinates": [ [ [ -83.123448, 42.378725 ], [ -83.120023, 42.380003 ], [ -83.117326, 42.381009 ], [ -83.114503, 42.382062 ], [ -83.113938, 42.381256 ], [ -83.113374, 42.380443 ], [ -83.112799, 42.37961 ], [ -83.115666, 42.378557 ], [ -83.118364, 42.377551 ], [ -83.121787, 42.376273 ], [ -83.122254, 42.37696 ], [ -83.122348, 42.377097 ], [ -83.12271, 42.377633 ], [ -83.122897, 42.37791 ], [ -83.123165, 42.378307 ], [ -83.123448, 42.378725 ] ] ] } },
{ "type": "Feature", "properties": { "GEOID": "261635075001", "NAME": "15000US261635075001", "population": 1096, "acs_year": "2020-2024", "ALAND": 452880, "AWATER": 0, "walk_minutes": 16.959403681629425, "access_bin": "<= 20 min", "within_15": false, "tract": "26163507500" }, "geometry": { "type": "Polygon", "coordinates": [ [ [ -83.095249, 42.441739 ], [ -83.095244, 42.442282 ], [ -83.095225, 42.442644 ], [ -83.095189, 42.443045 ], [ -83.095138, 42.443446 ], [ -83.095088, 42.443744 ], [ -83.09496, 42.444505 ], [ -83.094903, 42.4451 ], [ -83.094884, 42.445563 ], [ -83.09489, 42.446025 ], [ -83.09492, 42.446633 ], [ -83.094926, 42.446748 ], [ -83.094927, 42.4468 ], [ -83.094929, 42.446862 ], [ -83.0947, 42.446865 ], [ -83.094571, 42.446868 ], [ -83.094355, 42.446873 ], [ -83.094036, 42.446878 ], [ -83.093121, 42.446898 ], [ -83.092104, 42.446931 ], [ -83.091555, 42.44695 ], [ -83.091239, 42.446961 ], [ -83.09113, 42.446965 ], [ -83.090247, 42.446994 ], [ -83.089441, 42.447018 ], [ -83.089241, 42.447024 ], [ -83.088873, 42.447035 ], [ -83.088295, 42.447048 ], [ -83.08828, 42.44698 ], [ -83.088244, 42.446917 ], [ -83.088242, 42.446842 ], [ -83.088172, 42.444851 ], [ -83.088067, 42.442413 ], [ -83.087959, 42.439955 ], [ -83.088961, 42.439926 ], [ -83.089944, 42.439898 ], [ -83.090885, 42.439872 ], [ -83.091836, 42.439844 ], [ -83.092835, 42.439814 ], [ -83.093858, 42.439783 ], [ -83.094448, 42.439766 ], [ -83.094781, 42.439756 ], [ -83.094945, 42.439751 ], [ -83.095199, 42.439744 ], [ -83.095202, 42.440026 ], [ -83.095229, 42.441236 ], [ -83.095244, 42.441609 ], [ -83.095249, 42.441739 ] ] ] } },
{ "type": "Feature", "properties": { "GEOID": "261635074002", "NAME": "15000US261635074002", "population": 1214, "acs_year": "2020-2024", "ALAND": 798393, "AWATER": 0, "walk_minutes": 17.515534394868965, "access_bin": "<= 20 min", "within_15": false, "tract": "26163507400" }, "geometry": { "type": "Polygon", "coordinates": [ [ [ -83.095199, 42.439744 ], [ -83.094945, 42.439751 ], [ -83.094781, 42.439756 ], [ -83.094448, 42.439766 ], [ -83.093858, 42.439783 ], [ -83.092835, 42.439814 ], [ -83.091836, 42.439844 ], [ -83.090885, 42.439872 ], [ -83.089944, 42.439898 ], [ -83.088961, 42.439926 ], [ -83.087959, 42.439955 ], [ -83.086774, 42.43999 ], [ -83.08555, 42.440025 ], [ -83.084323, 42.44006 ], [ -83.083781, 42.440075 ], [ -83.083671, 42.440081 ], [ -83.083553, 42.440088 ], [ -83.08312, 42.440137 ], [ -83.083102, 42.439709 ], [ -83.083043, 42.437722 ], [ -83.082972, 42.435364 ], [ -83.082894, 42.432901 ], [ -83.083271, 42.432896 ], [ -83.083492, 42.432888 ], [ -83.084103, 42.432866 ], [ -83.085328, 42.432822 ], [ -83.086553, 42.432777 ], [ -83.087764, 42.432734 ], [ -83.088751, 42.432699 ], [ -83.089006, 42.432689 ], [ -83.089737, 42.432663 ], [ -83.09023, 42.432645 ], [ -83.090656, 42.43263 ], [ -83.091436, 42.432601 ], [ -83.091639, 42.432593 ], [ -83.092638, 42.432558 ], [ -83.093657, 42.432521 ], [ -83.09425, 42.432499 ], [ -83.094654, 42.432484 ], [ -83.094924, 42.432473 ], [ -83.094954, 42.432769 ], [ -83.094988, 42.433448 ], [ -83.095037, 42.434869 ], [ -83.095094, 42.436522 ], [ -83.095108, 42.437361 ], [ -83.095181, 42.439113 ], [ -83.095194, 42.439424 ], [ -83.095199, 42.439744 ] ] ] } },
{ "type": "Feature", "properties": { "GEOID": "261635080001", "NAME": "15000US261635080001", "population": 956, "acs_year": "2020-2024", "ALAND": 900025, "AWATER": 0, "walk_minutes": 23.052505407712864, "access_bin": "> 20 min", "within_15": false, "tract": "26163508000" }, "geometry": { "type": "Polygon", "coordinates": [ [ [ -83.119688, 42.439292 ], [ -83.117145, 42.439332 ], [ -83.112362, 42.43942 ], [ -83.110401, 42.439443 ], [ -83.107436, 42.43948 ], [ -83.106868, 42.43948 ], [ -83.106768, 42.439481 ], [ -83.104732, 42.436972 ], [ -83.104129, 42.436234 ], [ -83.103576, 42.435556 ], [ -83.102872, 42.434694 ], [ -83.102437, 42.434161 ], [ -83.100931, 42.432312 ], [ -83.101045, 42.432309 ], [ -83.102381, 42.432277 ], [ -83.103965, 42.432259 ], [ -83.104116, 42.432254 ], [ -83.105002, 42.432225 ], [ -83.105172, 42.432224 ], [ -83.106227, 42.432217 ], [ -83.107266, 42.432222 ], [ -83.108219, 42.432215 ], [ -83.1092, 42.432205 ], [ -83.110181, 42.432194 ], [ -83.111162, 42.432186 ], [ -83.112145, 42.432175 ], [ -83.114704, 42.432143 ], [ -83.114981, 42.432133 ], [ -83.115284, 42.432567 ], [ -83.115547, 42.432945 ], [ -83.115757, 42.433246 ], [ -83.116062, 42.433695 ], [ -83.116327, 42.43407 ], [ -83.116814, 42.434809 ], [ -83.117084, 42.435249 ], [ -83.117859, 42.436335 ], [ -83.118657, 42.43753 ], [ -83.119085, 42.438133 ], [ -83.119404, 42.438589 ], [ -83.119839, 42.439268 ], [ -83.119688, 42.439292 ] ] ] } },
{ "type": "Feature", "properties": { "GEOID": "261635119002", "NAME": "15000US261635119002", "population": 489, "acs_year": "2020-2024", "ALAND": 716167, "AWATER": 0, "walk_minutes": 4.4152270537802254, "access_bin": "<= 5 min", "within_15": true, "tract": "26163511900" }, "geometry": { "type": "Polygon", "coordinates": [ [ [ -83.080593, 42.381113 ], [ -83.078982, 42.381705 ], [ -83.078306, 42.381957 ], [ -83.077578, 42.382226 ], [ -83.075967, 42.382818 ], [ -83.074765, 42.383261 ], [ -83.074709, 42.383165 ], [ -83.074273, 42.382516 ], [ -83.073767, 42.381767 ], [ -83.07322, 42.380957 ], [ -83.072676, 42.380149 ], [ -83.072129, 42.37934 ], [ -83.071597, 42.378557 ], [ -83.071346, 42.378195 ], [ -83.071099, 42.377827 ], [ -83.070582, 42.377059 ], [ -83.070018, 42.376221 ], [ -83.06941, 42.375311 ], [ -83.068885, 42.374524 ], [ -83.06856, 42.374042 ], [ -83.068019, 42.37323 ], [ -83.067528, 42.372498 ], [ -83.067731, 42.37243 ], [ -83.068735, 42.372058 ], [ -83.069585, 42.371743 ], [ -83.071153, 42.371154 ], [ -83.073387, 42.370351 ], [ -83.073845, 42.371059 ], [ -83.074164, 42.371562 ], [ -83.07438, 42.371883 ], [ -83.074731, 42.372404 ], [ -83.07515, 42.373027 ], [ -83.075345, 42.373317 ], [ -83.075869, 42.374094 ], [ -83.076413, 42.374902 ], [ -83.07655, 42.375106 ], [ -83.076935, 42.37568 ], [ -83.077338, 42.376278 ], [ -83.077423, 42.376404 ], [ -83.07794, 42.377169 ], [ -83.078486, 42.37798 ], [ -83.079031, 42.378791 ], [ -83.079581, 42.379608 ], [ -83.080092, 42.380368 ], [ -83.080593, 42.381113 ] ] ] } },
{ "type": "Feature", "properties": { "GEOID": "261635119001", "NAME": "15000US261635119001", "population": 659, "acs_year": "2020-2024", "ALAND": 436512, "AWATER": 0, "walk_minutes": 17.624745582283527, "access_bin": "<= 20 min", "within_15": false, "tract": "26163511900" }, "geometry": { "type": "Polygon", "coordinates": [ [ [ -83.073387, 42.370351 ], [ -83.071153, 42.371154 ], [ -83.069585, 42.371743 ], [ -83.068735, 42.372058 ], [ -83.067731, 42.37243 ], [ -83.067528, 42.372498 ], [ -83.067426, 42.372344 ], [ -83.066709, 42.371275 ], [ -83.066152, 42.370438 ], [ -83.066105, 42.370367 ], [ -83.065754, 42.369838 ], [ -83.064906, 42.368561 ], [ -83.064197, 42.367494 ], [ -83.063641, 42.366653 ], [ -83.063521, 42.366492 ], [ -83.063333, 42.366219 ], [ -83.063257, 42.36611 ], [ -83.063591, 42.365985 ], [ -83.064464, 42.365637 ], [ -83.065287, 42.36529 ], [ -83.066768, 42.364598 ], [ -83.067777, 42.364122 ], [ -83.068815, 42.363601 ], [ -83.068925, 42.363754 ], [ -83.069014, 42.363878 ], [ -83.069131, 42.364039 ], [ -83.069205, 42.364139 ], [ -83.069697, 42.364811 ], [ -83.069947, 42.365151 ], [ -83.070347, 42.365721 ], [ -83.070794, 42.366383 ], [ -83.070902, 42.366549 ], [ -83.071369, 42.367288 ], [ -83.071653, 42.367735 ], [ -83.071824, 42.367996 ], [ -83.072099, 42.368413 ], [ -83.072571, 42.369118 ], [ -83.073276, 42.370178 ], [ -83.073387, 42.370351 ] ] ] } },
{ "type": "Feature", "properties": { "GEOID": "261639853001", "NAME": "15000US261639853001", "population": 309, "acs_year": "2020-2024", "ALAND": 1081123, "AWATER": 403980, "walk_minutes": 12.585254299294895, "access_bin": "<= 15 min", "within_15": true, "tract": "26163985300" }, "geometry": { "type": "Polygon", "coordinates": [ [ [ -83.077978, 42.317571 ], [ -83.077509, 42.317773 ], [ -83.076669, 42.318134 ], [ -83.076318, 42.318285 ], [ -83.075841, 42.318491 ], [ -83.075544, 42.318619 ], [ -83.074433, 42.319097 ], [ -83.073974, 42.319294 ], [ -83.073494, 42.3195 ], [ -83.074203, 42.320722 ], [ -83.073211, 42.321035 ], [ -83.073748, 42.321987 ], [ -83.074825, 42.323903 ], [ -83.076038, 42.32604 ], [ -83.07585, 42.326086 ], [ -83.074796, 42.32641 ], [ -83.074717, 42.326434 ], [ -83.074587, 42.326474 ], [ -83.074445, 42.326517 ], [ -83.074297, 42.326563 ], [ -83.074101, 42.326624 ], [ -83.073865, 42.326696 ], [ -83.073195, 42.326903 ], [ -83.072569, 42.327096 ], [ -83.071385, 42.32746 ], [ -83.070159, 42.327841 ], [ -83.069992, 42.327897 ], [ -83.069822, 42.327955 ], [ -83.069765, 42.327819 ], [ -83.069521, 42.327392 ], [ -83.06946, 42.327316 ], [ -83.069189, 42.326845 ], [ -83.064895, 42.328694 ], [ -83.064264, 42.327889 ], [ -83.063632, 42.327084 ], [ -83.062996, 42.326275 ], [ -83.062356, 42.325461 ], [ -83.061659, 42.324573 ], [ -83.060461, 42.325079 ], [ -83.059481, 42.323831 ], [ -83.059943, 42.323642 ], [ -83.060209, 42.323543 ], [ -83.0621, 42.322816 ], [ -83.062594, 42.322623 ], [ -83.063293, 42.322401 ], [ -83.063871, 42.32221 ], [ -83.063964, 42.322176 ], [ -83.064653, 42.321879 ], [ -83.064821, 42.321812 ], [ -83.064978, 42.321758 ], [ -83.065193, 42.321703 ], [ -83.065407, 42.321622 ], [ -83.0656, 42.321602 ], [ -83.065808, 42.321607 ], [ -83.065962, 42.32163 ], [ -83.066145, 42.321664 ], [ -83.066323, 42.321354 ], [ -83.06618, 42.3211 ], [ -83.065923, 42.320643 ], [ -83.065788, 42.320411 ], [ -83.065698, 42.320255 ], [ -83.065623, 42.320126 ], [ -83.065573, 42.320025 ], [ -83.065523, 42.319925 ], [ -83.065444, 42.31976 ], [ -83.065338, 42.319541 ], [ -83.064548, 42.318295 ], [ -83.063637, 42.316857 ], [ -83.073425, 42.310938 ], [ -83.073956, 42.311759 ], [ -83.074585, 42.312729 ], [ -83.075635, 42.314349 ], [ -83.075991, 42.314914 ], [ -83.076186, 42.315228 ], [ -83.07622, 42.315276 ], [ -83.076263, 42.31534 ], [ -83.076833, 42.316252 ], [ -83.077019, 42.316559 ], [ -83.077185, 42.316827 ], [ -83.077262, 42.316939 ], [ -83.077376, 42.317083 ], [ -83.077472, 42.317189 ], [ -83.077576, 42.317284 ], [ -83.077683, 42.31737 ], [ -83.077796, 42.317452 ], [ -83.077978, 42.317571 ] ] ] } },
{ "type": "Feature", "properties": { "GEOID": "261635043001", "NAME": "15000US261635043001", "population": 779, "acs_year": "2020-2024", "ALAND": 336744, "AWATER": 0, "walk_minutes": 24.902969284268419, "access_bin": "> 20 min", "within_15": false, "tract": "26163504300" }, "geometry": { "type": "Polygon", "coordinates": [ [ [ -82.982159, 42.399484 ], [ -82.978613, 42.400533 ], [ -82.979068, 42.401252 ], [ -82.979469, 42.401884 ], [ -82.979673, 42.402207 ], [ -82.97986, 42.4025 ], [ -82.980287, 42.403168 ], [ -82.980751, 42.403898 ], [ -82.981229, 42.404653 ], [ -82.981772, 42.405509 ], [ -82.97905, 42.406447 ], [ -82.976331, 42.407385 ], [ -82.975789, 42.406525 ], [ -82.975313, 42.405769 ], [ -82.974844, 42.405029 ], [ -82.974803, 42.404964 ], [ -82.974479, 42.40433 ], [ -82.974089, 42.40354 ], [ -82.973738, 42.402836 ], [ -82.97337, 42.402086 ], [ -82.973294, 42.40193 ], [ -82.973106, 42.401595 ], [ -82.975114, 42.401119 ], [ -82.97699, 42.400626 ], [ -82.981932, 42.399176 ], [ -82.982159, 42.399484 ] ] ] } },
{ "type": "Feature", "properties": { "GEOID": "261635012001", "NAME": "15000US261635012001", "population": 1770, "acs_year": "2020-2024", "ALAND": 687520, "AWATER": 0, "walk_minutes": 14.423930273184274, "access_bin": "<= 15 min", "within_15": true, "tract": "26163501200" }, "geometry": { "type": "Polygon", "coordinates": [ [ [ -82.957091, 42.410884 ], [ -82.957078, 42.410922 ], [ -82.956743, 42.411369 ], [ -82.956329, 42.411206 ], [ -82.95512, 42.412814 ], [ -82.953427, 42.415067 ], [ -82.952274, 42.41661 ], [ -82.951793, 42.41641 ], [ -82.951315, 42.416213 ], [ -82.950804, 42.416001 ], [ -82.950399, 42.415834 ], [ -82.949815, 42.415592 ], [ -82.949438, 42.415436 ], [ -82.948648, 42.415108 ], [ -82.948444, 42.415024 ], [ -82.947466, 42.414619 ], [ -82.945087, 42.413633 ], [ -82.943757, 42.413083 ], [ -82.943396, 42.412935 ], [ -82.946276, 42.410767 ], [ -82.947216, 42.410078 ], [ -82.948437, 42.409161 ], [ -82.94858, 42.409064 ], [ -82.949096, 42.408711 ], [ -82.949622, 42.4084 ], [ -82.950094, 42.408154 ], [ -82.950309, 42.408051 ], [ -82.950652, 42.407897 ], [ -82.951004, 42.407753 ], [ -82.951272, 42.407652 ], [ -82.951544, 42.407557 ], [ -82.951913, 42.40744 ], [ -82.952193, 42.407358 ], [ -82.952667, 42.407236 ], [ -82.953398, 42.407071 ], [ -82.95406, 42.406915 ], [ -82.955612, 42.406468 ], [ -82.95566, 42.406642 ], [ -82.955709, 42.406815 ], [ -82.955867, 42.406777 ], [ -82.955904, 42.406757 ], [ -82.956148, 42.407129 ], [ -82.956342, 42.407073 ], [ -82.956725, 42.407811 ], [ -82.956977, 42.408286 ], [ -82.956998, 42.408758 ], [ -82.95708, 42.410568 ], [ -82.957091, 42.410884 ] ] ] } },
{ "type": "Feature", "properties": { "GEOID": "261635180002", "NAME": "15000US261635180002", "population": 2091, "acs_year": "2020-2024", "ALAND": 679387, "AWATER": 0, "walk_minutes": 10.68112945303613, "access_bin": "<= 15 min", "within_15": true, "tract": "26163518000" }, "geometry": { "type": "Polygon", "coordinates": [ [ [ -83.066768, 42.364598 ], [ -83.065287, 42.36529 ], [ -83.064464, 42.365637 ], [ -83.063591, 42.365985 ], [ -83.063257, 42.36611 ], [ -83.062389, 42.366438 ], [ -83.062005, 42.3666 ], [ -83.060822, 42.367038 ], [ -83.060583, 42.367129 ], [ -83.060267, 42.36726 ], [ -83.060086, 42.367338 ], [ -83.059637, 42.367553 ], [ -83.0594, 42.367666 ], [ -83.058347, 42.368229 ], [ -83.058144, 42.368369 ], [ -83.057919, 42.368497 ], [ -83.05768, 42.367999 ], [ -83.057339, 42.367273 ], [ -83.056373, 42.365209 ], [ -83.056244, 42.364937 ], [ -83.055898, 42.363976 ], [ -83.055229, 42.362667 ], [ -83.054655, 42.361516 ], [ -83.054412, 42.361087 ], [ -83.054365, 42.361004 ], [ -83.054241, 42.360835 ], [ -83.054471, 42.360744 ], [ -83.054891, 42.360592 ], [ -83.057067, 42.359802 ], [ -83.057244, 42.359739 ], [ -83.058599, 42.359241 ], [ -83.058669, 42.359212 ], [ -83.058689, 42.359204 ], [ -83.059041, 42.35905 ], [ -83.059176, 42.358991 ], [ -83.059841, 42.358661 ], [ -83.061437, 42.35788 ], [ -83.061931, 42.357656 ], [ -83.062088, 42.357591 ], [ -83.062204, 42.357746 ], [ -83.062292, 42.357861 ], [ -83.062648, 42.35841 ], [ -83.062915, 42.358824 ], [ -83.063147, 42.359202 ], [ -83.063213, 42.359308 ], [ -83.063674, 42.35998 ], [ -83.064291, 42.360893 ], [ -83.064983, 42.361932 ], [ -83.065678, 42.362971 ], [ -83.06638, 42.364018 ], [ -83.066556, 42.364283 ], [ -83.066768, 42.364598 ] ] ] } },
{ "type": "Feature", "properties": { "GEOID": "261635264001", "NAME": "15000US261635264001", "population": 1366, "acs_year": "2020-2024", "ALAND": 227896, "AWATER": 0, "walk_minutes": 14.989004751799499, "access_bin": "<= 15 min", "within_15": true, "tract": "26163526400" }, "geometry": { "type": "Polygon", "coordinates": [ [ [ -83.13198, 42.339015 ], [ -83.129894, 42.339848 ], [ -83.128762, 42.340301 ], [ -83.127399, 42.340829 ], [ -83.126851, 42.340073 ], [ -83.126292, 42.339302 ], [ -83.125738, 42.33854 ], [ -83.125595, 42.338342 ], [ -83.125466, 42.338165 ], [ -83.125162, 42.337747 ], [ -83.125011, 42.337539 ], [ -83.12494, 42.337444 ], [ -83.124856, 42.337325 ], [ -83.126475, 42.336679 ], [ -83.128654, 42.335832 ], [ -83.129356, 42.33554 ], [ -83.13031, 42.335154 ], [ -83.13042, 42.335297 ], [ -83.130652, 42.335603 ], [ -83.131065, 42.336143 ], [ -83.131636, 42.336888 ], [ -83.132965, 42.338622 ], [ -83.13198, 42.339015 ] ] ] } },
{ "type": "Feature", "properties": { "GEOID": "261635171001", "NAME": "15000US261635171001", "population": 1301, "acs_year": "2020-2024", "ALAND": 280685, "AWATER": 0, "walk_minutes": 6.9494907813726305, "access_bin": "<= 10 min", "within_15": true, "tract": "26163517100" }, "geometry": { "type": "Polygon", "coordinates": [ [ [ -83.03783, 42.335795 ], [ -83.037444, 42.335969 ], [ -83.036317, 42.336485 ], [ -83.03376, 42.337586 ], [ -83.032877, 42.337966 ], [ -83.030742, 42.338886 ], [ -83.0306, 42.338947 ], [ -83.030395, 42.339035 ], [ -83.030301, 42.338893 ], [ -83.029899, 42.338285 ], [ -83.028841, 42.336682 ], [ -83.028747, 42.33654 ], [ -83.02836, 42.335957 ], [ -83.028269, 42.335819 ], [ -83.029367, 42.335346 ], [ -83.030775, 42.334739 ], [ -83.032397, 42.33404 ], [ -83.034173, 42.333287 ], [ -83.034697, 42.33305 ], [ -83.035413, 42.332789 ], [ -83.03589, 42.332592 ], [ -83.035886, 42.332713 ], [ -83.035895, 42.332788 ], [ -83.035914, 42.332877 ], [ -83.035941, 42.332966 ], [ -83.035977, 42.333053 ], [ -83.036021, 42.333137 ], [ -83.036163, 42.333346 ], [ -83.03626, 42.333491 ], [ -83.037675, 42.335577 ], [ -83.037738, 42.335675 ], [ -83.03783, 42.335795 ] ] ] } },
{ "type": "Feature", "properties": { "GEOID": "261635204001", "NAME": "15000US261635204001", "population": 687, "acs_year": "2020-2024", "ALAND": 78742, "AWATER": 0, "walk_minutes": 10.810395771106991, "access_bin": "<= 15 min", "within_15": true, "tract": "26163520400" }, "geometry": { "type": "Polygon", "coordinates": [ [ [ -83.069896, 42.352346 ], [ -83.067619, 42.353027 ], [ -83.067193, 42.35228 ], [ -83.066498, 42.351062 ], [ -83.065778, 42.349797 ], [ -83.068001, 42.349094 ], [ -83.068394, 42.34979 ], [ -83.068715, 42.350352 ], [ -83.06908, 42.350994 ], [ -83.069336, 42.351444 ], [ -83.069419, 42.351579 ], [ -83.070058, 42.35229 ], [ -83.069896, 42.352346 ] ] ] } },
{ "type": "Feature", "properties": { "GEOID": "261635243001", "NAME": "15000US261635243001", "population": 690, "acs_year": "2020-2024", "ALAND": 283535, "AWATER": 0, "walk_minutes": 14.305324276862672, "access_bin": "<= 15 min", "within_15": true, "tract": "26163524300" }, "geometry": { "type": "Polygon", "coordinates": [ [ [ -83.128854, 42.303865 ], [ -83.125922, 42.304974 ], [ -83.123278, 42.305979 ], [ -83.123408, 42.306159 ], [ -83.12245, 42.306543 ], [ -83.120507, 42.307316 ], [ -83.12047, 42.307245 ], [ -83.12044, 42.307158 ], [ -83.120328, 42.306616 ], [ -83.120306, 42.306508 ], [ -83.120265, 42.306399 ], [ -83.120176, 42.306254 ], [ -83.121697, 42.304034 ], [ -83.122982, 42.302127 ], [ -83.123781, 42.300994 ], [ -83.124425, 42.30008 ], [ -83.125345, 42.298775 ], [ -83.125382, 42.29883 ], [ -83.125752, 42.299367 ], [ -83.126196, 42.300008 ], [ -83.126677, 42.300701 ], [ -83.127214, 42.30148 ], [ -83.127748, 42.302254 ], [ -83.12826, 42.303001 ], [ -83.128704, 42.303647 ], [ -83.128854, 42.303865 ] ] ] } },
{ "type": "Feature", "properties": { "GEOID": "261635394003", "NAME": "15000US261635394003", "population": 1418, "acs_year": "2020-2024", "ALAND": 519429, "AWATER": 0, "walk_minutes": 17.878805904331937, "access_bin": "<= 20 min", "within_15": false, "tract": "26163539400" }, "geometry": { "type": "Polygon", "coordinates": [ [ [ -83.186946, 42.430832 ], [ -83.186636, 42.430846 ], [ -83.186377, 42.430859 ], [ -83.185208, 42.430906 ], [ -83.184036, 42.43095 ], [ -83.182859, 42.430995 ], [ -83.181683, 42.431035 ], [ -83.180507, 42.431078 ], [ -83.179509, 42.431101 ], [ -83.179292, 42.431107 ], [ -83.17833, 42.431129 ], [ -83.17814, 42.431132 ], [ -83.177249, 42.431145 ], [ -83.176968, 42.431149 ], [ -83.175754, 42.431166 ], [ -83.17548, 42.43117 ], [ -83.175396, 42.429371 ], [ -83.175312, 42.427564 ], [ -83.175225, 42.425761 ], [ -83.175138, 42.423917 ], [ -83.175412, 42.423912 ], [ -83.176627, 42.423891 ], [ -83.177797, 42.423871 ], [ -83.178646, 42.423857 ], [ -83.178845, 42.423849 ], [ -83.179067, 42.423851 ], [ -83.179278, 42.424052 ], [ -83.180194, 42.424835 ], [ -83.181142, 42.425664 ], [ -83.183156, 42.427368 ], [ -83.18447, 42.428502 ], [ -83.184618, 42.428618 ], [ -83.185586, 42.429408 ], [ -83.18611, 42.429866 ], [ -83.187158, 42.430821 ], [ -83.186946, 42.430832 ] ] ] } },
{ "type": "Feature", "properties": { "GEOID": "261635031001", "NAME": "15000US261635031001", "population": 1280, "acs_year": "2020-2024", "ALAND": 475058, "AWATER": 0, "walk_minutes": 18.50255263541672, "access_bin": "<= 20 min", "within_15": false, "tract": "26163503100" }, "geometry": { "type": "Polygon", "coordinates": [ [ [ -82.985659, 42.44928 ], [ -82.983671, 42.449328 ], [ -82.983553, 42.449331 ], [ -82.983483, 42.449333 ], [ -82.983198, 42.449339 ], [ -82.981555, 42.44938 ], [ -82.980923, 42.449397 ], [ -82.980768, 42.449401 ], [ -82.980318, 42.449413 ], [ -82.980152, 42.449417 ], [ -82.978925, 42.449449 ], [ -82.978318, 42.449465 ], [ -82.978302, 42.448664 ], [ -82.978267, 42.447803 ], [ -82.97823, 42.446904 ], [ -82.978191, 42.446012 ], [ -82.978153, 42.445101 ], [ -82.978115, 42.444185 ], [ -82.978077, 42.443263 ], [ -82.978042, 42.442394 ], [ -82.980495, 42.442334 ], [ -82.982947, 42.44227 ], [ -82.985163, 42.442216 ], [ -82.985407, 42.442205 ], [ -82.985473, 42.444008 ], [ -82.985537, 42.445816 ], [ -82.985569, 42.446726 ], [ -82.985603, 42.447624 ], [ -82.985632, 42.44842 ], [ -82.985628, 42.448523 ], [ -82.985659, 42.44928 ] ] ] } },
{ "type": "Feature", "properties": { "GEOID": "261635232001", "NAME": "15000US261635232001", "population": 533, "acs_year": "2020-2024", "ALAND": 250750, "AWATER": 0, "walk_minutes": 3.3320487323685932, "access_bin": "<= 5 min", "within_15": true, "tract": "26163523200" }, "geometry": { "type": "Polygon", "coordinates": [ [ [ -83.110908, 42.318149 ], [ -83.109168, 42.318863 ], [ -83.108511, 42.319132 ], [ -83.1079, 42.319382 ], [ -83.107249, 42.319643 ], [ -83.106018, 42.320143 ], [ -83.104078, 42.320932 ], [ -83.103499, 42.320129 ], [ -83.102941, 42.319355 ], [ -83.102388, 42.318589 ], [ -83.101832, 42.317819 ], [ -83.103803, 42.317009 ], [ -83.105663, 42.316251 ], [ -83.106882, 42.31576 ], [ -83.107037, 42.315733 ], [ -83.10855, 42.315668 ], [ -83.109202, 42.315641 ], [ -83.109978, 42.315614 ], [ -83.109996, 42.315706 ], [ -83.109989, 42.315866 ], [ -83.109894, 42.316516 ], [ -83.109895, 42.316561 ], [ -83.109904, 42.316608 ], [ -83.109936, 42.316679 ], [ -83.110005, 42.316908 ], [ -83.11034, 42.31737 ], [ -83.110908, 42.318149 ] ] ] } },
{ "type": "Feature", "properties": { "GEOID": "261635350003", "NAME": "15000US261635350003", "population": 1087, "acs_year": "2020-2024", "ALAND": 324949, "AWATER": 0, "walk_minutes": 18.151755770910825, "access_bin": "<= 20 min", "within_15": false, "tract": "26163535000" }, "geometry": { "type": "Polygon", "coordinates": [ [ [ -83.172814, 42.365896 ], [ -83.171608, 42.365921 ], [ -83.170386, 42.365947 ], [ -83.169765, 42.36596 ], [ -83.169137, 42.365974 ], [ -83.167928, 42.365998 ], [ -83.167865, 42.363812 ], [ -83.167789, 42.361006 ], [ -83.167727, 42.358734 ], [ -83.168846, 42.358721 ], [ -83.168982, 42.358718 ], [ -83.170186, 42.358691 ], [ -83.171331, 42.358666 ], [ -83.171456, 42.358663 ], [ -83.172626, 42.358643 ], [ -83.172609, 42.358721 ], [ -83.172678, 42.360909 ], [ -83.17276, 42.363714 ], [ -83.172824, 42.365815 ], [ -83.172814, 42.365896 ] ] ] } },
{ "type": "Feature", "properties": { "GEOID": "261635370002", "NAME": "15000US261635370002", "population": 495, "acs_year": "2020-2024", "ALAND": 358694, "AWATER": 0, "walk_minutes": 20.735276802033223, "access_bin": "> 20 min", "within_15": false, "tract": "26163537000" }, "geometry": { "type": "Polygon", "coordinates": [ [ [ -83.184846, 42.409195 ], [ -83.183748, 42.40923 ], [ -83.182624, 42.409264 ], [ -83.181571, 42.409296 ], [ -83.180517, 42.409329 ], [ -83.179466, 42.409361 ], [ -83.17938, 42.407529 ], [ -83.179296, 42.405722 ], [ -83.17921, 42.4039 ], [ -83.179129, 42.40208 ], [ -83.180193, 42.402057 ], [ -83.181246, 42.402027 ], [ -83.182294, 42.401997 ], [ -83.183412, 42.401976 ], [ -83.184526, 42.401938 ], [ -83.184607, 42.403746 ], [ -83.184688, 42.405561 ], [ -83.184768, 42.407373 ], [ -83.184846, 42.409195 ] ] ] } },
{ "type": "Feature", "properties": { "GEOID": "261635410003", "NAME": "15000US261635410003", "population": 2756, "acs_year": "2020-2024", "ALAND": 559721, "AWATER": 0, "walk_minutes": 19.634271054743472, "access_bin": "<= 20 min", "within_15": false, "tract": "26163541000" }, "geometry": { "type": "Polygon", "coordinates": [ [ [ -83.258572, 42.436355 ], [ -83.257364, 42.436379 ], [ -83.256143, 42.436404 ], [ -83.254921, 42.436428 ], [ -83.253735, 42.436453 ], [ -83.252526, 42.436483 ], [ -83.251606, 42.436506 ], [ -83.251305, 42.436513 ], [ -83.250119, 42.436543 ], [ -83.250052, 42.434734 ], [ -83.249982, 42.432913 ], [ -83.249911, 42.431114 ], [ -83.249842, 42.429419 ], [ -83.249824, 42.429309 ], [ -83.251028, 42.429282 ], [ -83.252072, 42.429258 ], [ -83.252254, 42.429254 ], [ -83.253413, 42.429228 ], [ -83.254851, 42.429197 ], [ -83.255944, 42.429171 ], [ -83.257092, 42.429144 ], [ -83.25806, 42.429121 ], [ -83.258292, 42.42912 ], [ -83.258326, 42.429839 ], [ -83.258407, 42.431515 ], [ -83.258446, 42.432737 ], [ -83.258458, 42.433209 ], [ -83.258512, 42.434536 ], [ -83.258572, 42.436355 ] ] ] } },
{ "type": "Feature", "properties": { "GEOID": "261635113001", "NAME": "15000US261635113001", "population": 1711, "acs_year": "2020-2024", "ALAND": 895919, "AWATER": 0, "walk_minutes": 25.177589986275482, "access_bin": "> 20 min", "within_15": false, "tract": "26163511300" }, "geometry": { "type": "Polygon", "coordinates": [ [ [ -83.063611, 42.418653 ], [ -83.062495, 42.418687 ], [ -83.061412, 42.418701 ], [ -83.060317, 42.418721 ], [ -83.059261, 42.418742 ], [ -83.058152, 42.418762 ], [ -83.057042, 42.418783 ], [ -83.055942, 42.418805 ], [ -83.054901, 42.418825 ], [ -83.053858, 42.418846 ], [ -83.05283, 42.418863 ], [ -83.05175, 42.418887 ], [ -83.050688, 42.418909 ], [ -83.049704, 42.418929 ], [ -83.048664, 42.418949 ], [ -83.047718, 42.418968 ], [ -83.04767, 42.417139 ], [ -83.047624, 42.41538 ], [ -83.047589, 42.413949 ], [ -83.047539, 42.411886 ], [ -83.047514, 42.411775 ], [ -83.048494, 42.411751 ], [ -83.049383, 42.411731 ], [ -83.052463, 42.411659 ], [ -83.055315, 42.411594 ], [ -83.058779, 42.411507 ], [ -83.059982, 42.413297 ], [ -83.061487, 42.415521 ], [ -83.06305, 42.417826 ], [ -83.063611, 42.418653 ] ] ] } },
{ "type": "Feature", "properties": { "GEOID": "261635160001", "NAME": "15000US261635160001", "population": 1267, "acs_year": "2020-2024", "ALAND": 609000, "AWATER": 0, "walk_minutes": 19.437065882377404, "access_bin": "<= 20 min", "within_15": false, "tract": "26163516000" }, "geometry": { "type": "Polygon", "coordinates": [ [ [ -83.012409, 42.376044 ], [ -83.011632, 42.376355 ], [ -83.010656, 42.376743 ], [ -83.009679, 42.377133 ], [ -83.008698, 42.377524 ], [ -83.007722, 42.377912 ], [ -83.006746, 42.378301 ], [ -83.005789, 42.378681 ], [ -83.004257, 42.376569 ], [ -83.002823, 42.374579 ], [ -83.001227, 42.372365 ], [ -82.999394, 42.369828 ], [ -82.999297, 42.369714 ], [ -83.00025, 42.369331 ], [ -83.000485, 42.369236 ], [ -83.001227, 42.368938 ], [ -83.001925, 42.368657 ], [ -83.002201, 42.368546 ], [ -83.003203, 42.368145 ], [ -83.003363, 42.368081 ], [ -83.004085, 42.367784 ], [ -83.004153, 42.367761 ], [ -83.006091, 42.370439 ], [ -83.006613, 42.371162 ], [ -83.007101, 42.371836 ], [ -83.007684, 42.37264 ], [ -83.009518, 42.371907 ], [ -83.009642, 42.371862 ], [ -83.010078, 42.372467 ], [ -83.010583, 42.373162 ], [ -83.011106, 42.373884 ], [ -83.011593, 42.374557 ], [ -83.012615, 42.375968 ], [ -83.012409, 42.376044 ] ] ] } },
{ "type": "Feature", "properties": { "GEOID": "261635309003", "NAME": "15000US261635309003", "population": 520, "acs_year": "2020-2024", "ALAND": 643585, "AWATER": 0, "walk_minutes": 12.285878594408729, "access_bin": "<= 15 min", "within_15": true, "tract": "26163530900" }, "geometry": { "type": "Polygon", "coordinates": [ [ [ -83.129394, 42.374371 ], [ -83.12868, 42.374634 ], [ -83.128542, 42.374676 ], [ -83.128436, 42.3747 ], [ -83.128167, 42.374745 ], [ -83.127999, 42.374791 ], [ -83.126685, 42.375288 ], [ -83.12578, 42.375628 ], [ -83.124883, 42.37597 ], [ -83.124446, 42.376134 ], [ -83.122254, 42.37696 ], [ -83.121787, 42.376273 ], [ -83.121306, 42.375565 ], [ -83.120836, 42.374872 ], [ -83.120337, 42.374136 ], [ -83.119848, 42.373416 ], [ -83.119727, 42.373237 ], [ -83.1194, 42.372755 ], [ -83.118956, 42.372102 ], [ -83.118495, 42.371426 ], [ -83.118053, 42.370775 ], [ -83.117631, 42.37015 ], [ -83.11937, 42.369493 ], [ -83.119928, 42.369282 ], [ -83.120254, 42.369158 ], [ -83.121136, 42.368828 ], [ -83.12159, 42.368659 ], [ -83.122059, 42.368483 ], [ -83.122498, 42.368318 ], [ -83.12313, 42.368079 ], [ -83.12338, 42.367985 ], [ -83.123696, 42.367866 ], [ -83.124503, 42.367566 ], [ -83.124899, 42.367417 ], [ -83.125833, 42.367057 ], [ -83.127596, 42.369659 ], [ -83.129033, 42.371775 ], [ -83.13051, 42.373957 ], [ -83.129394, 42.374371 ] ] ] } },
{ "type": "Feature", "properties": { "GEOID": "261635223002", "NAME": "15000US261635223002", "population": 245, "acs_year": "2020-2024", "ALAND": 512806, "AWATER": 0, "walk_minutes": 31.50049152599787, "access_bin": "> 20 min", "within_15": false, "tract": "26163522300" }, "geometry": { "type": "Polygon", "coordinates": [ [ [ -83.102401, 42.359526 ], [ -83.10085, 42.360094 ], [ -83.100515, 42.360197 ], [ -83.099947, 42.360302 ], [ -83.098638, 42.360768 ], [ -83.097381, 42.361248 ], [ -83.097274, 42.361135 ], [ -83.09641, 42.360185 ], [ -83.094916, 42.358539 ], [ -83.093904, 42.357417 ], [ -83.093863, 42.357343 ], [ -83.095006, 42.356717 ], [ -83.096193, 42.356063 ], [ -83.09574, 42.355282 ], [ -83.095008, 42.35402 ], [ -83.094279, 42.35276 ], [ -83.093998, 42.352276 ], [ -83.093788, 42.351918 ], [ -83.093718, 42.351795 ], [ -83.093858, 42.351754 ], [ -83.094834, 42.351462 ], [ -83.095562, 42.351227 ], [ -83.095701, 42.351182 ], [ -83.096691, 42.350862 ], [ -83.097939, 42.350468 ], [ -83.098026, 42.35044 ], [ -83.098515, 42.350286 ], [ -83.098991, 42.350137 ], [ -83.099081, 42.350247 ], [ -83.099175, 42.35036 ], [ -83.099329, 42.350546 ], [ -83.099392, 42.350608 ], [ -83.099454, 42.350671 ], [ -83.099739, 42.350943 ], [ -83.100047, 42.351221 ], [ -83.100333, 42.351466 ], [ -83.100549, 42.351644 ], [ -83.100743, 42.351799 ], [ -83.101153, 42.352075 ], [ -83.101204, 42.352109 ], [ -83.101679, 42.352409 ], [ -83.102094, 42.352653 ], [ -83.101868, 42.352784 ], [ -83.101264, 42.353114 ], [ -83.101094, 42.353219 ], [ -83.101006, 42.353283 ], [ -83.100926, 42.35337 ], [ -83.100409, 42.353704 ], [ -83.099821, 42.354037 ], [ -83.098881, 42.354562 ], [ -83.098927, 42.35463 ], [ -83.09942, 42.355282 ], [ -83.099982, 42.356014 ], [ -83.100263, 42.356378 ], [ -83.100333, 42.35648 ], [ -83.100523, 42.356761 ], [ -83.10092, 42.357347 ], [ -83.100997, 42.357461 ], [ -83.101423, 42.358084 ], [ -83.101554, 42.358278 ], [ -83.102178, 42.359214 ], [ -83.102264, 42.359334 ], [ -83.102401, 42.359526 ] ] ] } },
{ "type": "Feature", "properties": { "GEOID": "261635137003", "NAME": "15000US261635137003", "population": 915, "acs_year": "2020-2024", "ALAND": 542241, "AWATER": 0, "walk_minutes": 26.455562640322754, "access_bin": "> 20 min", "within_15": false, "tract": "26163513700" }, "geometry": { "type": "Polygon", "coordinates": [ [ [ -82.959617, 42.367302 ], [ -82.959574, 42.367514 ], [ -82.95952, 42.367671 ], [ -82.959467, 42.367756 ], [ -82.959025, 42.368361 ], [ -82.958874, 42.368577 ], [ -82.958811, 42.368698 ], [ -82.958765, 42.368787 ], [ -82.958731, 42.368909 ], [ -82.958702, 42.369012 ], [ -82.958689, 42.369265 ], [ -82.958728, 42.369515 ], [ -82.958905, 42.370001 ], [ -82.957983, 42.370095 ], [ -82.956922, 42.3702 ], [ -82.956504, 42.37024 ], [ -82.955824, 42.370306 ], [ -82.954768, 42.370408 ], [ -82.954011, 42.370481 ], [ -82.953737, 42.370508 ], [ -82.952765, 42.370602 ], [ -82.951565, 42.370719 ], [ -82.950434, 42.370829 ], [ -82.950359, 42.370836 ], [ -82.949453, 42.370924 ], [ -82.949388, 42.370932 ], [ -82.949297, 42.370942 ], [ -82.949209, 42.370953 ], [ -82.949081, 42.370978 ], [ -82.94891, 42.371021 ], [ -82.948745, 42.371074 ], [ -82.948464, 42.371189 ], [ -82.94829, 42.37126 ], [ -82.947548, 42.371566 ], [ -82.947339, 42.371652 ], [ -82.946696, 42.371917 ], [ -82.944775, 42.368977 ], [ -82.94565, 42.368662 ], [ -82.946609, 42.368317 ], [ -82.947569, 42.367973 ], [ -82.94854, 42.367626 ], [ -82.950305, 42.366995 ], [ -82.951181, 42.366681 ], [ -82.951225, 42.366666 ], [ -82.952118, 42.366345 ], [ -82.953026, 42.366018 ], [ -82.953965, 42.36568 ], [ -82.954879, 42.36535 ], [ -82.955757, 42.365033 ], [ -82.956646, 42.364712 ], [ -82.957535, 42.364391 ], [ -82.957867, 42.364272 ], [ -82.958435, 42.365124 ], [ -82.959238, 42.36634 ], [ -82.959504, 42.366754 ], [ -82.959572, 42.366918 ], [ -82.959618, 42.367138 ], [ -82.959617, 42.367302 ] ] ] } },
{ "type": "Feature", "properties": { "GEOID": "261635189001", "NAME": "15000US261635189001", "population": 2061, "acs_year": "2020-2024", "ALAND": 1846190, "AWATER": 0, "walk_minutes": 19.061945130366635, "access_bin": "<= 20 min", "within_15": false, "tract": "26163518900" }, "geometry": { "type": "Polygon", "coordinates": [ [ [ -83.054365, 42.361004 ], [ -83.053894, 42.361162 ], [ -83.052424, 42.361697 ], [ -83.051838, 42.361907 ], [ -83.051004, 42.362228 ], [ -83.049229, 42.362637 ], [ -83.048316, 42.362968 ], [ -83.04742, 42.363294 ], [ -83.046634, 42.36358 ], [ -83.046118, 42.362753 ], [ -83.045937, 42.362466 ], [ -83.045625, 42.362049 ], [ -83.045244, 42.361482 ], [ -83.044536, 42.360435 ], [ -83.044261, 42.360034 ], [ -83.043857, 42.359393 ], [ -83.043187, 42.35838 ], [ -83.042729, 42.357688 ], [ -83.042318, 42.357007 ], [ -83.042024, 42.356552 ], [ -83.041547, 42.355873 ], [ -83.0413, 42.35553 ], [ -83.04105, 42.355185 ], [ -83.04051, 42.354371 ], [ -83.038708, 42.355047 ], [ -83.038258, 42.355211 ], [ -83.037819, 42.354547 ], [ -83.037378, 42.35388 ], [ -83.03698, 42.353277 ], [ -83.036615, 42.352725 ], [ -83.036223, 42.352135 ], [ -83.035866, 42.351596 ], [ -83.034323, 42.352157 ], [ -83.032307, 42.352891 ], [ -83.032046, 42.352495 ], [ -83.032542, 42.351741 ], [ -83.033014, 42.351023 ], [ -83.033291, 42.350643 ], [ -83.033513, 42.350341 ], [ -83.034309, 42.349282 ], [ -83.034858, 42.348569 ], [ -83.035849, 42.347276 ], [ -83.035904, 42.347216 ], [ -83.035962, 42.347141 ], [ -83.036227, 42.346803 ], [ -83.036303, 42.346709 ], [ -83.036602, 42.346321 ], [ -83.036664, 42.346234 ], [ -83.037029, 42.345765 ], [ -83.037367, 42.345327 ], [ -83.037508, 42.345135 ], [ -83.037585, 42.345045 ], [ -83.037706, 42.344887 ], [ -83.038708, 42.343584 ], [ -83.03962, 42.342394 ], [ -83.039921, 42.342 ], [ -83.039936, 42.341981 ], [ -83.040594, 42.341125 ], [ -83.040665, 42.341038 ], [ -83.041007, 42.340596 ], [ -83.041093, 42.340478 ], [ -83.041344, 42.340161 ], [ -83.042003, 42.340679 ], [ -83.042151, 42.340802 ], [ -83.042209, 42.340849 ], [ -83.042356, 42.340982 ], [ -83.042559, 42.341188 ], [ -83.042728, 42.341389 ], [ -83.042948, 42.341675 ], [ -83.043097, 42.341884 ], [ -83.043238, 42.342097 ], [ -83.043348, 42.342275 ], [ -83.043388, 42.34234 ], [ -83.043501, 42.342537 ], [ -83.043619, 42.342862 ], [ -83.043696, 42.343108 ], [ -83.043756, 42.343369 ], [ -83.043799, 42.343593 ], [ -83.043844, 42.343827 ], [ -83.043962, 42.344526 ], [ -83.043988, 42.344683 ], [ -83.044032, 42.344943 ], [ -83.044084, 42.345136 ], [ -83.044158, 42.345333 ], [ -83.044315, 42.345711 ], [ -83.044414, 42.345931 ], [ -83.044564, 42.346218 ], [ -83.044673, 42.346388 ], [ -83.045659, 42.347991 ], [ -83.046698, 42.34948 ], [ -83.047821, 42.351218 ], [ -83.047905, 42.351345 ], [ -83.048644, 42.352413 ], [ -83.049099, 42.353071 ], [ -83.05144, 42.356632 ], [ -83.051759, 42.357111 ], [ -83.052337, 42.357984 ], [ -83.052693, 42.358534 ], [ -83.053026, 42.359029 ], [ -83.054241, 42.360835 ], [ -83.054365, 42.361004 ] ] ] } },
{ "type": "Feature", "properties": { "GEOID": "261635215001", "NAME": "15000US261635215001", "population": 629, "acs_year": "2020-2024", "ALAND": 987537, "AWATER": 0, "walk_minutes": 23.868066099951491, "access_bin": "> 20 min", "within_15": false, "tract": "26163521500" }, "geometry": { "type": "Polygon", "coordinates": [ [ [ -83.081028, 42.339295 ], [ -83.080835, 42.33935 ], [ -83.080058, 42.33961 ], [ -83.07974, 42.33971 ], [ -83.079314, 42.339844 ], [ -83.079164, 42.33989 ], [ -83.079015, 42.339937 ], [ -83.078381, 42.340137 ], [ -83.077194, 42.340509 ], [ -83.075934, 42.340902 ], [ -83.075525, 42.341032 ], [ -83.075267, 42.341116 ], [ -83.074967, 42.341205 ], [ -83.072857, 42.341862 ], [ -83.072578, 42.341949 ], [ -83.071691, 42.342223 ], [ -83.0711, 42.342409 ], [ -83.070275, 42.342669 ], [ -83.069601, 42.342882 ], [ -83.069537, 42.342902 ], [ -83.068503, 42.343229 ], [ -83.068243, 42.343311 ], [ -83.068078, 42.34336 ], [ -83.068015, 42.343224 ], [ -83.067341, 42.341697 ], [ -83.066323, 42.339617 ], [ -83.066207, 42.339359 ], [ -83.066146, 42.339224 ], [ -83.06612, 42.339166 ], [ -83.066013, 42.33893 ], [ -83.065915, 42.338715 ], [ -83.06572, 42.338304 ], [ -83.065509, 42.337858 ], [ -83.065298, 42.33738 ], [ -83.065251, 42.337273 ], [ -83.064999, 42.336639 ], [ -83.064947, 42.336551 ], [ -83.064652, 42.336059 ], [ -83.064523, 42.335849 ], [ -83.064296, 42.335505 ], [ -83.06429, 42.335496 ], [ -83.064266, 42.335438 ], [ -83.064658, 42.335347 ], [ -83.06479, 42.335317 ], [ -83.065626, 42.335171 ], [ -83.065844, 42.335134 ], [ -83.068662, 42.334477 ], [ -83.068907, 42.334427 ], [ -83.070878, 42.334026 ], [ -83.071835, 42.333805 ], [ -83.072801, 42.333541 ], [ -83.073184, 42.333423 ], [ -83.074189, 42.333115 ], [ -83.07517, 42.332814 ], [ -83.075463, 42.332742 ], [ -83.075669, 42.332699 ], [ -83.075935, 42.33265 ], [ -83.076335, 42.332591 ], [ -83.076738, 42.332551 ], [ -83.077168, 42.332529 ], [ -83.077248, 42.332672 ], [ -83.077413, 42.332959 ], [ -83.077503, 42.333121 ], [ -83.07836, 42.334617 ], [ -83.078789, 42.33537 ], [ -83.07922, 42.336122 ], [ -83.080075, 42.337625 ], [ -83.080949, 42.339155 ], [ -83.081028, 42.339295 ] ] ] } },
{ "type": "Feature", "properties": { "GEOID": "261635231001", "NAME": "15000US261635231001", "population": 1045, "acs_year": "2020-2024", "ALAND": 1492848, "AWATER": 0, "walk_minutes": 24.087962908611956, "access_bin": "> 20 min", "within_15": false, "tract": "26163523100" }, "geometry": { "type": "Polygon", "coordinates": [ [ [ -83.115311, 42.324195 ], [ -83.113939, 42.324385 ], [ -83.108271, 42.325152 ], [ -83.107216, 42.32531 ], [ -83.10679, 42.325362 ], [ -83.106729, 42.32547 ], [ -83.10608, 42.326552 ], [ -83.103386, 42.330485 ], [ -83.102922, 42.331134 ], [ -83.102829, 42.331296 ], [ -83.102084, 42.332352 ], [ -83.100564, 42.334557 ], [ -83.100272, 42.334156 ], [ -83.09996, 42.333727 ], [ -83.099763, 42.333433 ], [ -83.099587, 42.333407 ], [ -83.09949, 42.333401 ], [ -83.099393, 42.333403 ], [ -83.099297, 42.33341 ], [ -83.099201, 42.333425 ], [ -83.099044, 42.333463 ], [ -83.098935, 42.333502 ], [ -83.098649, 42.333619 ], [ -83.098532, 42.333686 ], [ -83.098403, 42.333759 ], [ -83.098298, 42.333832 ], [ -83.098177, 42.333903 ], [ -83.098047, 42.333963 ], [ -83.097928, 42.334007 ], [ -83.097838, 42.334035 ], [ -83.097728, 42.334062 ], [ -83.097616, 42.334083 ], [ -83.097502, 42.334097 ], [ -83.097388, 42.334105 ], [ -83.097303, 42.334105 ], [ -83.09723, 42.334098 ], [ -83.097144, 42.33408 ], [ -83.096982, 42.334019 ], [ -83.096839, 42.333939 ], [ -83.096715, 42.333796 ], [ -83.096462, 42.333334 ], [ -83.096374, 42.333138 ], [ -83.096206, 42.332848 ], [ -83.096013, 42.332637 ], [ -83.095944, 42.332561 ], [ -83.095723, 42.332353 ], [ -83.095474, 42.332135 ], [ -83.095359, 42.331952 ], [ -83.095276, 42.331796 ], [ -83.095228, 42.331693 ], [ -83.095092, 42.331368 ], [ -83.095014, 42.331187 ], [ -83.094676, 42.330744 ], [ -83.094007, 42.329814 ], [ -83.093976, 42.329748 ], [ -83.093792, 42.329434 ], [ -83.093677, 42.329218 ], [ -83.09357, 42.328991 ], [ -83.093432, 42.328742 ], [ -83.093245, 42.328441 ], [ -83.092544, 42.327421 ], [ -83.092516, 42.327381 ], [ -83.092487, 42.32734 ], [ -83.091481, 42.325914 ], [ -83.092726, 42.325436 ], [ -83.093415, 42.325165 ], [ -83.093818, 42.325001 ], [ -83.094033, 42.324915 ], [ -83.094086, 42.324851 ], [ -83.094141, 42.32479 ], [ -83.095272, 42.324345 ], [ -83.09555, 42.324238 ], [ -83.096124, 42.323989 ], [ -83.096039, 42.323872 ], [ -83.096975, 42.323525 ], [ -83.097907, 42.323161 ], [ -83.098071, 42.323392 ], [ -83.099394, 42.32285 ], [ -83.099712, 42.32271 ], [ -83.099967, 42.322598 ], [ -83.100565, 42.322358 ], [ -83.101736, 42.321881 ], [ -83.102907, 42.321407 ], [ -83.104078, 42.320932 ], [ -83.106018, 42.320143 ], [ -83.107249, 42.319643 ], [ -83.1079, 42.319382 ], [ -83.108511, 42.319132 ], [ -83.109168, 42.318863 ], [ -83.110908, 42.318149 ], [ -83.111147, 42.318478 ], [ -83.111471, 42.318923 ], [ -83.112093, 42.319776 ], [ -83.1132, 42.321293 ], [ -83.11436, 42.322884 ], [ -83.11518, 42.324014 ], [ -83.115311, 42.324195 ] ] ] } },
{ "type": "Feature", "properties": { "GEOID": "261635430002", "NAME": "15000US261635430002", "population": 1008, "acs_year": "2020-2024", "ALAND": 478159, "AWATER": 0, "walk_minutes": 7.1979879709597894, "access_bin": "<= 10 min", "within_15": true, "tract": "26163543000" }, "geometry": { "type": "Polygon", "coordinates": [ [ [ -83.237856, 42.409937 ], [ -83.237722, 42.409888 ], [ -83.237202, 42.409882 ], [ -83.236714, 42.409896 ], [ -83.236572, 42.409906 ], [ -83.236332, 42.409897 ], [ -83.236166, 42.409883 ], [ -83.236062, 42.409867 ], [ -83.235846, 42.409885 ], [ -83.235673, 42.409821 ], [ -83.23558, 42.409794 ], [ -83.235115, 42.409799 ], [ -83.234088, 42.409826 ], [ -83.233644, 42.409831 ], [ -83.232871, 42.409849 ], [ -83.232182, 42.409867 ], [ -83.231638, 42.409876 ], [ -83.231473, 42.409878 ], [ -83.230241, 42.409905 ], [ -83.229025, 42.409925 ], [ -83.228821, 42.409928 ], [ -83.228798, 42.409325 ], [ -83.228768, 42.409174 ], [ -83.228699, 42.408919 ], [ -83.228408, 42.4081 ], [ -83.228323, 42.407833 ], [ -83.228285, 42.407692 ], [ -83.228283, 42.407648 ], [ -83.22817, 42.407595 ], [ -83.227237, 42.407224 ], [ -83.225347, 42.406462 ], [ -83.224063, 42.405946 ], [ -83.223769, 42.405811 ], [ -83.223512, 42.405675 ], [ -83.223402, 42.4056 ], [ -83.223284, 42.405505 ], [ -83.22316, 42.405415 ], [ -83.22303, 42.405329 ], [ -83.222919, 42.405264 ], [ -83.222748, 42.405146 ], [ -83.22169, 42.404223 ], [ -83.220627, 42.403281 ], [ -83.219854, 42.402585 ], [ -83.21978, 42.402506 ], [ -83.219703, 42.402406 ], [ -83.219654, 42.402327 ], [ -83.219607, 42.402231 ], [ -83.219506, 42.401928 ], [ -83.219454, 42.401736 ], [ -83.219396, 42.401586 ], [ -83.219355, 42.401437 ], [ -83.219307, 42.401099 ], [ -83.220753, 42.401694 ], [ -83.221664, 42.402056 ], [ -83.224979, 42.403391 ], [ -83.225326, 42.403531 ], [ -83.226429, 42.403976 ], [ -83.227737, 42.404505 ], [ -83.228753, 42.404908 ], [ -83.229044, 42.405024 ], [ -83.230326, 42.405539 ], [ -83.231521, 42.406019 ], [ -83.232453, 42.406394 ], [ -83.232589, 42.406449 ], [ -83.233839, 42.406953 ], [ -83.234016, 42.407025 ], [ -83.235242, 42.407518 ], [ -83.236378, 42.407972 ], [ -83.236547, 42.408041 ], [ -83.237791, 42.40854 ], [ -83.237856, 42.409937 ] ] ] } },
{ "type": "Feature", "properties": { "GEOID": "261635234001", "NAME": "15000US261635234001", "population": 1542, "acs_year": "2020-2024", "ALAND": 521689, "AWATER": 0, "walk_minutes": 22.330247180369405, "access_bin": "> 20 min", "within_15": false, "tract": "26163523400" }, "geometry": { "type": "Polygon", "coordinates": [ [ [ -83.094912, 42.320639 ], [ -83.093988, 42.321005 ], [ -83.093124, 42.321341 ], [ -83.091924, 42.321815 ], [ -83.090542, 42.322357 ], [ -83.089326, 42.322827 ], [ -83.089233, 42.322861 ], [ -83.088919, 42.322711 ], [ -83.088431, 42.322039 ], [ -83.087554, 42.320691 ], [ -83.087281, 42.320378 ], [ -83.086718, 42.319667 ], [ -83.086565, 42.319439 ], [ -83.085573, 42.317994 ], [ -83.08521, 42.317491 ], [ -83.084774, 42.317002 ], [ -83.084469, 42.316559 ], [ -83.084703, 42.316387 ], [ -83.084915, 42.316245 ], [ -83.085162, 42.316094 ], [ -83.085418, 42.315953 ], [ -83.085675, 42.315824 ], [ -83.085889, 42.315727 ], [ -83.086098, 42.31564 ], [ -83.087219, 42.315205 ], [ -83.091092, 42.313672 ], [ -83.091288, 42.313951 ], [ -83.091949, 42.314822 ], [ -83.093131, 42.316495 ], [ -83.094091, 42.317832 ], [ -83.095838, 42.320274 ], [ -83.094912, 42.320639 ] ] ] } },
{ "type": "Feature", "properties": { "GEOID": "261635263003", "NAME": "15000US261635263003", "population": 903, "acs_year": "2020-2024", "ALAND": 370371, "AWATER": 0, "walk_minutes": 20.846222747967669, "access_bin": "> 20 min", "within_15": false, "tract": "26163526300" }, "geometry": { "type": "Polygon", "coordinates": [ [ [ -83.142753, 42.339573 ], [ -83.141954, 42.339893 ], [ -83.141115, 42.340233 ], [ -83.140227, 42.340589 ], [ -83.139338, 42.340944 ], [ -83.138184, 42.34141 ], [ -83.137127, 42.341833 ], [ -83.137106, 42.341849 ], [ -83.137088, 42.341877 ], [ -83.137087, 42.341911 ], [ -83.137097, 42.341931 ], [ -83.138098, 42.343224 ], [ -83.138338, 42.343546 ], [ -83.137086, 42.344047 ], [ -83.136424, 42.343179 ], [ -83.135833, 42.3424 ], [ -83.135259, 42.341642 ], [ -83.134683, 42.340886 ], [ -83.134129, 42.340156 ], [ -83.13361, 42.33949 ], [ -83.133552, 42.339406 ], [ -83.133461, 42.339275 ], [ -83.132965, 42.338622 ], [ -83.134207, 42.338125 ], [ -83.135358, 42.337661 ], [ -83.136509, 42.337199 ], [ -83.137475, 42.336809 ], [ -83.138364, 42.336453 ], [ -83.1392, 42.336118 ], [ -83.14, 42.335797 ], [ -83.140744, 42.335507 ], [ -83.141865, 42.337042 ], [ -83.143467, 42.339291 ], [ -83.142753, 42.339573 ] ] ] } },
{ "type": "Feature", "properties": { "GEOID": "261635457001", "NAME": "15000US261635457001", "population": 1211, "acs_year": "2020-2024", "ALAND": 662613, "AWATER": 0, "walk_minutes": 28.81332540611491, "access_bin": "> 20 min", "within_15": false, "tract": "26163545700" }, "geometry": { "type": "Polygon", "coordinates": [ [ [ -83.225412, 42.336003 ], [ -83.224091, 42.336021 ], [ -83.22293, 42.336037 ], [ -83.221758, 42.336053 ], [ -83.220541, 42.336069 ], [ -83.219309, 42.336085 ], [ -83.218112, 42.336101 ], [ -83.216914, 42.336117 ], [ -83.216252, 42.336124 ], [ -83.215937, 42.336128 ], [ -83.215759, 42.336133 ], [ -83.215415, 42.336135 ], [ -83.215407, 42.334729 ], [ -83.215394, 42.333584 ], [ -83.21539, 42.333347 ], [ -83.215358, 42.333061 ], [ -83.215277, 42.332213 ], [ -83.21528, 42.331924 ], [ -83.215291, 42.331699 ], [ -83.215395, 42.330332 ], [ -83.215381, 42.329769 ], [ -83.215362, 42.329105 ], [ -83.215358, 42.329018 ], [ -83.215355, 42.328945 ], [ -83.215585, 42.328941 ], [ -83.215667, 42.328939 ], [ -83.215768, 42.328938 ], [ -83.215997, 42.328934 ], [ -83.216074, 42.328933 ], [ -83.216968, 42.328931 ], [ -83.2176, 42.328924 ], [ -83.218132, 42.328891 ], [ -83.21997, 42.328779 ], [ -83.220264, 42.328766 ], [ -83.220448, 42.328758 ], [ -83.221484, 42.328717 ], [ -83.222681, 42.328682 ], [ -83.223863, 42.328659 ], [ -83.22481, 42.328641 ], [ -83.225029, 42.328815 ], [ -83.225188, 42.328942 ], [ -83.225209, 42.329044 ], [ -83.225223, 42.329442 ], [ -83.225266, 42.33091 ], [ -83.225308, 42.332379 ], [ -83.225376, 42.334414 ], [ -83.225397, 42.335368 ], [ -83.225404, 42.335686 ], [ -83.225412, 42.336003 ] ] ] } },
{ "type": "Feature", "properties": { "GEOID": "261635326002", "NAME": "15000US261635326002", "population": 1063, "acs_year": "2020-2024", "ALAND": 431452, "AWATER": 0, "walk_minutes": 17.869609650066266, "access_bin": "<= 20 min", "within_15": false, "tract": "26163532600" }, "geometry": { "type": "Polygon", "coordinates": [ [ [ -83.095342, 42.370766 ], [ -83.092774, 42.371676 ], [ -83.092722, 42.371699 ], [ -83.089765, 42.372776 ], [ -83.086873, 42.373826 ], [ -83.086581, 42.373951 ], [ -83.086363, 42.374053 ], [ -83.085977, 42.373655 ], [ -83.084964, 42.37203 ], [ -83.084366, 42.371142 ], [ -83.084349, 42.371116 ], [ -83.083818, 42.370264 ], [ -83.083565, 42.369857 ], [ -83.081867, 42.367287 ], [ -83.081802, 42.367197 ], [ -83.082003, 42.367121 ], [ -83.082276, 42.367019 ], [ -83.082583, 42.366903 ], [ -83.083259, 42.366647 ], [ -83.084571, 42.366152 ], [ -83.085483, 42.36581 ], [ -83.086601, 42.36539 ], [ -83.088218, 42.367785 ], [ -83.088729, 42.368546 ], [ -83.087608, 42.368968 ], [ -83.086503, 42.369381 ], [ -83.086443, 42.369403 ], [ -83.086826, 42.369781 ], [ -83.087294, 42.37052 ], [ -83.087454, 42.370758 ], [ -83.087621, 42.371007 ], [ -83.087639, 42.371055 ], [ -83.08938, 42.370421 ], [ -83.089855, 42.370249 ], [ -83.091578, 42.369641 ], [ -83.091649, 42.369642 ], [ -83.091701, 42.369636 ], [ -83.091751, 42.369623 ], [ -83.091812, 42.369596 ], [ -83.091986, 42.369501 ], [ -83.092087, 42.369446 ], [ -83.092262, 42.369359 ], [ -83.092508, 42.369273 ], [ -83.09266, 42.36923 ], [ -83.092815, 42.369192 ], [ -83.093049, 42.369119 ], [ -83.093397, 42.36898 ], [ -83.094025, 42.368765 ], [ -83.094244, 42.369097 ], [ -83.094736, 42.369842 ], [ -83.095342, 42.370766 ] ] ] } },
{ "type": "Feature", "properties": { "GEOID": "261635238001", "NAME": "15000US261635238001", "population": 530, "acs_year": "2020-2024", "ALAND": 395955, "AWATER": 0, "walk_minutes": 16.913626102019819, "access_bin": "<= 20 min", "within_15": false, "tract": "26163523800" }, "geometry": { "type": "Polygon", "coordinates": [ [ [ -83.125345, 42.298775 ], [ -83.124425, 42.30008 ], [ -83.123781, 42.300994 ], [ -83.122982, 42.302127 ], [ -83.121697, 42.304034 ], [ -83.120176, 42.306254 ], [ -83.118243, 42.309056 ], [ -83.118037, 42.309354 ], [ -83.117772, 42.308973 ], [ -83.117318, 42.308333 ], [ -83.116757, 42.307562 ], [ -83.116201, 42.306793 ], [ -83.115649, 42.306024 ], [ -83.115081, 42.305234 ], [ -83.114548, 42.304493 ], [ -83.114214, 42.304037 ], [ -83.113988, 42.303705 ], [ -83.11619, 42.302816 ], [ -83.119179, 42.301629 ], [ -83.119351, 42.30156 ], [ -83.119806, 42.301378 ], [ -83.119902, 42.301339 ], [ -83.120141, 42.301238 ], [ -83.120452, 42.301093 ], [ -83.120679, 42.300979 ], [ -83.121017, 42.3008 ], [ -83.121279, 42.30065 ], [ -83.121594, 42.30045 ], [ -83.121828, 42.300285 ], [ -83.121882, 42.300243 ], [ -83.122063, 42.300102 ], [ -83.122281, 42.299916 ], [ -83.122853, 42.299375 ], [ -83.123262, 42.299 ], [ -83.123968, 42.298352 ], [ -83.124554, 42.298125 ], [ -83.124815, 42.298023 ], [ -83.124933, 42.29818 ], [ -83.125074, 42.298384 ], [ -83.125107, 42.298431 ], [ -83.125203, 42.298577 ], [ -83.125252, 42.29865 ], [ -83.125314, 42.298731 ], [ -83.125345, 42.298775 ] ] ] } },
{ "type": "Feature", "properties": { "GEOID": "261635356001", "NAME": "15000US261635356001", "population": 373, "acs_year": "2020-2024", "ALAND": 303887, "AWATER": 0, "walk_minutes": 16.756143447257777, "access_bin": "<= 20 min", "within_15": false, "tract": "26163535600" }, "geometry": { "type": "Polygon", "coordinates": [ [ [ -83.175049, 42.358596 ], [ -83.173801, 42.35862 ], [ -83.172626, 42.358643 ], [ -83.171456, 42.358663 ], [ -83.171331, 42.358666 ], [ -83.170186, 42.358691 ], [ -83.168982, 42.358718 ], [ -83.168846, 42.358721 ], [ -83.167727, 42.358734 ], [ -83.167647, 42.357058 ], [ -83.167628, 42.356645 ], [ -83.167625, 42.356569 ], [ -83.167615, 42.356348 ], [ -83.167606, 42.356163 ], [ -83.167593, 42.355878 ], [ -83.167504, 42.353902 ], [ -83.167434, 42.352351 ], [ -83.167393, 42.351499 ], [ -83.168543, 42.352315 ], [ -83.16888, 42.352538 ], [ -83.169784, 42.353166 ], [ -83.170089, 42.35338 ], [ -83.17073, 42.353829 ], [ -83.171503, 42.354363 ], [ -83.172479, 42.355046 ], [ -83.172769, 42.355248 ], [ -83.173703, 42.355908 ], [ -83.173782, 42.355869 ], [ -83.173836, 42.355867 ], [ -83.173894, 42.355878 ], [ -83.173979, 42.355915 ], [ -83.173984, 42.356007 ], [ -83.173998, 42.356047 ], [ -83.174026, 42.356083 ], [ -83.174225, 42.356255 ], [ -83.174666, 42.356564 ], [ -83.174731, 42.356612 ], [ -83.17479, 42.356665 ], [ -83.174873, 42.356761 ], [ -83.174934, 42.356866 ], [ -83.174972, 42.356977 ], [ -83.174983, 42.357034 ], [ -83.175049, 42.358596 ] ] ] } },
{ "type": "Feature", "properties": { "GEOID": "261635362001", "NAME": "15000US261635362001", "population": 648, "acs_year": "2020-2024", "ALAND": 239802, "AWATER": 0, "walk_minutes": 16.117134797016526, "access_bin": "<= 20 min", "within_15": false, "tract": "26163536200" }, "geometry": { "type": "Polygon", "coordinates": [ [ [ -83.166002, 42.410647 ], [ -83.165872, 42.410727 ], [ -83.165535, 42.410934 ], [ -83.165523, 42.410951 ], [ -83.165519, 42.410971 ], [ -83.165575, 42.412034 ], [ -83.164448, 42.412055 ], [ -83.16336, 42.412079 ], [ -83.162272, 42.412103 ], [ -83.161182, 42.412125 ], [ -83.160113, 42.412146 ], [ -83.160004, 42.409707 ], [ -83.159921, 42.407896 ], [ -83.159861, 42.406466 ], [ -83.159853, 42.406109 ], [ -83.159847, 42.405847 ], [ -83.159836, 42.405646 ], [ -83.159824, 42.405324 ], [ -83.160113, 42.405434 ], [ -83.160433, 42.405568 ], [ -83.160762, 42.405719 ], [ -83.160994, 42.405838 ], [ -83.161241, 42.405977 ], [ -83.161463, 42.406117 ], [ -83.16189, 42.406414 ], [ -83.162084, 42.406589 ], [ -83.16225, 42.406729 ], [ -83.162557, 42.407026 ], [ -83.162859, 42.407328 ], [ -83.163359, 42.407849 ], [ -83.163607, 42.408108 ], [ -83.164981, 42.40962 ], [ -83.165254, 42.409918 ], [ -83.165875, 42.410531 ], [ -83.165912, 42.410565 ], [ -83.166002, 42.410647 ] ] ] } },
{ "type": "Feature", "properties": { "GEOID": "261635264002", "NAME": "15000US261635264002", "population": 441, "acs_year": "2020-2024", "ALAND": 339150, "AWATER": 0, "walk_minutes": 21.704160272026709, "access_bin": "> 20 min", "within_15": false, "tract": "26163526400" }, "geometry": { "type": "Polygon", "coordinates": [ [ [ -83.137789, 42.344927 ], [ -83.136171, 42.344961 ], [ -83.135797, 42.34496 ], [ -83.133731, 42.344838 ], [ -83.133539, 42.344827 ], [ -83.131974, 42.344733 ], [ -83.130381, 42.344638 ], [ -83.130165, 42.34437 ], [ -83.129706, 42.343854 ], [ -83.129172, 42.343253 ], [ -83.129074, 42.343124 ], [ -83.128539, 42.342396 ], [ -83.127956, 42.341595 ], [ -83.127399, 42.340829 ], [ -83.128762, 42.340301 ], [ -83.129894, 42.339848 ], [ -83.13198, 42.339015 ], [ -83.132965, 42.338622 ], [ -83.133461, 42.339275 ], [ -83.133552, 42.339406 ], [ -83.13361, 42.33949 ], [ -83.134129, 42.340156 ], [ -83.134683, 42.340886 ], [ -83.135259, 42.341642 ], [ -83.135833, 42.3424 ], [ -83.136424, 42.343179 ], [ -83.137086, 42.344047 ], [ -83.137559, 42.344673 ], [ -83.137608, 42.344728 ], [ -83.137789, 42.344927 ] ] ] } },
{ "type": "Feature", "properties": { "GEOID": "261635333002", "NAME": "15000US261635333002", "population": 466, "acs_year": "2020-2024", "ALAND": 435162, "AWATER": 0, "walk_minutes": 19.949735351563717, "access_bin": "<= 20 min", "within_15": false, "tract": "26163533300" }, "geometry": { "type": "Polygon", "coordinates": [ [ [ -83.110161, 42.365184 ], [ -83.107442, 42.366203 ], [ -83.104635, 42.367284 ], [ -83.104118, 42.366529 ], [ -83.103998, 42.366349 ], [ -83.103634, 42.365803 ], [ -83.103235, 42.365204 ], [ -83.103162, 42.365095 ], [ -83.102687, 42.364379 ], [ -83.102415, 42.363969 ], [ -83.102211, 42.363662 ], [ -83.101707, 42.362903 ], [ -83.101631, 42.36279 ], [ -83.101226, 42.362181 ], [ -83.100827, 42.361585 ], [ -83.100715, 42.361416 ], [ -83.100422, 42.360977 ], [ -83.100056, 42.360429 ], [ -83.100001, 42.360366 ], [ -83.099947, 42.360302 ], [ -83.100515, 42.360197 ], [ -83.10085, 42.360094 ], [ -83.102401, 42.359526 ], [ -83.102866, 42.359352 ], [ -83.105565, 42.358351 ], [ -83.105635, 42.3584 ], [ -83.105865, 42.358744 ], [ -83.105982, 42.358919 ], [ -83.106267, 42.359346 ], [ -83.106773, 42.360103 ], [ -83.107263, 42.360837 ], [ -83.107723, 42.361555 ], [ -83.108196, 42.362275 ], [ -83.108677, 42.362991 ], [ -83.10916, 42.363703 ], [ -83.109651, 42.364434 ], [ -83.110161, 42.365184 ] ] ] } },
{ "type": "Feature", "properties": { "GEOID": "261635383001", "NAME": "15000US261635383001", "population": 1198, "acs_year": "2020-2024", "ALAND": 1507081, "AWATER": 3476, "walk_minutes": 32.039540707917105, "access_bin": "> 20 min", "within_15": false, "tract": "26163538300" }, "geometry": { "type": "Polygon", "coordinates": [ [ [ -83.131634, 42.431748 ], [ -83.131345, 42.431752 ], [ -83.129753, 42.431797 ], [ -83.129346, 42.431809 ], [ -83.128011, 42.431849 ], [ -83.127786, 42.431824 ], [ -83.127015, 42.43182 ], [ -83.125931, 42.431819 ], [ -83.125871, 42.431219 ], [ -83.125611, 42.431071 ], [ -83.12541, 42.43094 ], [ -83.125173, 42.430765 ], [ -83.12497, 42.430591 ], [ -83.124794, 42.430414 ], [ -83.124615, 42.430205 ], [ -83.12439, 42.429907 ], [ -83.124232, 42.429652 ], [ -83.124096, 42.429389 ], [ -83.123986, 42.429135 ], [ -83.123919, 42.428948 ], [ -83.123867, 42.428758 ], [ -83.123831, 42.428567 ], [ -83.123814, 42.428422 ], [ -83.123805, 42.428229 ], [ -83.12381, 42.428057 ], [ -83.123805, 42.427898 ], [ -83.123792, 42.427739 ], [ -83.123766, 42.427563 ], [ -83.123711, 42.427282 ], [ -83.123652, 42.427061 ], [ -83.123557, 42.426787 ], [ -83.123493, 42.426654 ], [ -83.123389, 42.426485 ], [ -83.12329, 42.426356 ], [ -83.123039, 42.426068 ], [ -83.122839, 42.425855 ], [ -83.122565, 42.425587 ], [ -83.122422, 42.425459 ], [ -83.122227, 42.425308 ], [ -83.122059, 42.425197 ], [ -83.121926, 42.42512 ], [ -83.121575, 42.424958 ], [ -83.12138, 42.424878 ], [ -83.121023, 42.424751 ], [ -83.12083, 42.424657 ], [ -83.120642, 42.424558 ], [ -83.12046, 42.424453 ], [ -83.120225, 42.424306 ], [ -83.120056, 42.424191 ], [ -83.119993, 42.424141 ], [ -83.119902, 42.424047 ], [ -83.119844, 42.423965 ], [ -83.11981, 42.423901 ], [ -83.119729, 42.42371 ], [ -83.119684, 42.42359 ], [ -83.11965, 42.423436 ], [ -83.119639, 42.4233 ], [ -83.119646, 42.423211 ], [ -83.119676, 42.423101 ], [ -83.119717, 42.423017 ], [ -83.119791, 42.422908 ], [ -83.119822, 42.422836 ], [ -83.119838, 42.422742 ], [ -83.119831, 42.422648 ], [ -83.119815, 42.422592 ], [ -83.11978, 42.422521 ], [ -83.119476, 42.422069 ], [ -83.118212, 42.420204 ], [ -83.117983, 42.420288 ], [ -83.116969, 42.420643 ], [ -83.116725, 42.420597 ], [ -83.116514, 42.420542 ], [ -83.11588, 42.420284 ], [ -83.115543, 42.420161 ], [ -83.115235, 42.420035 ], [ -83.114814, 42.419909 ], [ -83.11368, 42.419643 ], [ -83.113569, 42.419621 ], [ -83.113308, 42.419572 ], [ -83.112939, 42.419511 ], [ -83.112582, 42.41946 ], [ -83.112156, 42.419415 ], [ -83.111813, 42.419392 ], [ -83.111274, 42.419368 ], [ -83.110855, 42.419333 ], [ -83.110447, 42.419285 ], [ -83.110197, 42.419244 ], [ -83.109698, 42.419128 ], [ -83.109251, 42.419015 ], [ -83.108532, 42.418806 ], [ -83.108251, 42.418716 ], [ -83.108185, 42.418687 ], [ -83.108148, 42.418637 ], [ -83.108125, 42.418574 ], [ -83.107125, 42.418589 ], [ -83.106524, 42.41859 ], [ -83.106459, 42.418602 ], [ -83.106326, 42.418644 ], [ -83.106114, 42.418742 ], [ -83.105858, 42.418735 ], [ -83.105681, 42.418411 ], [ -83.105293, 42.417749 ], [ -83.107952, 42.417724 ], [ -83.109609, 42.417698 ], [ -83.110794, 42.417677 ], [ -83.112654, 42.417645 ], [ -83.113659, 42.417627 ], [ -83.115589, 42.417597 ], [ -83.11644, 42.417579 ], [ -83.118932, 42.417538 ], [ -83.1208, 42.417508 ], [ -83.121932, 42.417482 ], [ -83.122335, 42.417473 ], [ -83.122515, 42.417469 ], [ -83.123123, 42.417456 ], [ -83.124349, 42.417429 ], [ -83.12576, 42.417399 ], [ -83.12699, 42.417373 ], [ -83.128149, 42.417349 ], [ -83.129263, 42.417327 ], [ -83.130427, 42.417303 ], [ -83.130862, 42.417294 ], [ -83.130855, 42.417386 ], [ -83.130832, 42.417408 ], [ -83.130797, 42.41742 ], [ -83.130707, 42.417472 ], [ -83.130668, 42.417521 ], [ -83.130642, 42.417585 ], [ -83.13063, 42.417628 ], [ -83.130627, 42.417671 ], [ -83.130639, 42.417728 ], [ -83.13066, 42.417769 ], [ -83.130764, 42.417891 ], [ -83.130802, 42.417919 ], [ -83.130846, 42.417941 ], [ -83.130964, 42.417973 ], [ -83.130985, 42.418 ], [ -83.131003, 42.418038 ], [ -83.131053, 42.419123 ], [ -83.13114, 42.420953 ], [ -83.131224, 42.422748 ], [ -83.1313, 42.42443 ], [ -83.131468, 42.428131 ], [ -83.131634, 42.431748 ] ] ] } },
{ "type": "Feature", "properties": { "GEOID": "261635401001", "NAME": "15000US261635401001", "population": 1504, "acs_year": "2020-2024", "ALAND": 453996, "AWATER": 0, "walk_minutes": 23.4904128896749, "access_bin": "> 20 min", "within_15": false, "tract": "26163540100" }, "geometry": { "type": "Polygon", "coordinates": [ [ [ -83.207955, 42.444433 ], [ -83.206907, 42.444476 ], [ -83.205888, 42.444503 ], [ -83.205205, 42.444521 ], [ -83.204972, 42.444534 ], [ -83.20465, 42.444544 ], [ -83.204789, 42.444648 ], [ -83.204896, 42.444716 ], [ -83.204666, 42.444722 ], [ -83.204595, 42.444723 ], [ -83.204421, 42.444727 ], [ -83.204164, 42.444735 ], [ -83.204053, 42.444737 ], [ -83.204009, 42.444737 ], [ -83.20381, 42.444741 ], [ -83.203693, 42.444745 ], [ -83.203632, 42.444746 ], [ -83.203558, 42.444748 ], [ -83.203457, 42.44475 ], [ -83.203382, 42.444751 ], [ -83.203297, 42.444688 ], [ -83.203156, 42.444565 ], [ -83.202986, 42.444439 ], [ -83.202734, 42.444254 ], [ -83.202415, 42.444029 ], [ -83.202403, 42.444024 ], [ -83.202283, 42.443936 ], [ -83.202267, 42.443925 ], [ -83.201021, 42.442989 ], [ -83.200675, 42.442732 ], [ -83.200393, 42.442523 ], [ -83.200386, 42.442343 ], [ -83.200376, 42.442105 ], [ -83.200323, 42.441213 ], [ -83.200285, 42.440015 ], [ -83.20026, 42.439445 ], [ -83.200178, 42.437624 ], [ -83.200404, 42.437622 ], [ -83.201616, 42.437592 ], [ -83.203, 42.437558 ], [ -83.204382, 42.437528 ], [ -83.205535, 42.437506 ], [ -83.206565, 42.437486 ], [ -83.207593, 42.437463 ], [ -83.207786, 42.44107 ], [ -83.207882, 42.44288 ], [ -83.207947, 42.444063 ], [ -83.207952, 42.44426 ], [ -83.207955, 42.444433 ] ] ] } },
{ "type": "Feature", "properties": { "GEOID": "261635408002", "NAME": "15000US261635408002", "population": 1158, "acs_year": "2020-2024", "ALAND": 408099, "AWATER": 0, "walk_minutes": 32.372558283996462, "access_bin": "> 20 min", "within_15": false, "tract": "26163540800" }, "geometry": { "type": "Polygon", "coordinates": [ [ [ -83.226042, 42.44421 ], [ -83.225608, 42.444219 ], [ -83.225433, 42.444223 ], [ -83.224856, 42.444235 ], [ -83.224763, 42.444237 ], [ -83.223776, 42.444259 ], [ -83.22368, 42.444261 ], [ -83.223146, 42.444273 ], [ -83.223044, 42.444275 ], [ -83.222519, 42.444287 ], [ -83.22244, 42.444288 ], [ -83.221342, 42.444312 ], [ -83.220156, 42.444339 ], [ -83.220026, 42.444342 ], [ -83.219887, 42.444345 ], [ -83.219806, 42.444346 ], [ -83.219721, 42.444348 ], [ -83.219631, 42.444349 ], [ -83.219626, 42.444176 ], [ -83.219632, 42.443991 ], [ -83.219649, 42.443389 ], [ -83.219681, 42.442641 ], [ -83.219701, 42.441948 ], [ -83.219681, 42.441118 ], [ -83.219682, 42.441038 ], [ -83.219685, 42.440772 ], [ -83.219685, 42.440749 ], [ -83.219682, 42.440539 ], [ -83.219659, 42.439981 ], [ -83.219637, 42.439426 ], [ -83.219579, 42.43798 ], [ -83.21954, 42.437237 ], [ -83.219729, 42.437234 ], [ -83.21991, 42.437231 ], [ -83.220436, 42.437226 ], [ -83.220722, 42.437218 ], [ -83.221028, 42.437205 ], [ -83.222046, 42.437149 ], [ -83.222205, 42.437146 ], [ -83.223249, 42.437136 ], [ -83.223468, 42.437133 ], [ -83.224406, 42.437121 ], [ -83.224581, 42.437118 ], [ -83.22559, 42.437111 ], [ -83.225717, 42.43711 ], [ -83.225852, 42.438814 ], [ -83.225922, 42.440628 ], [ -83.22599, 42.442456 ], [ -83.226031, 42.443807 ], [ -83.226042, 42.444032 ], [ -83.226042, 42.44421 ] ] ] } },
{ "type": "Feature", "properties": { "GEOID": "261635430001", "NAME": "15000US261635430001", "population": 799, "acs_year": "2020-2024", "ALAND": 453109, "AWATER": 0, "walk_minutes": 9.8481357465932415, "access_bin": "<= 10 min", "within_15": true, "tract": "26163543000" }, "geometry": { "type": "Polygon", "coordinates": [ [ [ -83.228821, 42.409928 ], [ -83.227617, 42.409951 ], [ -83.226384, 42.40996 ], [ -83.225183, 42.409985 ], [ -83.223999, 42.410008 ], [ -83.223433, 42.410014 ], [ -83.222643, 42.410034 ], [ -83.221219, 42.410068 ], [ -83.219849, 42.410102 ], [ -83.219529, 42.410112 ], [ -83.219106, 42.410118 ], [ -83.218822, 42.410117 ], [ -83.218637, 42.410122 ], [ -83.218532, 42.408332 ], [ -83.218713, 42.408328 ], [ -83.218593, 42.406539 ], [ -83.218456, 42.404734 ], [ -83.218366, 42.403442 ], [ -83.218347, 42.402917 ], [ -83.218386, 42.401121 ], [ -83.218593, 42.401114 ], [ -83.219307, 42.401099 ], [ -83.219355, 42.401437 ], [ -83.219396, 42.401586 ], [ -83.219454, 42.401736 ], [ -83.219506, 42.401928 ], [ -83.219607, 42.402231 ], [ -83.219654, 42.402327 ], [ -83.219703, 42.402406 ], [ -83.21978, 42.402506 ], [ -83.219854, 42.402585 ], [ -83.220627, 42.403281 ], [ -83.22169, 42.404223 ], [ -83.222748, 42.405146 ], [ -83.222919, 42.405264 ], [ -83.22303, 42.405329 ], [ -83.22316, 42.405415 ], [ -83.223284, 42.405505 ], [ -83.223402, 42.4056 ], [ -83.223512, 42.405675 ], [ -83.223769, 42.405811 ], [ -83.224063, 42.405946 ], [ -83.225347, 42.406462 ], [ -83.227237, 42.407224 ], [ -83.22817, 42.407595 ], [ -83.228283, 42.407648 ], [ -83.228285, 42.407692 ], [ -83.228323, 42.407833 ], [ -83.228408, 42.4081 ], [ -83.228699, 42.408919 ], [ -83.228768, 42.409174 ], [ -83.228798, 42.409325 ], [ -83.228821, 42.409928 ] ] ] } },
{ "type": "Feature", "properties": { "GEOID": "261635342002", "NAME": "15000US261635342002", "population": 969, "acs_year": "2020-2024", "ALAND": 784875, "AWATER": 0, "walk_minutes": 24.943268837143069, "access_bin": "> 20 min", "within_15": false, "tract": "26163534200" }, "geometry": { "type": "Polygon", "coordinates": [ [ [ -83.158834, 42.380739 ], [ -83.157821, 42.380766 ], [ -83.15684, 42.380791 ], [ -83.155857, 42.380815 ], [ -83.154872, 42.38084 ], [ -83.153904, 42.380865 ], [ -83.152816, 42.380892 ], [ -83.15168, 42.38092 ], [ -83.150595, 42.380946 ], [ -83.149573, 42.380972 ], [ -83.149049, 42.380983 ], [ -83.148116, 42.381003 ], [ -83.147428, 42.381017 ], [ -83.147196, 42.381022 ], [ -83.146963, 42.381026 ], [ -83.146637, 42.381033 ], [ -83.146514, 42.380811 ], [ -83.146428, 42.380628 ], [ -83.146314, 42.380351 ], [ -83.146138, 42.379672 ], [ -83.146086, 42.379279 ], [ -83.146077, 42.379156 ], [ -83.146069, 42.379039 ], [ -83.146067, 42.378703 ], [ -83.146123, 42.377453 ], [ -83.146136, 42.377115 ], [ -83.146178, 42.376012 ], [ -83.146198, 42.375698 ], [ -83.14621, 42.375063 ], [ -83.146195, 42.374564 ], [ -83.146099, 42.373905 ], [ -83.146014, 42.373528 ], [ -83.145906, 42.373154 ], [ -83.145645, 42.372413 ], [ -83.145428, 42.371931 ], [ -83.145216, 42.371545 ], [ -83.144971, 42.371153 ], [ -83.145375, 42.37131 ], [ -83.145945, 42.371547 ], [ -83.146551, 42.371792 ], [ -83.147858, 42.37232 ], [ -83.148901, 42.372742 ], [ -83.15072, 42.373468 ], [ -83.15095, 42.373559 ], [ -83.151142, 42.373635 ], [ -83.151531, 42.373792 ], [ -83.1524, 42.374145 ], [ -83.152638, 42.374241 ], [ -83.1537, 42.374669 ], [ -83.154308, 42.374914 ], [ -83.154661, 42.375056 ], [ -83.155401, 42.375354 ], [ -83.155669, 42.375462 ], [ -83.156518, 42.375805 ], [ -83.156663, 42.375863 ], [ -83.15763, 42.376253 ], [ -83.158688, 42.376678 ], [ -83.158771, 42.37898 ], [ -83.158834, 42.380739 ] ] ] } },
{ "type": "Feature", "properties": { "GEOID": "261635383002", "NAME": "15000US261635383002", "population": 414, "acs_year": "2020-2024", "ALAND": 1272861, "AWATER": 12979, "walk_minutes": 36.047279173452779, "access_bin": "> 20 min", "within_15": false, "tract": "26163538300" }, "geometry": { "type": "Polygon", "coordinates": [ [ [ -83.125931, 42.431819 ], [ -83.124583, 42.431831 ], [ -83.124075, 42.431844 ], [ -83.123607, 42.431848 ], [ -83.119877, 42.431924 ], [ -83.119597, 42.43192 ], [ -83.118258, 42.431939 ], [ -83.118061, 42.431937 ], [ -83.117615, 42.43195 ], [ -83.117006, 42.431976 ], [ -83.116167, 42.432023 ], [ -83.115544, 42.432052 ], [ -83.115421, 42.432116 ], [ -83.114981, 42.432133 ], [ -83.114892, 42.432003 ], [ -83.114452, 42.431302 ], [ -83.113873, 42.430489 ], [ -83.113318, 42.429671 ], [ -83.113063, 42.429296 ], [ -83.112806, 42.428888 ], [ -83.112692, 42.428708 ], [ -83.112249, 42.428096 ], [ -83.111768, 42.427377 ], [ -83.111318, 42.426714 ], [ -83.110829, 42.425996 ], [ -83.110341, 42.425275 ], [ -83.110236, 42.42512 ], [ -83.109684, 42.424263 ], [ -83.109123, 42.423433 ], [ -83.108593, 42.422646 ], [ -83.108023, 42.421844 ], [ -83.107487, 42.421049 ], [ -83.107126, 42.420514 ], [ -83.106942, 42.420278 ], [ -83.106574, 42.41973 ], [ -83.106395, 42.419502 ], [ -83.106241, 42.41929 ], [ -83.106025, 42.418982 ], [ -83.106004, 42.418952 ], [ -83.105884, 42.418782 ], [ -83.105858, 42.418735 ], [ -83.106114, 42.418742 ], [ -83.106326, 42.418644 ], [ -83.106459, 42.418602 ], [ -83.106524, 42.41859 ], [ -83.107125, 42.418589 ], [ -83.108125, 42.418574 ], [ -83.108148, 42.418637 ], [ -83.108185, 42.418687 ], [ -83.108251, 42.418716 ], [ -83.108532, 42.418806 ], [ -83.109251, 42.419015 ], [ -83.109698, 42.419128 ], [ -83.110197, 42.419244 ], [ -83.110447, 42.419285 ], [ -83.110855, 42.419333 ], [ -83.111274, 42.419368 ], [ -83.111813, 42.419392 ], [ -83.112156, 42.419415 ], [ -83.112582, 42.41946 ], [ -83.112939, 42.419511 ], [ -83.113308, 42.419572 ], [ -83.113569, 42.419621 ], [ -83.11368, 42.419643 ], [ -83.114814, 42.419909 ], [ -83.115235, 42.420035 ], [ -83.115543, 42.420161 ], [ -83.11588, 42.420284 ], [ -83.116514, 42.420542 ], [ -83.116725, 42.420597 ], [ -83.116969, 42.420643 ], [ -83.117983, 42.420288 ], [ -83.118212, 42.420204 ], [ -83.119476, 42.422069 ], [ -83.11978, 42.422521 ], [ -83.119815, 42.422592 ], [ -83.119831, 42.422648 ], [ -83.119838, 42.422742 ], [ -83.119822, 42.422836 ], [ -83.119791, 42.422908 ], [ -83.119717, 42.423017 ], [ -83.119676, 42.423101 ], [ -83.119646, 42.423211 ], [ -83.119639, 42.4233 ], [ -83.11965, 42.423436 ], [ -83.119684, 42.42359 ], [ -83.119729, 42.42371 ], [ -83.11981, 42.423901 ], [ -83.119844, 42.423965 ], [ -83.119902, 42.424047 ], [ -83.119993, 42.424141 ], [ -83.120056, 42.424191 ], [ -83.120225, 42.424306 ], [ -83.12046, 42.424453 ], [ -83.120642, 42.424558 ], [ -83.12083, 42.424657 ], [ -83.121023, 42.424751 ], [ -83.12138, 42.424878 ], [ -83.121575, 42.424958 ], [ -83.121926, 42.42512 ], [ -83.122059, 42.425197 ], [ -83.122227, 42.425308 ], [ -83.122422, 42.425459 ], [ -83.122565, 42.425587 ], [ -83.122839, 42.425855 ], [ -83.123039, 42.426068 ], [ -83.12329, 42.426356 ], [ -83.123389, 42.426485 ], [ -83.123493, 42.426654 ], [ -83.123557, 42.426787 ], [ -83.123652, 42.427061 ], [ -83.123711, 42.427282 ], [ -83.123766, 42.427563 ], [ -83.123792, 42.427739 ], [ -83.123805, 42.427898 ], [ -83.12381, 42.428057 ], [ -83.123805, 42.428229 ], [ -83.123814, 42.428422 ], [ -83.123831, 42.428567 ], [ -83.123867, 42.428758 ], [ -83.123919, 42.428948 ], [ -83.123986, 42.429135 ], [ -83.124096, 42.429389 ], [ -83.124232, 42.429652 ], [ -83.12439, 42.429907 ], [ -83.124615, 42.430205 ], [ -83.124794, 42.430414 ], [ -83.12497, 42.430591 ], [ -83.125173, 42.430765 ], [ -83.12541, 42.43094 ], [ -83.125611, 42.431071 ], [ -83.125871, 42.431219 ], [ -83.125931, 42.431819 ] ] ] } },
{ "type": "Feature", "properties": { "GEOID": "261635382001", "NAME": "15000US261635382001", "population": 1002, "acs_year": "2020-2024", "ALAND": 555317, "AWATER": 0, "walk_minutes": 12.586678569258511, "access_bin": "<= 15 min", "within_15": true, "tract": "26163538200" }, "geometry": { "type": "Polygon", "coordinates": [ [ [ -83.141751, 42.438836 ], [ -83.140593, 42.438853 ], [ -83.139404, 42.438888 ], [ -83.138263, 42.438913 ], [ -83.136947, 42.438943 ], [ -83.136315, 42.438957 ], [ -83.135864, 42.438967 ], [ -83.135206, 42.438982 ], [ -83.135148, 42.438913 ], [ -83.134956, 42.438732 ], [ -83.134882, 42.438644 ], [ -83.134829, 42.438568 ], [ -83.134792, 42.438501 ], [ -83.134756, 42.438408 ], [ -83.134738, 42.438337 ], [ -83.134727, 42.438224 ], [ -83.134692, 42.437321 ], [ -83.134683, 42.437275 ], [ -83.134666, 42.43723 ], [ -83.134641, 42.437188 ], [ -83.13461, 42.43715 ], [ -83.134554, 42.437101 ], [ -83.134488, 42.437063 ], [ -83.134413, 42.437033 ], [ -83.13433, 42.437012 ], [ -83.134231, 42.437002 ], [ -83.133858, 42.437002 ], [ -83.133351, 42.43701 ], [ -83.133251, 42.437002 ], [ -83.133153, 42.436982 ], [ -83.133039, 42.436942 ], [ -83.132937, 42.436887 ], [ -83.132884, 42.436848 ], [ -83.132838, 42.436805 ], [ -83.132776, 42.436724 ], [ -83.132736, 42.436636 ], [ -83.132719, 42.436548 ], [ -83.132681, 42.435502 ], [ -83.132693, 42.435435 ], [ -83.132711, 42.435383 ], [ -83.132738, 42.435333 ], [ -83.132778, 42.435277 ], [ -83.132915, 42.435059 ], [ -83.132972, 42.43492 ], [ -83.133015, 42.434755 ], [ -83.133029, 42.434569 ], [ -83.133012, 42.434113 ], [ -83.132958, 42.433949 ], [ -83.132883, 42.433852 ], [ -83.132796, 42.433777 ], [ -83.132693, 42.433669 ], [ -83.132612, 42.433563 ], [ -83.132551, 42.433464 ], [ -83.132485, 42.433332 ], [ -83.132426, 42.433183 ], [ -83.132403, 42.433056 ], [ -83.132393, 42.432965 ], [ -83.13237, 42.432321 ], [ -83.132421, 42.431937 ], [ -83.132335, 42.431739 ], [ -83.133529, 42.431721 ], [ -83.134752, 42.431707 ], [ -83.13548, 42.431699 ], [ -83.135974, 42.431694 ], [ -83.13731, 42.431679 ], [ -83.138224, 42.431667 ], [ -83.138701, 42.431659 ], [ -83.140093, 42.431633 ], [ -83.140499, 42.431626 ], [ -83.141503, 42.431606 ], [ -83.141572, 42.433422 ], [ -83.141629, 42.435097 ], [ -83.141637, 42.435335 ], [ -83.141693, 42.43702 ], [ -83.141751, 42.438836 ] ] ] } },
{ "type": "Feature", "properties": { "GEOID": "261635339003", "NAME": "15000US261635339003", "population": 834, "acs_year": "2020-2024", "ALAND": 327200, "AWATER": 0, "walk_minutes": 11.305992446865305, "access_bin": "<= 15 min", "within_15": true, "tract": "26163533900" }, "geometry": { "type": "Polygon", "coordinates": [ [ [ -83.082553, 42.37291 ], [ -83.079565, 42.373997 ], [ -83.077041, 42.374914 ], [ -83.07655, 42.375106 ], [ -83.076413, 42.374902 ], [ -83.075869, 42.374094 ], [ -83.075345, 42.373317 ], [ -83.07515, 42.373027 ], [ -83.074731, 42.372404 ], [ -83.07438, 42.371883 ], [ -83.074164, 42.371562 ], [ -83.073845, 42.371059 ], [ -83.073387, 42.370351 ], [ -83.073822, 42.370197 ], [ -83.074883, 42.369802 ], [ -83.076366, 42.369237 ], [ -83.076908, 42.369037 ], [ -83.079277, 42.368145 ], [ -83.079374, 42.3682 ], [ -83.080126, 42.369316 ], [ -83.08064, 42.370077 ], [ -83.080734, 42.370179 ], [ -83.080783, 42.370232 ], [ -83.080858, 42.370296 ], [ -83.080963, 42.370374 ], [ -83.08105, 42.370429 ], [ -83.081143, 42.370479 ], [ -83.08124, 42.370524 ], [ -83.081423, 42.370589 ], [ -83.081382, 42.370655 ], [ -83.081361, 42.370724 ], [ -83.081335, 42.370855 ], [ -83.081337, 42.370963 ], [ -83.081355, 42.37106 ], [ -83.081422, 42.37117 ], [ -83.081616, 42.371452 ], [ -83.081741, 42.371619 ], [ -83.081911, 42.371893 ], [ -83.082197, 42.372346 ], [ -83.082553, 42.37291 ] ] ] } },
{ "type": "Feature", "properties": { "GEOID": "261639851001", "NAME": "15000US261639851001", "population": 190, "acs_year": "2020-2024", "ALAND": 3511659, "AWATER": 0, "walk_minutes": 52.336894601619001, "access_bin": "> 20 min", "within_15": false, "tract": "26163985100" }, "geometry": { "type": "Polygon", "coordinates": [ [ [ -83.070006, 42.390576 ], [ -83.069899, 42.391221 ], [ -83.069809, 42.391531 ], [ -83.069404, 42.392444 ], [ -83.069163, 42.392989 ], [ -83.069134, 42.393056 ], [ -83.068955, 42.392844 ], [ -83.068813, 42.392669 ], [ -83.068295, 42.392045 ], [ -83.067276, 42.390788 ], [ -83.066452, 42.389775 ], [ -83.066401, 42.389792 ], [ -83.066153, 42.389875 ], [ -83.06424, 42.390589 ], [ -83.063836, 42.39074 ], [ -83.062487, 42.391243 ], [ -83.061937, 42.39041 ], [ -83.06058, 42.388413 ], [ -83.059914, 42.387431 ], [ -83.059659, 42.387058 ], [ -83.059268, 42.386485 ], [ -83.058156, 42.384838 ], [ -83.058058, 42.384693 ], [ -83.058012, 42.384644 ], [ -83.057739, 42.384248 ], [ -83.056446, 42.382318 ], [ -83.056152, 42.381902 ], [ -83.055994, 42.381641 ], [ -83.055746, 42.381245 ], [ -83.055683, 42.381145 ], [ -83.052155, 42.385712 ], [ -83.051304, 42.386894 ], [ -83.05127, 42.386844 ], [ -83.051237, 42.386793 ], [ -83.051068, 42.386558 ], [ -83.050813, 42.386201 ], [ -83.050705, 42.38604 ], [ -83.048962, 42.386715 ], [ -83.046322, 42.387717 ], [ -83.045724, 42.387945 ], [ -83.044478, 42.388418 ], [ -83.043625, 42.388742 ], [ -83.043393, 42.38883 ], [ -83.043852, 42.389474 ], [ -83.044356, 42.390181 ], [ -83.043991, 42.389885 ], [ -83.043542, 42.389502 ], [ -83.042957, 42.389045 ], [ -83.042871, 42.388972 ], [ -83.041976, 42.388262 ], [ -83.041194, 42.387639 ], [ -83.040164, 42.386819 ], [ -83.039655, 42.386413 ], [ -83.03952, 42.386304 ], [ -83.039167, 42.385984 ], [ -83.038708, 42.385484 ], [ -83.038077, 42.38457 ], [ -83.037525, 42.383791 ], [ -83.03701, 42.383074 ], [ -83.034826, 42.380029 ], [ -83.034767, 42.379957 ], [ -83.034676, 42.379867 ], [ -83.034476, 42.379714 ], [ -83.034308, 42.379592 ], [ -83.033876, 42.379279 ], [ -83.034123, 42.379123 ], [ -83.034474, 42.37892 ], [ -83.034672, 42.378812 ], [ -83.034999, 42.378649 ], [ -83.035367, 42.378491 ], [ -83.036298, 42.378126 ], [ -83.037199, 42.377795 ], [ -83.038598, 42.377281 ], [ -83.03907, 42.377113 ], [ -83.040127, 42.376736 ], [ -83.041604, 42.37621 ], [ -83.041625, 42.376199 ], [ -83.041786, 42.376137 ], [ -83.043254, 42.375577 ], [ -83.046396, 42.374432 ], [ -83.04719, 42.374146 ], [ -83.047512, 42.37403 ], [ -83.048377, 42.373726 ], [ -83.049353, 42.373383 ], [ -83.04988, 42.37319 ], [ -83.050003, 42.373145 ], [ -83.05014, 42.373096 ], [ -83.051144, 42.372758 ], [ -83.051643, 42.372541 ], [ -83.051847, 42.372453 ], [ -83.052355, 42.372208 ], [ -83.052261, 42.372049 ], [ -83.052535, 42.371929 ], [ -83.052773, 42.371835 ], [ -83.053119, 42.371666 ], [ -83.053909, 42.371249 ], [ -83.054337, 42.370955 ], [ -83.054747, 42.370673 ], [ -83.055314, 42.370258 ], [ -83.056051, 42.369784 ], [ -83.056306, 42.369615 ], [ -83.056681, 42.369366 ], [ -83.057361, 42.368882 ], [ -83.057745, 42.368615 ], [ -83.057919, 42.368497 ], [ -83.057947, 42.36856 ], [ -83.058023, 42.36873 ], [ -83.058102, 42.368903 ], [ -83.058346, 42.369427 ], [ -83.058549, 42.36986 ], [ -83.058806, 42.370411 ], [ -83.058956, 42.370728 ], [ -83.05903, 42.370919 ], [ -83.059105, 42.371151 ], [ -83.059141, 42.371282 ], [ -83.059212, 42.371593 ], [ -83.059272, 42.371905 ], [ -83.059345, 42.372286 ], [ -83.059441, 42.372788 ], [ -83.059502, 42.373067 ], [ -83.059595, 42.373438 ], [ -83.059711, 42.373838 ], [ -83.059961, 42.374396 ], [ -83.060026, 42.374509 ], [ -83.06015, 42.374449 ], [ -83.060281, 42.374425 ], [ -83.060338, 42.374529 ], [ -83.060394, 42.374613 ], [ -83.060534, 42.374824 ], [ -83.061539, 42.376323 ], [ -83.062853, 42.378286 ], [ -83.064259, 42.380324 ], [ -83.064417, 42.380594 ], [ -83.064916, 42.381325 ], [ -83.065256, 42.381823 ], [ -83.066361, 42.383487 ], [ -83.066687, 42.383979 ], [ -83.067488, 42.385167 ], [ -83.068331, 42.386431 ], [ -83.06851, 42.386701 ], [ -83.069052, 42.387511 ], [ -83.069317, 42.387908 ], [ -83.069571, 42.388379 ], [ -83.06977, 42.38884 ], [ -83.069883, 42.389164 ], [ -83.06999, 42.389617 ], [ -83.070038, 42.390163 ], [ -83.070006, 42.390576 ] ] ] } },
{ "type": "Feature", "properties": { "GEOID": "261635145001", "NAME": "15000US261635145001", "population": 700, "acs_year": "2020-2024", "ALAND": 563936, "AWATER": 0, "walk_minutes": 26.524002056174378, "access_bin": "> 20 min", "within_15": false, "tract": "26163514500" }, "geometry": { "type": "Polygon", "coordinates": [ [ [ -83.004823, 42.379066 ], [ -83.003373, 42.379643 ], [ -83.002403, 42.380016 ], [ -83.001367, 42.380413 ], [ -83.000715, 42.380668 ], [ -83.000446, 42.38081 ], [ -83.000349, 42.38087 ], [ -82.999911, 42.380246 ], [ -82.999376, 42.379486 ], [ -82.998843, 42.378732 ], [ -82.998305, 42.377967 ], [ -82.997769, 42.377206 ], [ -82.997348, 42.376609 ], [ -82.997123, 42.376288 ], [ -82.996673, 42.375649 ], [ -82.99623, 42.375017 ], [ -82.995867, 42.374503 ], [ -82.995771, 42.374367 ], [ -82.995307, 42.373714 ], [ -82.994751, 42.372932 ], [ -82.99412, 42.372046 ], [ -82.994634, 42.371801 ], [ -82.995108, 42.371582 ], [ -82.995995, 42.37117 ], [ -82.996179, 42.371085 ], [ -82.996932, 42.370735 ], [ -82.997102, 42.370655 ], [ -82.997568, 42.370438 ], [ -82.998013, 42.370235 ], [ -82.998341, 42.370099 ], [ -82.999297, 42.369714 ], [ -82.999394, 42.369828 ], [ -83.001227, 42.372365 ], [ -83.002823, 42.374579 ], [ -83.004257, 42.376569 ], [ -83.005789, 42.378681 ], [ -83.004823, 42.379066 ] ] ] } },
{ "type": "Feature", "properties": { "GEOID": "261635232002", "NAME": "15000US261635232002", "population": 1770, "acs_year": "2020-2024", "ALAND": 294501, "AWATER": 0, "walk_minutes": 9.1217838355762666, "access_bin": "<= 10 min", "within_15": true, "tract": "26163523200" }, "geometry": { "type": "Polygon", "coordinates": [ [ [ -83.105663, 42.316251 ], [ -83.103803, 42.317009 ], [ -83.101832, 42.317819 ], [ -83.10068, 42.316214 ], [ -83.100122, 42.315436 ], [ -83.099565, 42.314663 ], [ -83.099074, 42.313984 ], [ -83.099006, 42.31389 ], [ -83.098448, 42.313115 ], [ -83.097891, 42.31234 ], [ -83.097555, 42.311872 ], [ -83.097335, 42.311566 ], [ -83.097156, 42.311316 ], [ -83.099413, 42.310379 ], [ -83.09953, 42.310332 ], [ -83.100466, 42.309876 ], [ -83.100707, 42.309746 ], [ -83.100759, 42.309717 ], [ -83.100927, 42.309886 ], [ -83.100963, 42.309923 ], [ -83.101042, 42.310003 ], [ -83.101184, 42.310067 ], [ -83.101271, 42.3102 ], [ -83.10172, 42.31082 ], [ -83.102281, 42.311593 ], [ -83.102449, 42.311823 ], [ -83.102842, 42.312366 ], [ -83.103402, 42.313138 ], [ -83.103732, 42.313594 ], [ -83.103964, 42.313911 ], [ -83.104526, 42.314685 ], [ -83.104893, 42.31519 ], [ -83.105079, 42.315446 ], [ -83.105663, 42.316251 ] ] ] } },
{ "type": "Feature", "properties": { "GEOID": "261635258002", "NAME": "15000US261635258002", "population": 1637, "acs_year": "2020-2024", "ALAND": 326487, "AWATER": 0, "walk_minutes": 6.8254075978794315, "access_bin": "<= 10 min", "within_15": true, "tract": "26163525800" }, "geometry": { "type": "Polygon", "coordinates": [ [ [ -83.13031, 42.335154 ], [ -83.129356, 42.33554 ], [ -83.128654, 42.335832 ], [ -83.126475, 42.336679 ], [ -83.124856, 42.337325 ], [ -83.124615, 42.336992 ], [ -83.124328, 42.336598 ], [ -83.123761, 42.335816 ], [ -83.123261, 42.335127 ], [ -83.122726, 42.33439 ], [ -83.122198, 42.333664 ], [ -83.12167, 42.33294 ], [ -83.121338, 42.332485 ], [ -83.120786, 42.331732 ], [ -83.120338, 42.331112 ], [ -83.122079, 42.33112 ], [ -83.123584, 42.331126 ], [ -83.124413, 42.331131 ], [ -83.12529, 42.331128 ], [ -83.126584, 42.331151 ], [ -83.127373, 42.331147 ], [ -83.127365, 42.331303 ], [ -83.127417, 42.331372 ], [ -83.127997, 42.33213 ], [ -83.128643, 42.332975 ], [ -83.12922, 42.333737 ], [ -83.129338, 42.33389 ], [ -83.129945, 42.334675 ], [ -83.13031, 42.335154 ] ] ] } },
{ "type": "Feature", "properties": { "GEOID": "261635208001", "NAME": "15000US261635208001", "population": 1325, "acs_year": "2020-2024", "ALAND": 1286045, "AWATER": 755202, "walk_minutes": 26.285287398940294, "access_bin": "> 20 min", "within_15": false, "tract": "26163520800" }, "geometry": { "type": "Polygon", "coordinates": [ [ [ -83.066323, 42.321354 ], [ -83.066145, 42.321664 ], [ -83.065962, 42.32163 ], [ -83.065808, 42.321607 ], [ -83.0656, 42.321602 ], [ -83.065407, 42.321622 ], [ -83.065193, 42.321703 ], [ -83.064978, 42.321758 ], [ -83.064821, 42.321812 ], [ -83.064653, 42.321879 ], [ -83.063964, 42.322176 ], [ -83.063871, 42.32221 ], [ -83.063293, 42.322401 ], [ -83.062594, 42.322623 ], [ -83.0621, 42.322816 ], [ -83.060209, 42.323543 ], [ -83.059943, 42.323642 ], [ -83.059481, 42.323831 ], [ -83.060461, 42.325079 ], [ -83.061659, 42.324573 ], [ -83.062356, 42.325461 ], [ -83.062996, 42.326275 ], [ -83.063632, 42.327084 ], [ -83.064264, 42.327889 ], [ -83.063069, 42.328405 ], [ -83.061789, 42.328956 ], [ -83.060516, 42.329507 ], [ -83.060564, 42.32958 ], [ -83.061141, 42.330315 ], [ -83.061776, 42.331127 ], [ -83.061926, 42.331288 ], [ -83.062163, 42.331528 ], [ -83.061888, 42.331549 ], [ -83.061673, 42.331564 ], [ -83.061506, 42.331572 ], [ -83.061415, 42.331576 ], [ -83.06132, 42.33158 ], [ -83.061185, 42.331586 ], [ -83.060444, 42.331622 ], [ -83.057745, 42.331661 ], [ -83.057421, 42.331661 ], [ -83.054321, 42.331675 ], [ -83.052663, 42.331673 ], [ -83.052296, 42.331674 ], [ -83.051177, 42.331677 ], [ -83.050804, 42.331678 ], [ -83.049974, 42.331679 ], [ -83.049704, 42.331675 ], [ -83.048249, 42.331653 ], [ -83.047055, 42.331666 ], [ -83.04708, 42.332117 ], [ -83.046871, 42.332184 ], [ -83.04676, 42.332197 ], [ -83.046539, 42.33219 ], [ -83.046349, 42.332147 ], [ -83.046244, 42.332055 ], [ -83.046226, 42.331724 ], [ -83.04622, 42.331392 ], [ -83.046214, 42.331048 ], [ -83.045642, 42.330277 ], [ -83.045044, 42.32951 ], [ -83.044533, 42.328857 ], [ -83.04437, 42.328648 ], [ -83.044307, 42.328572 ], [ -83.043878, 42.328097 ], [ -83.043878, 42.32793 ], [ -83.043038, 42.327074 ], [ -83.042708, 42.326707 ], [ -83.042826, 42.326671 ], [ -83.04135, 42.324681 ], [ -83.040894, 42.324088 ], [ -83.040843, 42.324017 ], [ -83.045241, 42.322763 ], [ -83.04981, 42.321459 ], [ -83.062034, 42.31739 ], [ -83.063637, 42.316857 ], [ -83.064548, 42.318295 ], [ -83.065338, 42.319541 ], [ -83.065444, 42.31976 ], [ -83.065523, 42.319925 ], [ -83.065573, 42.320025 ], [ -83.065623, 42.320126 ], [ -83.065698, 42.320255 ], [ -83.065788, 42.320411 ], [ -83.065923, 42.320643 ], [ -83.06618, 42.3211 ], [ -83.066323, 42.321354 ] ] ] } },
{ "type": "Feature", "properties": { "GEOID": "261635114001", "NAME": "15000US261635114001", "population": 1085, "acs_year": "2020-2024", "ALAND": 947097, "AWATER": 0, "walk_minutes": 16.603434467611518, "access_bin": "<= 20 min", "within_15": false, "tract": "26163511400" }, "geometry": { "type": "Polygon", "coordinates": [ [ [ -83.088665, 42.393102 ], [ -83.085657, 42.394228 ], [ -83.082691, 42.395356 ], [ -83.07997, 42.39639 ], [ -83.079728, 42.396482 ], [ -83.079474, 42.396025 ], [ -83.079348, 42.395819 ], [ -83.078967, 42.395236 ], [ -83.078547, 42.394606 ], [ -83.07843, 42.394431 ], [ -83.077964, 42.39375 ], [ -83.077879, 42.393652 ], [ -83.077642, 42.393399 ], [ -83.07748, 42.393211 ], [ -83.077438, 42.393141 ], [ -83.077407, 42.393026 ], [ -83.077325, 42.393121 ], [ -83.076519, 42.393417 ], [ -83.075643, 42.39374 ], [ -83.07502, 42.393967 ], [ -83.074818, 42.394041 ], [ -83.074753, 42.394065 ], [ -83.073861, 42.394392 ], [ -83.072989, 42.394742 ], [ -83.072827, 42.394815 ], [ -83.072567, 42.39497 ], [ -83.072028, 42.395268 ], [ -83.071629, 42.395428 ], [ -83.071267, 42.39558 ], [ -83.071192, 42.395605 ], [ -83.069272, 42.393232 ], [ -83.069134, 42.393056 ], [ -83.069163, 42.392989 ], [ -83.069404, 42.392444 ], [ -83.069809, 42.391531 ], [ -83.069899, 42.391221 ], [ -83.070006, 42.390576 ], [ -83.070038, 42.390163 ], [ -83.06999, 42.389617 ], [ -83.069883, 42.389164 ], [ -83.06977, 42.38884 ], [ -83.069571, 42.388379 ], [ -83.069317, 42.387908 ], [ -83.069052, 42.387511 ], [ -83.069177, 42.387467 ], [ -83.069236, 42.387446 ], [ -83.070125, 42.387099 ], [ -83.070984, 42.386765 ], [ -83.071853, 42.386427 ], [ -83.072749, 42.386079 ], [ -83.073248, 42.386826 ], [ -83.073807, 42.387664 ], [ -83.074187, 42.388233 ], [ -83.074461, 42.388644 ], [ -83.075093, 42.389585 ], [ -83.075186, 42.389727 ], [ -83.075465, 42.390191 ], [ -83.075906, 42.390821 ], [ -83.076002, 42.390959 ], [ -83.079013, 42.389888 ], [ -83.080501, 42.389357 ], [ -83.08199, 42.388783 ], [ -83.08263, 42.389733 ], [ -83.085328, 42.388716 ], [ -83.085636, 42.388605 ], [ -83.086182, 42.389413 ], [ -83.086771, 42.390291 ], [ -83.0873, 42.391076 ], [ -83.087848, 42.391892 ], [ -83.088401, 42.392712 ], [ -83.088665, 42.393102 ] ] ] } },
{ "type": "Feature", "properties": { "GEOID": "261635362002", "NAME": "15000US261635362002", "population": 1661, "acs_year": "2020-2024", "ALAND": 433045, "AWATER": 0, "walk_minutes": 8.8975560184515601, "access_bin": "<= 10 min", "within_15": true, "tract": "26163536200" }, "geometry": { "type": "Polygon", "coordinates": [ [ [ -83.171854, 42.416642 ], [ -83.171207, 42.416646 ], [ -83.170129, 42.416656 ], [ -83.169016, 42.416685 ], [ -83.167966, 42.416715 ], [ -83.166882, 42.416746 ], [ -83.165798, 42.416777 ], [ -83.164652, 42.41681 ], [ -83.163569, 42.41684 ], [ -83.162481, 42.416871 ], [ -83.161397, 42.416903 ], [ -83.160324, 42.416932 ], [ -83.160216, 42.414517 ], [ -83.160185, 42.413798 ], [ -83.160113, 42.412146 ], [ -83.161182, 42.412125 ], [ -83.162272, 42.412103 ], [ -83.16336, 42.412079 ], [ -83.164448, 42.412055 ], [ -83.165575, 42.412034 ], [ -83.165519, 42.410971 ], [ -83.165523, 42.410951 ], [ -83.165535, 42.410934 ], [ -83.165872, 42.410727 ], [ -83.166002, 42.410647 ], [ -83.166635, 42.411195 ], [ -83.167701, 42.412143 ], [ -83.168331, 42.412733 ], [ -83.16834, 42.412742 ], [ -83.169489, 42.413986 ], [ -83.170004, 42.414418 ], [ -83.171826, 42.416395 ], [ -83.172061, 42.416641 ], [ -83.171854, 42.416642 ] ] ] } },
{ "type": "Feature", "properties": { "GEOID": "261635211001", "NAME": "15000US261635211001", "population": 1031, "acs_year": "2020-2024", "ALAND": 520491, "AWATER": 0, "walk_minutes": 15.902269294556652, "access_bin": "<= 20 min", "within_15": false, "tract": "26163521100" }, "geometry": { "type": "Polygon", "coordinates": [ [ [ -83.092487, 42.32734 ], [ -83.089398, 42.327707 ], [ -83.089286, 42.32772 ], [ -83.089123, 42.327743 ], [ -83.088065, 42.327894 ], [ -83.08664, 42.328081 ], [ -83.086316, 42.328123 ], [ -83.086281, 42.328125 ], [ -83.086101, 42.328136 ], [ -83.085799, 42.327652 ], [ -83.085545, 42.327217 ], [ -83.085253, 42.326767 ], [ -83.08478, 42.326036 ], [ -83.084084, 42.324922 ], [ -83.083961, 42.324718 ], [ -83.083721, 42.32432 ], [ -83.083433, 42.323822 ], [ -83.083381, 42.323738 ], [ -83.083358, 42.3237 ], [ -83.083301, 42.323608 ], [ -83.083185, 42.323369 ], [ -83.083105, 42.323202 ], [ -83.082955, 42.322776 ], [ -83.082882, 42.322565 ], [ -83.082809, 42.322355 ], [ -83.082729, 42.32209 ], [ -83.082587, 42.321489 ], [ -83.082548, 42.321122 ], [ -83.082546, 42.320501 ], [ -83.082542, 42.320373 ], [ -83.082543, 42.320289 ], [ -83.082549, 42.320066 ], [ -83.08258, 42.31966 ], [ -83.082621, 42.319424 ], [ -83.082664, 42.319181 ], [ -83.082768, 42.318834 ], [ -83.082849, 42.318616 ], [ -83.082932, 42.318427 ], [ -83.083041, 42.31821 ], [ -83.083296, 42.317796 ], [ -83.083355, 42.317712 ], [ -83.083404, 42.317641 ], [ -83.083519, 42.317489 ], [ -83.083728, 42.317243 ], [ -83.083984, 42.316979 ], [ -83.084236, 42.316748 ], [ -83.084469, 42.316559 ], [ -83.084774, 42.317002 ], [ -83.08521, 42.317491 ], [ -83.085573, 42.317994 ], [ -83.086565, 42.319439 ], [ -83.086718, 42.319667 ], [ -83.087281, 42.320378 ], [ -83.087554, 42.320691 ], [ -83.088431, 42.322039 ], [ -83.088919, 42.322711 ], [ -83.089233, 42.322861 ], [ -83.089615, 42.323287 ], [ -83.090075, 42.323942 ], [ -83.091481, 42.325914 ], [ -83.092487, 42.32734 ] ] ] } },
{ "type": "Feature", "properties": { "GEOID": "261635214001", "NAME": "15000US261635214001", "population": 838, "acs_year": "2020-2024", "ALAND": 963485, "AWATER": 0, "walk_minutes": 9.2739008474694931, "access_bin": "<= 10 min", "within_15": true, "tract": "26163521400" }, "geometry": { "type": "Polygon", "coordinates": [ [ [ -83.086569, 42.329748 ], [ -83.086539, 42.329939 ], [ -83.086491, 42.330169 ], [ -83.086444, 42.33033 ], [ -83.086373, 42.330526 ], [ -83.08631, 42.330672 ], [ -83.086213, 42.330862 ], [ -83.08613, 42.331003 ], [ -83.086008, 42.331185 ], [ -83.0858, 42.33146 ], [ -83.085428, 42.331851 ], [ -83.085227, 42.331991 ], [ -83.085186, 42.332029 ], [ -83.084581, 42.332363 ], [ -83.084301, 42.332493 ], [ -83.08397, 42.332621 ], [ -83.083888, 42.332644 ], [ -83.083573, 42.332732 ], [ -83.083188, 42.332823 ], [ -83.082659, 42.332891 ], [ -83.0823, 42.33293 ], [ -83.081986, 42.332928 ], [ -83.08079, 42.332844 ], [ -83.079872, 42.332721 ], [ -83.079179, 42.332636 ], [ -83.07835, 42.33255 ], [ -83.077951, 42.332532 ], [ -83.077842, 42.332529 ], [ -83.077551, 42.332522 ], [ -83.077168, 42.332529 ], [ -83.076738, 42.332551 ], [ -83.076335, 42.332591 ], [ -83.075935, 42.33265 ], [ -83.075669, 42.332699 ], [ -83.075463, 42.332742 ], [ -83.07517, 42.332814 ], [ -83.074189, 42.333115 ], [ -83.073184, 42.333423 ], [ -83.072801, 42.333541 ], [ -83.071835, 42.333805 ], [ -83.070878, 42.334026 ], [ -83.068907, 42.334427 ], [ -83.068662, 42.334477 ], [ -83.068594, 42.334344 ], [ -83.068548, 42.334268 ], [ -83.068488, 42.334165 ], [ -83.068412, 42.334034 ], [ -83.068336, 42.333901 ], [ -83.068051, 42.333401 ], [ -83.067622, 42.332647 ], [ -83.067194, 42.331891 ], [ -83.067101, 42.331725 ], [ -83.06695, 42.331416 ], [ -83.066858, 42.331229 ], [ -83.066785, 42.331121 ], [ -83.066725, 42.331032 ], [ -83.066159, 42.330311 ], [ -83.065528, 42.329503 ], [ -83.06689, 42.328915 ], [ -83.067284, 42.328745 ], [ -83.069822, 42.327955 ], [ -83.069992, 42.327897 ], [ -83.070159, 42.327841 ], [ -83.071385, 42.32746 ], [ -83.072569, 42.327096 ], [ -83.073195, 42.326903 ], [ -83.073865, 42.326696 ], [ -83.074101, 42.326624 ], [ -83.074297, 42.326563 ], [ -83.074445, 42.326517 ], [ -83.074587, 42.326474 ], [ -83.074717, 42.326434 ], [ -83.075806, 42.326827 ], [ -83.076045, 42.326903 ], [ -83.076279, 42.326973 ], [ -83.076565, 42.327055 ], [ -83.077115, 42.327184 ], [ -83.07935, 42.327655 ], [ -83.080869, 42.327895 ], [ -83.082373, 42.328034 ], [ -83.082901, 42.328076 ], [ -83.082964, 42.328078 ], [ -83.085205, 42.328207 ], [ -83.085314, 42.328199 ], [ -83.085687, 42.328174 ], [ -83.085844, 42.328158 ], [ -83.086101, 42.328136 ], [ -83.086131, 42.328179 ], [ -83.08616, 42.32822 ], [ -83.086282, 42.328406 ], [ -83.086416, 42.328739 ], [ -83.086486, 42.32895 ], [ -83.086537, 42.329206 ], [ -83.086576, 42.329493 ], [ -83.086569, 42.329748 ] ] ] } },
{ "type": "Feature", "properties": { "GEOID": "261635157001", "NAME": "15000US261635157001", "population": 1102, "acs_year": "2020-2024", "ALAND": 829494, "AWATER": 0, "walk_minutes": 18.055692790051641, "access_bin": "<= 20 min", "within_15": false, "tract": "26163515700" }, "geometry": { "type": "Polygon", "coordinates": [ [ [ -82.988993, 42.355379 ], [ -82.987919, 42.356219 ], [ -82.987183, 42.35679 ], [ -82.987076, 42.356873 ], [ -82.986214, 42.357547 ], [ -82.985783, 42.357884 ], [ -82.985402, 42.358182 ], [ -82.984933, 42.358549 ], [ -82.984589, 42.358817 ], [ -82.984081, 42.359213 ], [ -82.983461, 42.359698 ], [ -82.983068, 42.360006 ], [ -82.98269, 42.360301 ], [ -82.981783, 42.360995 ], [ -82.980861, 42.361731 ], [ -82.980439, 42.362057 ], [ -82.980011, 42.362349 ], [ -82.979191, 42.362896 ], [ -82.979068, 42.362968 ], [ -82.978884, 42.363058 ], [ -82.975259, 42.357967 ], [ -82.974722, 42.357197 ], [ -82.973363, 42.355328 ], [ -82.979753, 42.353424 ], [ -82.979815, 42.353406 ], [ -82.982346, 42.352806 ], [ -82.983758, 42.352416 ], [ -82.984251, 42.352531 ], [ -82.986244, 42.355113 ], [ -82.986854, 42.354906 ], [ -82.985044, 42.352183 ], [ -82.987349, 42.351789 ], [ -82.987384, 42.351928 ], [ -82.987419, 42.351937 ], [ -82.987465, 42.351962 ], [ -82.987497, 42.351989 ], [ -82.987879, 42.35251 ], [ -82.98801, 42.35269 ], [ -82.989604, 42.3549 ], [ -82.988993, 42.355379 ] ] ] } },
{ "type": "Feature", "properties": { "GEOID": "261635009001", "NAME": "15000US261635009001", "population": 2290, "acs_year": "2020-2024", "ALAND": 599536, "AWATER": 0, "walk_minutes": 4.8545140966262945, "access_bin": "<= 5 min", "within_15": true, "tract": "26163500900" }, "geometry": { "type": "Polygon", "coordinates": [ [ [ -82.960298, 42.425001 ], [ -82.959994, 42.425408 ], [ -82.959391, 42.426216 ], [ -82.958859, 42.426931 ], [ -82.958108, 42.427945 ], [ -82.957252, 42.429101 ], [ -82.956203, 42.428665 ], [ -82.955162, 42.428234 ], [ -82.954118, 42.427807 ], [ -82.953137, 42.427405 ], [ -82.952141, 42.427 ], [ -82.950995, 42.42653 ], [ -82.949956, 42.426105 ], [ -82.948908, 42.425676 ], [ -82.947804, 42.425224 ], [ -82.946769, 42.424801 ], [ -82.945751, 42.424385 ], [ -82.945764, 42.42425 ], [ -82.947329, 42.422165 ], [ -82.948614, 42.420449 ], [ -82.948706, 42.420352 ], [ -82.94895, 42.420111 ], [ -82.949022, 42.420032 ], [ -82.95007, 42.42046 ], [ -82.951101, 42.420886 ], [ -82.952153, 42.421319 ], [ -82.953224, 42.421762 ], [ -82.954302, 42.422205 ], [ -82.955355, 42.42264 ], [ -82.956362, 42.423058 ], [ -82.957357, 42.42347 ], [ -82.958397, 42.423899 ], [ -82.959439, 42.424329 ], [ -82.960496, 42.424759 ], [ -82.960298, 42.425001 ] ] ] } },
{ "type": "Feature", "properties": { "GEOID": "261635008001", "NAME": "15000US261635008001", "population": 1198, "acs_year": "2020-2024", "ALAND": 359651, "AWATER": 0, "walk_minutes": 23.855937402758482, "access_bin": "> 20 min", "within_15": false, "tract": "26163500800" }, "geometry": { "type": "Polygon", "coordinates": [ [ [ -82.942786, 42.423174 ], [ -82.94137, 42.424883 ], [ -82.940614, 42.425796 ], [ -82.93862, 42.428436 ], [ -82.938395, 42.428747 ], [ -82.937902, 42.4294 ], [ -82.937644, 42.429741 ], [ -82.937566, 42.429845 ], [ -82.937382, 42.43009 ], [ -82.934343, 42.428845 ], [ -82.932195, 42.427968 ], [ -82.932441, 42.427643 ], [ -82.932719, 42.42728 ], [ -82.933212, 42.42663 ], [ -82.933443, 42.426319 ], [ -82.934581, 42.42678 ], [ -82.936331, 42.424458 ], [ -82.937325, 42.423232 ], [ -82.938741, 42.421523 ], [ -82.939755, 42.421936 ], [ -82.940458, 42.422222 ], [ -82.940765, 42.422348 ], [ -82.941473, 42.422637 ], [ -82.941772, 42.422759 ], [ -82.942558, 42.423081 ], [ -82.942786, 42.423174 ] ] ] } },
{ "type": "Feature", "properties": { "GEOID": "261635051001", "NAME": "15000US261635051001", "population": 1414, "acs_year": "2020-2024", "ALAND": 1201358, "AWATER": 0, "walk_minutes": 17.019380046007331, "access_bin": "<= 20 min", "within_15": false, "tract": "26163505100" }, "geometry": { "type": "Polygon", "coordinates": [ [ [ -83.024745, 42.448159 ], [ -83.023613, 42.448188 ], [ -83.023599, 42.448188 ], [ -83.022812, 42.44821 ], [ -83.022555, 42.448217 ], [ -83.022354, 42.448222 ], [ -83.022094, 42.448229 ], [ -83.021938, 42.448233 ], [ -83.021499, 42.448246 ], [ -83.021478, 42.448247 ], [ -83.020643, 42.448271 ], [ -83.019842, 42.448296 ], [ -83.019719, 42.4483 ], [ -83.019409, 42.448309 ], [ -83.017581, 42.448364 ], [ -83.017424, 42.448369 ], [ -83.016866, 42.448386 ], [ -83.016239, 42.448402 ], [ -83.016076, 42.448406 ], [ -83.015688, 42.448416 ], [ -83.015318, 42.448426 ], [ -83.014908, 42.448436 ], [ -83.014625, 42.448443 ], [ -83.014374, 42.44845 ], [ -83.014173, 42.448455 ], [ -83.013115, 42.448481 ], [ -83.012914, 42.448486 ], [ -83.012489, 42.448496 ], [ -83.012445, 42.448497 ], [ -83.012099, 42.448505 ], [ -83.011011, 42.448532 ], [ -83.010798, 42.448537 ], [ -83.010732, 42.44854 ], [ -83.010294, 42.448557 ], [ -83.01008, 42.448566 ], [ -83.0093, 42.448607 ], [ -83.00761, 42.448706 ], [ -83.007372, 42.448719 ], [ -83.007274, 42.448725 ], [ -83.007195, 42.448729 ], [ -83.006945, 42.448742 ], [ -83.006272, 42.448776 ], [ -83.006073, 42.448784 ], [ -83.005885, 42.448792 ], [ -83.005534, 42.448806 ], [ -83.006716, 42.447188 ], [ -83.010846, 42.441683 ], [ -83.014654, 42.43661 ], [ -83.014746, 42.43685 ], [ -83.014833, 42.437013 ], [ -83.014933, 42.437171 ], [ -83.015075, 42.43737 ], [ -83.015685, 42.438146 ], [ -83.015815, 42.438313 ], [ -83.016292, 42.438925 ], [ -83.016445, 42.43912 ], [ -83.016895, 42.439696 ], [ -83.017336, 42.440256 ], [ -83.017486, 42.440447 ], [ -83.017647, 42.44064 ], [ -83.017729, 42.44072 ], [ -83.017818, 42.440797 ], [ -83.017913, 42.440869 ], [ -83.018014, 42.440937 ], [ -83.018121, 42.441 ], [ -83.01825, 42.441065 ], [ -83.018491, 42.441164 ], [ -83.018708, 42.441234 ], [ -83.018933, 42.441287 ], [ -83.019072, 42.441311 ], [ -83.019212, 42.441328 ], [ -83.0194, 42.441341 ], [ -83.019542, 42.441343 ], [ -83.019666, 42.44134 ], [ -83.020778, 42.441317 ], [ -83.021218, 42.441355 ], [ -83.022314, 42.441363 ], [ -83.023086, 42.441371 ], [ -83.024501, 42.441341 ], [ -83.024594, 42.443632 ], [ -83.024602, 42.443886 ], [ -83.024678, 42.446098 ], [ -83.024745, 42.448159 ] ] ] } },
{ "type": "Feature", "properties": { "GEOID": "261635260001", "NAME": "15000US261635260001", "population": 2093, "acs_year": "2020-2024", "ALAND": 1000951, "AWATER": 0, "walk_minutes": 29.438898161816866, "access_bin": "> 20 min", "within_15": false, "tract": "26163526000" }, "geometry": { "type": "Polygon", "coordinates": [ [ [ -83.15668, 42.328731 ], [ -83.155951, 42.328901 ], [ -83.155077, 42.329104 ], [ -83.154368, 42.329259 ], [ -83.154282, 42.329279 ], [ -83.152045, 42.329796 ], [ -83.151931, 42.329823 ], [ -83.151838, 42.329845 ], [ -83.151669, 42.329882 ], [ -83.150949, 42.330049 ], [ -83.149948, 42.330264 ], [ -83.148953, 42.330494 ], [ -83.14863, 42.330567 ], [ -83.148344, 42.330632 ], [ -83.147932, 42.330725 ], [ -83.147131, 42.330894 ], [ -83.146867, 42.330943 ], [ -83.146317, 42.331044 ], [ -83.145746, 42.331148 ], [ -83.145672, 42.331162 ], [ -83.145036, 42.331258 ], [ -83.144833, 42.330979 ], [ -83.144652, 42.330731 ], [ -83.144448, 42.33045 ], [ -83.1431, 42.328591 ], [ -83.141685, 42.326641 ], [ -83.140244, 42.324648 ], [ -83.139442, 42.323531 ], [ -83.137679, 42.32111 ], [ -83.137602, 42.321 ], [ -83.138631, 42.320842 ], [ -83.14354, 42.320103 ], [ -83.143959, 42.320046 ], [ -83.144648, 42.319962 ], [ -83.146264, 42.319728 ], [ -83.146488, 42.319705 ], [ -83.147038, 42.31963 ], [ -83.147135, 42.319753 ], [ -83.149431, 42.322897 ], [ -83.152942, 42.327736 ], [ -83.153209, 42.328087 ], [ -83.155005, 42.327654 ], [ -83.156551, 42.32724 ], [ -83.156558, 42.327669 ], [ -83.156594, 42.327798 ], [ -83.156631, 42.327952 ], [ -83.156646, 42.328163 ], [ -83.156674, 42.32856 ], [ -83.15668, 42.328731 ] ] ] } },
{ "type": "Feature", "properties": { "GEOID": "261635260002", "NAME": "15000US261635260002", "population": 1038, "acs_year": "2020-2024", "ALAND": 673230, "AWATER": 0, "walk_minutes": 18.055761047780742, "access_bin": "<= 20 min", "within_15": false, "tract": "26163526000" }, "geometry": { "type": "Polygon", "coordinates": [ [ [ -83.145036, 42.331258 ], [ -83.144244, 42.331378 ], [ -83.142343, 42.331657 ], [ -83.14162, 42.331765 ], [ -83.140445, 42.331952 ], [ -83.13978, 42.332057 ], [ -83.139341, 42.332131 ], [ -83.138993, 42.33219 ], [ -83.138412, 42.332315 ], [ -83.138218, 42.332049 ], [ -83.137621, 42.331225 ], [ -83.137597, 42.331102 ], [ -83.13758, 42.330992 ], [ -83.13691, 42.330048 ], [ -83.136233, 42.329117 ], [ -83.135507, 42.328116 ], [ -83.134636, 42.326915 ], [ -83.134169, 42.326269 ], [ -83.133702, 42.325621 ], [ -83.133233, 42.324972 ], [ -83.132121, 42.32343 ], [ -83.131661, 42.322793 ], [ -83.131368, 42.322383 ], [ -83.132525, 42.322071 ], [ -83.133208, 42.321899 ], [ -83.133412, 42.321847 ], [ -83.135028, 42.321448 ], [ -83.135619, 42.321326 ], [ -83.135773, 42.321295 ], [ -83.137602, 42.321 ], [ -83.137679, 42.32111 ], [ -83.139442, 42.323531 ], [ -83.140244, 42.324648 ], [ -83.141685, 42.326641 ], [ -83.1431, 42.328591 ], [ -83.144448, 42.33045 ], [ -83.144652, 42.330731 ], [ -83.144833, 42.330979 ], [ -83.145036, 42.331258 ] ] ] } },
{ "type": "Feature", "properties": { "GEOID": "261635317002", "NAME": "15000US261635317002", "population": 531, "acs_year": "2020-2024", "ALAND": 516625, "AWATER": 0, "walk_minutes": 16.434151577750509, "access_bin": "<= 20 min", "within_15": false, "tract": "26163531700" }, "geometry": { "type": "Polygon", "coordinates": [ [ [ -83.125385, 42.398015 ], [ -83.122493, 42.399086 ], [ -83.119419, 42.400219 ], [ -83.118953, 42.400386 ], [ -83.116936, 42.401135 ], [ -83.116626, 42.401261 ], [ -83.116288, 42.401391 ], [ -83.115777, 42.401587 ], [ -83.115545, 42.401672 ], [ -83.114595, 42.402027 ], [ -83.114382, 42.402194 ], [ -83.112089, 42.403031 ], [ -83.111572, 42.402288 ], [ -83.111118, 42.401635 ], [ -83.110671, 42.400971 ], [ -83.11021, 42.400291 ], [ -83.109836, 42.39974 ], [ -83.109737, 42.399597 ], [ -83.109366, 42.399049 ], [ -83.109284, 42.398929 ], [ -83.10925, 42.39888 ], [ -83.109212, 42.398863 ], [ -83.109119, 42.398749 ], [ -83.10905, 42.398617 ], [ -83.109048, 42.398585 ], [ -83.109448, 42.398461 ], [ -83.109779, 42.398337 ], [ -83.110108, 42.398168 ], [ -83.110387, 42.397985 ], [ -83.110962, 42.397526 ], [ -83.1111, 42.397422 ], [ -83.111335, 42.397235 ], [ -83.111581, 42.397063 ], [ -83.111664, 42.397012 ], [ -83.111815, 42.396918 ], [ -83.112083, 42.396773 ], [ -83.112577, 42.396526 ], [ -83.112966, 42.396354 ], [ -83.113195, 42.396299 ], [ -83.113413, 42.396607 ], [ -83.113751, 42.397085 ], [ -83.113821, 42.397186 ], [ -83.114304, 42.397908 ], [ -83.114781, 42.398601 ], [ -83.117604, 42.397545 ], [ -83.120684, 42.396398 ], [ -83.123587, 42.395336 ], [ -83.124024, 42.395999 ], [ -83.124092, 42.39609 ], [ -83.12423, 42.396296 ], [ -83.124481, 42.39667 ], [ -83.124738, 42.397053 ], [ -83.124923, 42.397328 ], [ -83.125385, 42.398015 ] ] ] } },
{ "type": "Feature", "properties": { "GEOID": "261635301001", "NAME": "15000US261635301001", "population": 1101, "acs_year": "2020-2024", "ALAND": 753050, "AWATER": 0, "walk_minutes": 27.806782208268707, "access_bin": "> 20 min", "within_15": false, "tract": "26163530100" }, "geometry": { "type": "Polygon", "coordinates": [ [ [ -83.127689, 42.410155 ], [ -83.126654, 42.410174 ], [ -83.126426, 42.41018 ], [ -83.125419, 42.410203 ], [ -83.125218, 42.410209 ], [ -83.123987, 42.410236 ], [ -83.122763, 42.410264 ], [ -83.122085, 42.410279 ], [ -83.121554, 42.410292 ], [ -83.120456, 42.410316 ], [ -83.119478, 42.410338 ], [ -83.118529, 42.41036 ], [ -83.117524, 42.410383 ], [ -83.117146, 42.410391 ], [ -83.11682, 42.409899 ], [ -83.116486, 42.409394 ], [ -83.11571, 42.408221 ], [ -83.114011, 42.405795 ], [ -83.113309, 42.404673 ], [ -83.113273, 42.404616 ], [ -83.113233, 42.404554 ], [ -83.113192, 42.404493 ], [ -83.112156, 42.403121 ], [ -83.112089, 42.403031 ], [ -83.114382, 42.402194 ], [ -83.114595, 42.402027 ], [ -83.115545, 42.401672 ], [ -83.115777, 42.401587 ], [ -83.115852, 42.401637 ], [ -83.115924, 42.401686 ], [ -83.117021, 42.402425 ], [ -83.117389, 42.402663 ], [ -83.117488, 42.402728 ], [ -83.118184, 42.403177 ], [ -83.118606, 42.403446 ], [ -83.118824, 42.403574 ], [ -83.119047, 42.403696 ], [ -83.119429, 42.403887 ], [ -83.119685, 42.404005 ], [ -83.119947, 42.404117 ], [ -83.119991, 42.404135 ], [ -83.120212, 42.404225 ], [ -83.120482, 42.404326 ], [ -83.120756, 42.404421 ], [ -83.12117, 42.404556 ], [ -83.121275, 42.404587 ], [ -83.121388, 42.404621 ], [ -83.121608, 42.40468 ], [ -83.121832, 42.404734 ], [ -83.12245, 42.404871 ], [ -83.122926, 42.404954 ], [ -83.123721, 42.405053 ], [ -83.124299, 42.405104 ], [ -83.124733, 42.405118 ], [ -83.125114, 42.405124 ], [ -83.125959, 42.405111 ], [ -83.126278, 42.405104 ], [ -83.126714, 42.405095 ], [ -83.127406, 42.40508 ], [ -83.127409, 42.405156 ], [ -83.127411, 42.405218 ], [ -83.127422, 42.405585 ], [ -83.127424, 42.405798 ], [ -83.127459, 42.406534 ], [ -83.127517, 42.40778 ], [ -83.127689, 42.410155 ] ] ] } },
{ "type": "Feature", "properties": { "GEOID": "261635459002", "NAME": "15000US261635459002", "population": 2250, "acs_year": "2020-2024", "ALAND": 635901, "AWATER": 0, "walk_minutes": 18.555465417112234, "access_bin": "<= 20 min", "within_15": false, "tract": "26163545900" }, "geometry": { "type": "Polygon", "coordinates": [ [ [ -83.225932, 42.350473 ], [ -83.224597, 42.350496 ], [ -83.223427, 42.350511 ], [ -83.222257, 42.350529 ], [ -83.221068, 42.350548 ], [ -83.219838, 42.350567 ], [ -83.21864, 42.350585 ], [ -83.217443, 42.350603 ], [ -83.21678, 42.350612 ], [ -83.216446, 42.350616 ], [ -83.216265, 42.350619 ], [ -83.216247, 42.348977 ], [ -83.216223, 42.348067 ], [ -83.216178, 42.347025 ], [ -83.21616, 42.346567 ], [ -83.216111, 42.345192 ], [ -83.216068, 42.344012 ], [ -83.216045, 42.34337 ], [ -83.216231, 42.343366 ], [ -83.216535, 42.34336 ], [ -83.217169, 42.34336 ], [ -83.21837, 42.343348 ], [ -83.219565, 42.343338 ], [ -83.220799, 42.343327 ], [ -83.221987, 42.343317 ], [ -83.223155, 42.343305 ], [ -83.224326, 42.343292 ], [ -83.225646, 42.343278 ], [ -83.22579, 42.346941 ], [ -83.225932, 42.350473 ] ] ] } },
{ "type": "Feature", "properties": { "GEOID": "261635044002", "NAME": "15000US261635044002", "population": 661, "acs_year": "2020-2024", "ALAND": 247570, "AWATER": 0, "walk_minutes": 23.507668550830946, "access_bin": "> 20 min", "within_15": false, "tract": "26163504400" }, "geometry": { "type": "Polygon", "coordinates": [ [ [ -82.993413, 42.407272 ], [ -82.990379, 42.408326 ], [ -82.987563, 42.409304 ], [ -82.987447, 42.409122 ], [ -82.986957, 42.408349 ], [ -82.986384, 42.40739 ], [ -82.985809, 42.406458 ], [ -82.985189, 42.405482 ], [ -82.988015, 42.404507 ], [ -82.991033, 42.403466 ], [ -82.991642, 42.404427 ], [ -82.992218, 42.405361 ], [ -82.992788, 42.406321 ], [ -82.993225, 42.40701 ], [ -82.993284, 42.407092 ], [ -82.993413, 42.407272 ] ] ] } },
{ "type": "Feature", "properties": { "GEOID": "261635106001", "NAME": "15000US261635106001", "population": 913, "acs_year": "2020-2024", "ALAND": 783368, "AWATER": 0, "walk_minutes": 3.8243329637470524, "access_bin": "<= 5 min", "within_15": true, "tract": "26163510600" }, "geometry": { "type": "Polygon", "coordinates": [ [ [ -83.047514, 42.411775 ], [ -83.046542, 42.411799 ], [ -83.04555, 42.411823 ], [ -83.044559, 42.411847 ], [ -83.043079, 42.41188 ], [ -83.042354, 42.411895 ], [ -83.041645, 42.411909 ], [ -83.04047, 42.411931 ], [ -83.039294, 42.411952 ], [ -83.038766, 42.411961 ], [ -83.038125, 42.411973 ], [ -83.038077, 42.410484 ], [ -83.038036, 42.409288 ], [ -83.038052, 42.409219 ], [ -83.038082, 42.409153 ], [ -83.038207, 42.408992 ], [ -83.038674, 42.408393 ], [ -83.038949, 42.408024 ], [ -83.040189, 42.406368 ], [ -83.040225, 42.406326 ], [ -83.040274, 42.406291 ], [ -83.039251, 42.405765 ], [ -83.038995, 42.40562 ], [ -83.038722, 42.40544 ], [ -83.038537, 42.405259 ], [ -83.038395, 42.405096 ], [ -83.038339, 42.405015 ], [ -83.038221, 42.404805 ], [ -83.038167, 42.404682 ], [ -83.038102, 42.404483 ], [ -83.038085, 42.404406 ], [ -83.038074, 42.404319 ], [ -83.037979, 42.402628 ], [ -83.037966, 42.402404 ], [ -83.037889, 42.401634 ], [ -83.038412, 42.401646 ], [ -83.038544, 42.401669 ], [ -83.038662, 42.401723 ], [ -83.038759, 42.401783 ], [ -83.039258, 42.40118 ], [ -83.039828, 42.400408 ], [ -83.040357, 42.399688 ], [ -83.040908, 42.398943 ], [ -83.041459, 42.398196 ], [ -83.042026, 42.397429 ], [ -83.042468, 42.397427 ], [ -83.042468, 42.397474 ], [ -83.042469, 42.39752 ], [ -83.04247, 42.397639 ], [ -83.042476, 42.398297 ], [ -83.042481, 42.398766 ], [ -83.042485, 42.399273 ], [ -83.042494, 42.400186 ], [ -83.042497, 42.400503 ], [ -83.042503, 42.401102 ], [ -83.042504, 42.401278 ], [ -83.042506, 42.401453 ], [ -83.042534, 42.404443 ], [ -83.043922, 42.404443 ], [ -83.04499, 42.404448 ], [ -83.046435, 42.404456 ], [ -83.047257, 42.40446 ], [ -83.047293, 42.405505 ], [ -83.047323, 42.406393 ], [ -83.047354, 42.407282 ], [ -83.04738, 42.407985 ], [ -83.047362, 42.408106 ], [ -83.047344, 42.408209 ], [ -83.04736, 42.408551 ], [ -83.047401, 42.40958 ], [ -83.047459, 42.411002 ], [ -83.047472, 42.411315 ], [ -83.047487, 42.411686 ], [ -83.047514, 42.411775 ] ] ] } },
{ "type": "Feature", "properties": { "GEOID": "261635113002", "NAME": "15000US261635113002", "population": 1213, "acs_year": "2020-2024", "ALAND": 617965, "AWATER": 0, "walk_minutes": 14.329023196524115, "access_bin": "<= 15 min", "within_15": true, "tract": "26163511300" }, "geometry": { "type": "Polygon", "coordinates": [ [ [ -83.047718, 42.418968 ], [ -83.047543, 42.418972 ], [ -83.046725, 42.418988 ], [ -83.046461, 42.418994 ], [ -83.045732, 42.419008 ], [ -83.045378, 42.419016 ], [ -83.044737, 42.419028 ], [ -83.043026, 42.419063 ], [ -83.042511, 42.419074 ], [ -83.041846, 42.419089 ], [ -83.041704, 42.419092 ], [ -83.040666, 42.419116 ], [ -83.03949, 42.419142 ], [ -83.038339, 42.419169 ], [ -83.038272, 42.417341 ], [ -83.038216, 42.415572 ], [ -83.038183, 42.414152 ], [ -83.038125, 42.411973 ], [ -83.038766, 42.411961 ], [ -83.039294, 42.411952 ], [ -83.04047, 42.411931 ], [ -83.041645, 42.411909 ], [ -83.042354, 42.411895 ], [ -83.043079, 42.41188 ], [ -83.044559, 42.411847 ], [ -83.04555, 42.411823 ], [ -83.046542, 42.411799 ], [ -83.047514, 42.411775 ], [ -83.047539, 42.411886 ], [ -83.047589, 42.413949 ], [ -83.047624, 42.41538 ], [ -83.04767, 42.417139 ], [ -83.047718, 42.418968 ] ] ] } },
{ "type": "Feature", "properties": { "GEOID": "261635081001", "NAME": "15000US261635081001", "population": 617, "acs_year": "2020-2024", "ALAND": 991139, "AWATER": 0, "walk_minutes": 24.215122600489483, "access_bin": "> 20 min", "within_15": false, "tract": "26163508100" }, "geometry": { "type": "Polygon", "coordinates": [ [ [ -83.112595, 42.4468 ], [ -83.112342, 42.446809 ], [ -83.112108, 42.446816 ], [ -83.111822, 42.446826 ], [ -83.111706, 42.446831 ], [ -83.109933, 42.44694 ], [ -83.109846, 42.446944 ], [ -83.109626, 42.446959 ], [ -83.109505, 42.446969 ], [ -83.109471, 42.446971 ], [ -83.109147, 42.446979 ], [ -83.108707, 42.446992 ], [ -83.108412, 42.446999 ], [ -83.108068, 42.44701 ], [ -83.107333, 42.447029 ], [ -83.106316, 42.447056 ], [ -83.105395, 42.447079 ], [ -83.105325, 42.447082 ], [ -83.104058, 42.447111 ], [ -83.103942, 42.447113 ], [ -83.102875, 42.44714 ], [ -83.10179, 42.447102 ], [ -83.10163, 42.447093 ], [ -83.100682, 42.447033 ], [ -83.100578, 42.447026 ], [ -83.100531, 42.447024 ], [ -83.100461, 42.44702 ], [ -83.100047, 42.44699 ], [ -83.099826, 42.446977 ], [ -83.099599, 42.446962 ], [ -83.099358, 42.44694 ], [ -83.099239, 42.446929 ], [ -83.099101, 42.446916 ], [ -83.098454, 42.446878 ], [ -83.098267, 42.446868 ], [ -83.097421, 42.44682 ], [ -83.096056, 42.446838 ], [ -83.095979, 42.446839 ], [ -83.09589, 42.44684 ], [ -83.095592, 42.446845 ], [ -83.095319, 42.446851 ], [ -83.094929, 42.446862 ], [ -83.094927, 42.4468 ], [ -83.094926, 42.446748 ], [ -83.09492, 42.446633 ], [ -83.09489, 42.446025 ], [ -83.094884, 42.445563 ], [ -83.094903, 42.4451 ], [ -83.09496, 42.444505 ], [ -83.095088, 42.443744 ], [ -83.095138, 42.443446 ], [ -83.095189, 42.443045 ], [ -83.095225, 42.442644 ], [ -83.095244, 42.442282 ], [ -83.095249, 42.441739 ], [ -83.095244, 42.441609 ], [ -83.095229, 42.441236 ], [ -83.095202, 42.440026 ], [ -83.095199, 42.439744 ], [ -83.095272, 42.439742 ], [ -83.095421, 42.439738 ], [ -83.095582, 42.439733 ], [ -83.096176, 42.439716 ], [ -83.097198, 42.439688 ], [ -83.098268, 42.439654 ], [ -83.099354, 42.43962 ], [ -83.100437, 42.439588 ], [ -83.101522, 42.439555 ], [ -83.102591, 42.439526 ], [ -83.103767, 42.439511 ], [ -83.105037, 42.439499 ], [ -83.106768, 42.439481 ], [ -83.107782, 42.441009 ], [ -83.107831, 42.441077 ], [ -83.108473, 42.441812 ], [ -83.108633, 42.441994 ], [ -83.108806, 42.442192 ], [ -83.109812, 42.443322 ], [ -83.110277, 42.443881 ], [ -83.110797, 42.444448 ], [ -83.11183, 42.445663 ], [ -83.112124, 42.446045 ], [ -83.11252, 42.446593 ], [ -83.112581, 42.446708 ], [ -83.11263, 42.446799 ], [ -83.112595, 42.4468 ] ] ] } },
{ "type": "Feature", "properties": { "GEOID": "261635382002", "NAME": "15000US261635382002", "population": 749, "acs_year": "2020-2024", "ALAND": 891242, "AWATER": 0, "walk_minutes": 23.431284101434052, "access_bin": "> 20 min", "within_15": false, "tract": "26163538200" }, "geometry": { "type": "Polygon", "coordinates": [ [ [ -83.135206, 42.438982 ], [ -83.134348, 42.438999 ], [ -83.13415, 42.439047 ], [ -83.134094, 42.439049 ], [ -83.133902, 42.437607 ], [ -83.132001, 42.437672 ], [ -83.12397, 42.43795 ], [ -83.122809, 42.438023 ], [ -83.120416, 42.43802 ], [ -83.119473, 42.438086 ], [ -83.119085, 42.438133 ], [ -83.118657, 42.43753 ], [ -83.117859, 42.436335 ], [ -83.117084, 42.435249 ], [ -83.116814, 42.434809 ], [ -83.116327, 42.43407 ], [ -83.116062, 42.433695 ], [ -83.115757, 42.433246 ], [ -83.115547, 42.432945 ], [ -83.115284, 42.432567 ], [ -83.114981, 42.432133 ], [ -83.115421, 42.432116 ], [ -83.115544, 42.432052 ], [ -83.116167, 42.432023 ], [ -83.117006, 42.431976 ], [ -83.117615, 42.43195 ], [ -83.118061, 42.431937 ], [ -83.118258, 42.431939 ], [ -83.119597, 42.43192 ], [ -83.119877, 42.431924 ], [ -83.123607, 42.431848 ], [ -83.124075, 42.431844 ], [ -83.124583, 42.431831 ], [ -83.125931, 42.431819 ], [ -83.127015, 42.43182 ], [ -83.127786, 42.431824 ], [ -83.128011, 42.431849 ], [ -83.129346, 42.431809 ], [ -83.129753, 42.431797 ], [ -83.131345, 42.431752 ], [ -83.131634, 42.431748 ], [ -83.132335, 42.431739 ], [ -83.132421, 42.431937 ], [ -83.13237, 42.432321 ], [ -83.132393, 42.432965 ], [ -83.132403, 42.433056 ], [ -83.132426, 42.433183 ], [ -83.132485, 42.433332 ], [ -83.132551, 42.433464 ], [ -83.132612, 42.433563 ], [ -83.132693, 42.433669 ], [ -83.132796, 42.433777 ], [ -83.132883, 42.433852 ], [ -83.132958, 42.433949 ], [ -83.133012, 42.434113 ], [ -83.133029, 42.434569 ], [ -83.133015, 42.434755 ], [ -83.132972, 42.43492 ], [ -83.132915, 42.435059 ], [ -83.132778, 42.435277 ], [ -83.132738, 42.435333 ], [ -83.132711, 42.435383 ], [ -83.132693, 42.435435 ], [ -83.132681, 42.435502 ], [ -83.132719, 42.436548 ], [ -83.132736, 42.436636 ], [ -83.132776, 42.436724 ], [ -83.132838, 42.436805 ], [ -83.132884, 42.436848 ], [ -83.132937, 42.436887 ], [ -83.133039, 42.436942 ], [ -83.133153, 42.436982 ], [ -83.133251, 42.437002 ], [ -83.133351, 42.43701 ], [ -83.133858, 42.437002 ], [ -83.134231, 42.437002 ], [ -83.13433, 42.437012 ], [ -83.134413, 42.437033 ], [ -83.134488, 42.437063 ], [ -83.134554, 42.437101 ], [ -83.13461, 42.43715 ], [ -83.134641, 42.437188 ], [ -83.134666, 42.43723 ], [ -83.134683, 42.437275 ], [ -83.134692, 42.437321 ], [ -83.134727, 42.438224 ], [ -83.134738, 42.438337 ], [ -83.134756, 42.438408 ], [ -83.134792, 42.438501 ], [ -83.134829, 42.438568 ], [ -83.134882, 42.438644 ], [ -83.134956, 42.438732 ], [ -83.135148, 42.438913 ], [ -83.135206, 42.438982 ] ] ] } },
{ "type": "Feature", "properties": { "GEOID": "261635010002", "NAME": "15000US261635010002", "population": 1530, "acs_year": "2020-2024", "ALAND": 497593, "AWATER": 0, "walk_minutes": 10.986932766027159, "access_bin": "<= 15 min", "within_15": true, "tract": "26163501000" }, "geometry": { "type": "Polygon", "coordinates": [ [ [ -82.963044, 42.421356 ], [ -82.962444, 42.422158 ], [ -82.961852, 42.422949 ], [ -82.961227, 42.423786 ], [ -82.960496, 42.424759 ], [ -82.959439, 42.424329 ], [ -82.958397, 42.423899 ], [ -82.957357, 42.42347 ], [ -82.956362, 42.423058 ], [ -82.955355, 42.42264 ], [ -82.954302, 42.422205 ], [ -82.953224, 42.421762 ], [ -82.952153, 42.421319 ], [ -82.951101, 42.420886 ], [ -82.95007, 42.42046 ], [ -82.949022, 42.420032 ], [ -82.949391, 42.419624 ], [ -82.950407, 42.418274 ], [ -82.951793, 42.41641 ], [ -82.952274, 42.41661 ], [ -82.95281, 42.416832 ], [ -82.953228, 42.417005 ], [ -82.95384, 42.417259 ], [ -82.954344, 42.417468 ], [ -82.954869, 42.417685 ], [ -82.955477, 42.417937 ], [ -82.955897, 42.41811 ], [ -82.95646, 42.418343 ], [ -82.957025, 42.418576 ], [ -82.95748, 42.418765 ], [ -82.95804, 42.418996 ], [ -82.959054, 42.419417 ], [ -82.96007, 42.419838 ], [ -82.961121, 42.420274 ], [ -82.962157, 42.420702 ], [ -82.962416, 42.420801 ], [ -82.962584, 42.420855 ], [ -82.962707, 42.420883 ], [ -82.962823, 42.42088 ], [ -82.963035, 42.420858 ], [ -82.963458, 42.420815 ], [ -82.963044, 42.421356 ] ] ] } },
{ "type": "Feature", "properties": { "GEOID": "261635011003", "NAME": "15000US261635011003", "population": 306, "acs_year": "2020-2024", "ALAND": 324022, "AWATER": 0, "walk_minutes": 20.691601106653415, "access_bin": "> 20 min", "within_15": false, "tract": "26163501100" }, "geometry": { "type": "Polygon", "coordinates": [ [ [ -82.964776, 42.414802 ], [ -82.964645, 42.41479 ], [ -82.963889, 42.414479 ], [ -82.961678, 42.413558 ], [ -82.961453, 42.413457 ], [ -82.961357, 42.413413 ], [ -82.961272, 42.413348 ], [ -82.961214, 42.413285 ], [ -82.961153, 42.413176 ], [ -82.961125, 42.413096 ], [ -82.961109, 42.412998 ], [ -82.961111, 42.412908 ], [ -82.961093, 42.4125 ], [ -82.961006, 42.410486 ], [ -82.960925, 42.408677 ], [ -82.960833, 42.406632 ], [ -82.96082, 42.406301 ], [ -82.960798, 42.40623 ], [ -82.960548, 42.405854 ], [ -82.96031, 42.405502 ], [ -82.960252, 42.405423 ], [ -82.960168, 42.405309 ], [ -82.960054, 42.405133 ], [ -82.960329, 42.405048 ], [ -82.963062, 42.404204 ], [ -82.963611, 42.404031 ], [ -82.964298, 42.403822 ], [ -82.964403, 42.403979 ], [ -82.964457, 42.404077 ], [ -82.964538, 42.404223 ], [ -82.96455, 42.404254 ], [ -82.964579, 42.404347 ], [ -82.964592, 42.404424 ], [ -82.964596, 42.404501 ], [ -82.964589, 42.404663 ], [ -82.964333, 42.404738 ], [ -82.96437, 42.405587 ], [ -82.964384, 42.405917 ], [ -82.964404, 42.406375 ], [ -82.964431, 42.406995 ], [ -82.964467, 42.407798 ], [ -82.964502, 42.408588 ], [ -82.964536, 42.409368 ], [ -82.96458, 42.410386 ], [ -82.964616, 42.411183 ], [ -82.964652, 42.41199 ], [ -82.964688, 42.412798 ], [ -82.964711, 42.413347 ], [ -82.964723, 42.413602 ], [ -82.964767, 42.414586 ], [ -82.964776, 42.414802 ] ] ] } },
{ "type": "Feature", "properties": { "GEOID": "261635224001", "NAME": "15000US261635224001", "population": 950, "acs_year": "2020-2024", "ALAND": 961473, "AWATER": 0, "walk_minutes": 19.406774913320849, "access_bin": "<= 20 min", "within_15": false, "tract": "26163522400" }, "geometry": { "type": "Polygon", "coordinates": [ [ [ -83.091027, 42.363609 ], [ -83.090702, 42.363731 ], [ -83.090204, 42.363965 ], [ -83.089802, 42.36418 ], [ -83.08874, 42.364583 ], [ -83.087687, 42.364981 ], [ -83.086601, 42.36539 ], [ -83.085483, 42.36581 ], [ -83.084571, 42.366152 ], [ -83.083259, 42.366647 ], [ -83.082583, 42.366903 ], [ -83.082276, 42.367019 ], [ -83.082003, 42.367121 ], [ -83.081802, 42.367197 ], [ -83.081678, 42.367026 ], [ -83.081315, 42.366522 ], [ -83.080896, 42.365982 ], [ -83.080175, 42.365059 ], [ -83.079589, 42.364294 ], [ -83.079535, 42.364214 ], [ -83.079376, 42.363985 ], [ -83.077848, 42.361878 ], [ -83.077655, 42.361629 ], [ -83.077482, 42.361397 ], [ -83.076708, 42.360178 ], [ -83.076394, 42.359677 ], [ -83.076286, 42.359493 ], [ -83.076031, 42.35906 ], [ -83.076514, 42.358757 ], [ -83.07729, 42.358271 ], [ -83.078246, 42.35767 ], [ -83.078779, 42.357334 ], [ -83.078916, 42.357255 ], [ -83.079395, 42.356951 ], [ -83.080993, 42.356037 ], [ -83.081307, 42.355882 ], [ -83.081947, 42.355589 ], [ -83.08248, 42.355375 ], [ -83.082809, 42.355253 ], [ -83.083016, 42.355181 ], [ -83.083141, 42.355137 ], [ -83.08359, 42.354991 ], [ -83.084091, 42.354819 ], [ -83.084276, 42.354759 ], [ -83.084499, 42.354687 ], [ -83.084782, 42.3546 ], [ -83.085116, 42.354498 ], [ -83.085186, 42.354623 ], [ -83.085361, 42.354933 ], [ -83.085694, 42.35551 ], [ -83.085859, 42.3558 ], [ -83.086384, 42.356726 ], [ -83.087104, 42.357998 ], [ -83.087822, 42.359264 ], [ -83.088095, 42.359755 ], [ -83.088662, 42.360489 ], [ -83.088866, 42.360756 ], [ -83.090192, 42.362482 ], [ -83.090936, 42.363467 ], [ -83.091027, 42.363609 ] ] ] } },
{ "type": "Feature", "properties": { "GEOID": "261635167001", "NAME": "15000US261635167001", "population": 752, "acs_year": "2020-2024", "ALAND": 223262, "AWATER": 0, "walk_minutes": 9.2306667361299048, "access_bin": "<= 10 min", "within_15": true, "tract": "26163516700" }, "geometry": { "type": "Polygon", "coordinates": [ [ [ -83.026543, 42.34408 ], [ -83.026539, 42.344169 ], [ -83.026525, 42.344258 ], [ -83.026504, 42.344345 ], [ -83.026446, 42.344493 ], [ -83.026286, 42.344801 ], [ -83.026139, 42.345086 ], [ -83.025942, 42.345026 ], [ -83.025715, 42.344981 ], [ -83.025584, 42.344962 ], [ -83.025446, 42.344977 ], [ -83.025296, 42.345019 ], [ -83.024507, 42.345338 ], [ -83.022996, 42.345968 ], [ -83.022802, 42.346049 ], [ -83.022664, 42.346108 ], [ -83.021406, 42.346667 ], [ -83.021186, 42.346748 ], [ -83.02114, 42.346758 ], [ -83.020995, 42.346792 ], [ -83.020822, 42.346804 ], [ -83.020495, 42.346783 ], [ -83.020309, 42.346725 ], [ -83.020146, 42.346633 ], [ -83.020025, 42.346527 ], [ -83.019906, 42.34639 ], [ -83.019226, 42.34539 ], [ -83.018739, 42.344647 ], [ -83.018579, 42.344392 ], [ -83.018466, 42.34417 ], [ -83.019994, 42.343512 ], [ -83.024763, 42.341458 ], [ -83.024947, 42.341379 ], [ -83.02598, 42.342942 ], [ -83.026405, 42.34359 ], [ -83.026462, 42.343701 ], [ -83.026504, 42.343815 ], [ -83.026526, 42.343903 ], [ -83.026539, 42.343991 ], [ -83.026543, 42.34408 ] ] ] } },
{ "type": "Feature", "properties": { "GEOID": "261635170001", "NAME": "15000US261635170001", "population": 2173, "acs_year": "2020-2024", "ALAND": 195285, "AWATER": 0, "walk_minutes": 7.8593539411677042, "access_bin": "<= 10 min", "within_15": true, "tract": "26163517000" }, "geometry": { "type": "Polygon", "coordinates": [ [ [ -83.037674, 42.342391 ], [ -83.037599, 42.342711 ], [ -83.037542, 42.3429 ], [ -83.037477, 42.343089 ], [ -83.037462, 42.343127 ], [ -83.037395, 42.343294 ], [ -83.037224, 42.343683 ], [ -83.037113, 42.343884 ], [ -83.037036, 42.344002 ], [ -83.036945, 42.344124 ], [ -83.036869, 42.344213 ], [ -83.036787, 42.344299 ], [ -83.036697, 42.34438 ], [ -83.036601, 42.344457 ], [ -83.036499, 42.34453 ], [ -83.036391, 42.344597 ], [ -83.036198, 42.344699 ], [ -83.035699, 42.344925 ], [ -83.034976, 42.345258 ], [ -83.034732, 42.345362 ], [ -83.034296, 42.344666 ], [ -83.032951, 42.34269 ], [ -83.032883, 42.34259 ], [ -83.031874, 42.341197 ], [ -83.031572, 42.340682 ], [ -83.031038, 42.33994 ], [ -83.030395, 42.339035 ], [ -83.0306, 42.338947 ], [ -83.030742, 42.338886 ], [ -83.032877, 42.337966 ], [ -83.035023, 42.340911 ], [ -83.036218, 42.342965 ], [ -83.037677, 42.342286 ], [ -83.037674, 42.342391 ] ] ] } },
{ "type": "Feature", "properties": { "GEOID": "261635172002", "NAME": "15000US261635172002", "population": 623, "acs_year": "2020-2024", "ALAND": 919650, "AWATER": 447536, "walk_minutes": 8.1077341828038882, "access_bin": "<= 10 min", "within_15": true, "tract": "26163517200" }, "geometry": { "type": "Polygon", "coordinates": [ [ [ -83.04731, 42.333126 ], [ -83.046739, 42.333414 ], [ -83.04663, 42.333506 ], [ -83.046198, 42.333969 ], [ -83.046127, 42.334044 ], [ -83.045921, 42.334318 ], [ -83.045695, 42.334609 ], [ -83.045636, 42.334691 ], [ -83.045534, 42.334673 ], [ -83.045349, 42.33468 ], [ -83.045161, 42.334706 ], [ -83.045055, 42.334733 ], [ -83.044171, 42.335118 ], [ -83.04305, 42.3356 ], [ -83.042029, 42.336037 ], [ -83.041591, 42.336225 ], [ -83.041443, 42.336292 ], [ -83.041079, 42.336456 ], [ -83.039423, 42.337171 ], [ -83.039068, 42.337306 ], [ -83.038844, 42.337378 ], [ -83.038403, 42.336704 ], [ -83.03783, 42.335795 ], [ -83.037738, 42.335675 ], [ -83.037675, 42.335577 ], [ -83.03626, 42.333491 ], [ -83.036163, 42.333346 ], [ -83.036021, 42.333137 ], [ -83.035977, 42.333053 ], [ -83.035941, 42.332966 ], [ -83.035914, 42.332877 ], [ -83.035895, 42.332788 ], [ -83.035886, 42.332713 ], [ -83.03589, 42.332592 ], [ -83.035413, 42.332789 ], [ -83.034697, 42.33305 ], [ -83.034173, 42.333287 ], [ -83.034113, 42.333142 ], [ -83.033733, 42.332566 ], [ -83.033319, 42.331938 ], [ -83.033129, 42.331652 ], [ -83.032994, 42.331452 ], [ -83.032814, 42.331186 ], [ -83.032736, 42.33107 ], [ -83.032224, 42.331245 ], [ -83.030131, 42.331963 ], [ -83.029158, 42.332305 ], [ -83.027558, 42.332863 ], [ -83.026761, 42.333142 ], [ -83.026617, 42.333193 ], [ -83.026461, 42.333096 ], [ -83.02642, 42.332991 ], [ -83.026282, 42.332403 ], [ -83.025743, 42.331849 ], [ -83.024034, 42.32943 ], [ -83.026234, 42.32891 ], [ -83.039153, 42.324771 ], [ -83.039507, 42.324603 ], [ -83.04058, 42.324093 ], [ -83.040843, 42.324017 ], [ -83.040894, 42.324088 ], [ -83.04135, 42.324681 ], [ -83.042826, 42.326671 ], [ -83.042708, 42.326707 ], [ -83.043038, 42.327074 ], [ -83.043878, 42.32793 ], [ -83.043878, 42.328097 ], [ -83.044307, 42.328572 ], [ -83.04437, 42.328648 ], [ -83.044533, 42.328857 ], [ -83.045044, 42.32951 ], [ -83.045642, 42.330277 ], [ -83.046214, 42.331048 ], [ -83.04622, 42.331392 ], [ -83.046226, 42.331724 ], [ -83.046244, 42.332055 ], [ -83.046349, 42.332147 ], [ -83.046539, 42.33219 ], [ -83.04676, 42.332197 ], [ -83.046871, 42.332184 ], [ -83.04708, 42.332117 ], [ -83.047844, 42.332927 ], [ -83.04731, 42.333126 ] ] ] } },
{ "type": "Feature", "properties": { "GEOID": "261635173002", "NAME": "15000US261635173002", "population": 1334, "acs_year": "2020-2024", "ALAND": 374096, "AWATER": 0, "walk_minutes": 7.4772541346224655, "access_bin": "<= 10 min", "within_15": true, "tract": "26163517300" }, "geometry": { "type": "Polygon", "coordinates": [ [ [ -83.057543, 42.347548 ], [ -83.057171, 42.347715 ], [ -83.055861, 42.348267 ], [ -83.054578, 42.348829 ], [ -83.053757, 42.349167 ], [ -83.053605, 42.34923 ], [ -83.053558, 42.349185 ], [ -83.053082, 42.348468 ], [ -83.053002, 42.348348 ], [ -83.052631, 42.347788 ], [ -83.052422, 42.347473 ], [ -83.052224, 42.347174 ], [ -83.051825, 42.346563 ], [ -83.051406, 42.345941 ], [ -83.05117, 42.345585 ], [ -83.050904, 42.345184 ], [ -83.050495, 42.344566 ], [ -83.050112, 42.343998 ], [ -83.049818, 42.343538 ], [ -83.049325, 42.342798 ], [ -83.049143, 42.342525 ], [ -83.048936, 42.342215 ], [ -83.048837, 42.342065 ], [ -83.048767, 42.341959 ], [ -83.048682, 42.341831 ], [ -83.049649, 42.341356 ], [ -83.050423, 42.341023 ], [ -83.050557, 42.340966 ], [ -83.051466, 42.340602 ], [ -83.05291, 42.339986 ], [ -83.05303, 42.340151 ], [ -83.053218, 42.340429 ], [ -83.053407, 42.340708 ], [ -83.053933, 42.341487 ], [ -83.05409, 42.341721 ], [ -83.054455, 42.34227 ], [ -83.054771, 42.342741 ], [ -83.055153, 42.343311 ], [ -83.055453, 42.343759 ], [ -83.055845, 42.344346 ], [ -83.056157, 42.344813 ], [ -83.056557, 42.34541 ], [ -83.056706, 42.345633 ], [ -83.05727, 42.346475 ], [ -83.057877, 42.347381 ], [ -83.057543, 42.347548 ] ] ] } },
{ "type": "Feature", "properties": { "GEOID": "261635202002", "NAME": "15000US261635202002", "population": 1851, "acs_year": "2020-2024", "ALAND": 585883, "AWATER": 0, "walk_minutes": 11.882453568277011, "access_bin": "<= 15 min", "within_15": true, "tract": "26163520200" }, "geometry": { "type": "Polygon", "coordinates": [ [ [ -83.076031, 42.35906 ], [ -83.075321, 42.359504 ], [ -83.075033, 42.359684 ], [ -83.074295, 42.360163 ], [ -83.073293, 42.360893 ], [ -83.073044, 42.361074 ], [ -83.072441, 42.361483 ], [ -83.07219, 42.361652 ], [ -83.070496, 42.362708 ], [ -83.070353, 42.362797 ], [ -83.070143, 42.36292 ], [ -83.068815, 42.363601 ], [ -83.068704, 42.363445 ], [ -83.068475, 42.363127 ], [ -83.068367, 42.362977 ], [ -83.067801, 42.362124 ], [ -83.067378, 42.361463 ], [ -83.0671, 42.361031 ], [ -83.066417, 42.359993 ], [ -83.066285, 42.359794 ], [ -83.065322, 42.358383 ], [ -83.065094, 42.358051 ], [ -83.06501, 42.357939 ], [ -83.064858, 42.35773 ], [ -83.064798, 42.357639 ], [ -83.06462, 42.357365 ], [ -83.064385, 42.356958 ], [ -83.064287, 42.356785 ], [ -83.064656, 42.35669 ], [ -83.065082, 42.356548 ], [ -83.065279, 42.356455 ], [ -83.066381, 42.356 ], [ -83.066616, 42.355914 ], [ -83.066857, 42.355826 ], [ -83.068869, 42.355188 ], [ -83.070507, 42.354676 ], [ -83.071077, 42.354497 ], [ -83.071311, 42.354423 ], [ -83.072001, 42.354204 ], [ -83.073003, 42.353896 ], [ -83.073096, 42.354055 ], [ -83.073476, 42.353928 ], [ -83.074207, 42.355244 ], [ -83.074443, 42.355727 ], [ -83.074548, 42.355978 ], [ -83.074784, 42.356765 ], [ -83.074885, 42.356991 ], [ -83.075155, 42.35755 ], [ -83.075299, 42.357821 ], [ -83.075664, 42.358436 ], [ -83.076031, 42.35906 ] ] ] } },
{ "type": "Feature", "properties": { "GEOID": "261635218001", "NAME": "15000US261635218001", "population": 1865, "acs_year": "2020-2024", "ALAND": 226393, "AWATER": 0, "walk_minutes": 12.279866446484201, "access_bin": "<= 15 min", "within_15": true, "tract": "26163521800" }, "geometry": { "type": "Polygon", "coordinates": [ [ [ -83.074668, 42.348629 ], [ -83.07418, 42.348781 ], [ -83.073178, 42.349097 ], [ -83.071569, 42.349608 ], [ -83.071274, 42.349717 ], [ -83.071207, 42.349742 ], [ -83.071052, 42.3498 ], [ -83.071021, 42.349745 ], [ -83.07083, 42.349353 ], [ -83.069808, 42.347254 ], [ -83.069476, 42.346573 ], [ -83.069371, 42.34634 ], [ -83.06919, 42.345922 ], [ -83.068078, 42.34336 ], [ -83.068243, 42.343311 ], [ -83.068503, 42.343229 ], [ -83.069537, 42.342902 ], [ -83.069601, 42.342882 ], [ -83.070275, 42.342669 ], [ -83.0711, 42.342409 ], [ -83.071572, 42.343232 ], [ -83.071925, 42.343842 ], [ -83.072477, 42.344798 ], [ -83.072535, 42.344889 ], [ -83.073062, 42.345794 ], [ -83.073286, 42.346166 ], [ -83.073369, 42.346314 ], [ -83.073396, 42.346432 ], [ -83.073544, 42.346696 ], [ -83.073803, 42.347138 ], [ -83.074233, 42.347878 ], [ -83.074668, 42.348629 ] ] ] } },
{ "type": "Feature", "properties": { "GEOID": "261635258001", "NAME": "15000US261635258001", "population": 237, "acs_year": "2020-2024", "ALAND": 238484, "AWATER": 0, "walk_minutes": 9.2219277290505222, "access_bin": "<= 10 min", "within_15": true, "tract": "26163525800" }, "geometry": { "type": "Polygon", "coordinates": [ [ [ -83.138219, 42.332357 ], [ -83.137478, 42.332541 ], [ -83.136798, 42.332722 ], [ -83.136347, 42.332855 ], [ -83.135564, 42.33311 ], [ -83.135006, 42.333304 ], [ -83.134221, 42.333606 ], [ -83.133893, 42.333738 ], [ -83.1323, 42.334378 ], [ -83.131822, 42.334565 ], [ -83.13031, 42.335154 ], [ -83.129945, 42.334675 ], [ -83.129338, 42.33389 ], [ -83.12922, 42.333737 ], [ -83.128643, 42.332975 ], [ -83.127997, 42.33213 ], [ -83.127417, 42.331372 ], [ -83.127365, 42.331303 ], [ -83.127373, 42.331147 ], [ -83.128864, 42.331131 ], [ -83.129443, 42.331122 ], [ -83.130327, 42.331111 ], [ -83.130779, 42.331107 ], [ -83.131896, 42.331111 ], [ -83.132875, 42.3311 ], [ -83.133284, 42.331097 ], [ -83.133978, 42.331091 ], [ -83.134439, 42.331093 ], [ -83.135158, 42.331099 ], [ -83.135533, 42.331096 ], [ -83.136378, 42.33109 ], [ -83.136566, 42.331091 ], [ -83.13732, 42.331096 ], [ -83.137597, 42.331102 ], [ -83.137621, 42.331225 ], [ -83.138218, 42.332049 ], [ -83.138412, 42.332315 ], [ -83.138219, 42.332357 ] ] ] } },
{ "type": "Feature", "properties": { "GEOID": "261635343001", "NAME": "15000US261635343001", "population": 1086, "acs_year": "2020-2024", "ALAND": 763641, "AWATER": 0, "walk_minutes": 14.5531726399572, "access_bin": "<= 15 min", "within_15": true, "tract": "26163534300" }, "geometry": { "type": "Polygon", "coordinates": [ [ [ -83.168452, 42.380491 ], [ -83.168198, 42.380497 ], [ -83.166241, 42.379719 ], [ -83.165425, 42.37939 ], [ -83.164236, 42.378909 ], [ -83.163557, 42.378638 ], [ -83.163017, 42.378421 ], [ -83.162068, 42.378039 ], [ -83.160851, 42.377549 ], [ -83.159796, 42.377124 ], [ -83.158688, 42.376678 ], [ -83.15763, 42.376253 ], [ -83.156663, 42.375863 ], [ -83.156518, 42.375805 ], [ -83.155669, 42.375462 ], [ -83.155401, 42.375354 ], [ -83.154661, 42.375056 ], [ -83.154308, 42.374914 ], [ -83.1537, 42.374669 ], [ -83.152638, 42.374241 ], [ -83.1524, 42.374145 ], [ -83.151531, 42.373792 ], [ -83.151142, 42.373635 ], [ -83.151578, 42.373632 ], [ -83.152015, 42.37363 ], [ -83.152744, 42.373618 ], [ -83.154257, 42.37359 ], [ -83.155341, 42.373569 ], [ -83.156426, 42.373549 ], [ -83.157503, 42.373527 ], [ -83.157811, 42.373521 ], [ -83.158569, 42.373505 ], [ -83.158534, 42.372748 ], [ -83.158513, 42.372349 ], [ -83.158496, 42.372018 ], [ -83.158464, 42.371392 ], [ -83.158459, 42.37129 ], [ -83.161843, 42.371201 ], [ -83.164482, 42.371133 ], [ -83.165682, 42.371103 ], [ -83.166892, 42.371071 ], [ -83.167538, 42.371054 ], [ -83.168085, 42.371041 ], [ -83.168155, 42.37323 ], [ -83.16824, 42.375588 ], [ -83.168309, 42.377495 ], [ -83.168362, 42.379071 ], [ -83.168386, 42.379665 ], [ -83.16839, 42.379748 ], [ -83.168392, 42.37982 ], [ -83.168452, 42.380491 ] ] ] } },
{ "type": "Feature", "properties": { "GEOID": "261635344002", "NAME": "15000US261635344002", "population": 725, "acs_year": "2020-2024", "ALAND": 477837, "AWATER": 0, "walk_minutes": 18.219130466311849, "access_bin": "<= 20 min", "within_15": false, "tract": "26163534400" }, "geometry": { "type": "Polygon", "coordinates": [ [ [ -83.158569, 42.373505 ], [ -83.157811, 42.373521 ], [ -83.157503, 42.373527 ], [ -83.156426, 42.373549 ], [ -83.155341, 42.373569 ], [ -83.154257, 42.37359 ], [ -83.152744, 42.373618 ], [ -83.152015, 42.37363 ], [ -83.151578, 42.373632 ], [ -83.151142, 42.373635 ], [ -83.15095, 42.373559 ], [ -83.15072, 42.373468 ], [ -83.150715, 42.373341 ], [ -83.150782, 42.372989 ], [ -83.1508, 42.372936 ], [ -83.151143, 42.372094 ], [ -83.151396, 42.371468 ], [ -83.151426, 42.371367 ], [ -83.151454, 42.371231 ], [ -83.151464, 42.371129 ], [ -83.151465, 42.371025 ], [ -83.151429, 42.370244 ], [ -83.151404, 42.369702 ], [ -83.151397, 42.36951 ], [ -83.151318, 42.36779 ], [ -83.151323, 42.3677 ], [ -83.151277, 42.367359 ], [ -83.151228, 42.366698 ], [ -83.15122, 42.366316 ], [ -83.152226, 42.366311 ], [ -83.152486, 42.366306 ], [ -83.152869, 42.366298 ], [ -83.153313, 42.366289 ], [ -83.153952, 42.366278 ], [ -83.155797, 42.366243 ], [ -83.156962, 42.366219 ], [ -83.158209, 42.366194 ], [ -83.158243, 42.366936 ], [ -83.158279, 42.367642 ], [ -83.158316, 42.368389 ], [ -83.158352, 42.369101 ], [ -83.158362, 42.369305 ], [ -83.158388, 42.369829 ], [ -83.158413, 42.370349 ], [ -83.158422, 42.370557 ], [ -83.158459, 42.37129 ], [ -83.158464, 42.371392 ], [ -83.158496, 42.372018 ], [ -83.158513, 42.372349 ], [ -83.158534, 42.372748 ], [ -83.158569, 42.373505 ] ] ] } },
{ "type": "Feature", "properties": { "GEOID": "261635344001", "NAME": "15000US261635344001", "population": 1175, "acs_year": "2020-2024", "ALAND": 448932, "AWATER": 0, "walk_minutes": 22.018111081810211, "access_bin": "> 20 min", "within_15": false, "tract": "26163534400" }, "geometry": { "type": "Polygon", "coordinates": [ [ [ -83.168085, 42.371041 ], [ -83.167538, 42.371054 ], [ -83.166892, 42.371071 ], [ -83.165682, 42.371103 ], [ -83.164482, 42.371133 ], [ -83.161843, 42.371201 ], [ -83.158459, 42.37129 ], [ -83.158422, 42.370557 ], [ -83.158413, 42.370349 ], [ -83.158388, 42.369829 ], [ -83.158362, 42.369305 ], [ -83.158352, 42.369101 ], [ -83.158316, 42.368389 ], [ -83.158279, 42.367642 ], [ -83.158243, 42.366936 ], [ -83.158209, 42.366194 ], [ -83.161582, 42.366127 ], [ -83.163064, 42.366097 ], [ -83.164324, 42.366071 ], [ -83.165525, 42.366047 ], [ -83.166735, 42.366023 ], [ -83.167374, 42.366009 ], [ -83.167928, 42.365998 ], [ -83.168015, 42.368853 ], [ -83.168079, 42.370831 ], [ -83.168085, 42.371041 ] ] ] } },
{ "type": "Feature", "properties": { "GEOID": "261635350002", "NAME": "15000US261635350002", "population": 771, "acs_year": "2020-2024", "ALAND": 324644, "AWATER": 0, "walk_minutes": 26.869069142416471, "access_bin": "> 20 min", "within_15": false, "tract": "26163535000" }, "geometry": { "type": "Polygon", "coordinates": [ [ [ -83.177724, 42.365793 ], [ -83.1765, 42.365817 ], [ -83.175281, 42.365844 ], [ -83.174047, 42.36587 ], [ -83.172814, 42.365896 ], [ -83.172824, 42.365815 ], [ -83.17276, 42.363714 ], [ -83.172678, 42.360909 ], [ -83.172609, 42.358721 ], [ -83.172626, 42.358643 ], [ -83.173801, 42.35862 ], [ -83.175049, 42.358596 ], [ -83.17629, 42.358573 ], [ -83.177496, 42.358547 ], [ -83.177653, 42.363587 ], [ -83.177724, 42.365793 ] ] ] } },
{ "type": "Feature", "properties": { "GEOID": "261635303001", "NAME": "15000US261635303001", "population": 756, "acs_year": "2020-2024", "ALAND": 870668, "AWATER": 0, "walk_minutes": 14.041172344274752, "access_bin": "<= 15 min", "within_15": true, "tract": "26163530300" }, "geometry": { "type": "Polygon", "coordinates": [ [ [ -83.140255, 42.402664 ], [ -83.139934, 42.402668 ], [ -83.139138, 42.402688 ], [ -83.137967, 42.402716 ], [ -83.136799, 42.402742 ], [ -83.135583, 42.40277 ], [ -83.134357, 42.4028 ], [ -83.133378, 42.40282 ], [ -83.133232, 42.402824 ], [ -83.132348, 42.402847 ], [ -83.132089, 42.402853 ], [ -83.131364, 42.402869 ], [ -83.130913, 42.40288 ], [ -83.130381, 42.402891 ], [ -83.129388, 42.402912 ], [ -83.128409, 42.40293 ], [ -83.12756, 42.402946 ], [ -83.127248, 42.402951 ], [ -83.126811, 42.402959 ], [ -83.126794, 42.402468 ], [ -83.126681, 42.399958 ], [ -83.126558, 42.399772 ], [ -83.126488, 42.399667 ], [ -83.126393, 42.399523 ], [ -83.125753, 42.398567 ], [ -83.128472, 42.397561 ], [ -83.131174, 42.396562 ], [ -83.134401, 42.39537 ], [ -83.137023, 42.394381 ], [ -83.139846, 42.393312 ], [ -83.139867, 42.393773 ], [ -83.139899, 42.394507 ], [ -83.139909, 42.39475 ], [ -83.139938, 42.395418 ], [ -83.140054, 42.398117 ], [ -83.140081, 42.398759 ], [ -83.14015, 42.400327 ], [ -83.140149, 42.40039 ], [ -83.14016, 42.400558 ], [ -83.14019, 42.401194 ], [ -83.140222, 42.401917 ], [ -83.140255, 42.402664 ] ] ] } },
{ "type": "Feature", "properties": { "GEOID": "261635309002", "NAME": "15000US261635309002", "population": 320, "acs_year": "2020-2024", "ALAND": 334478, "AWATER": 0, "walk_minutes": 6.5638621180875028, "access_bin": "<= 10 min", "within_15": true, "tract": "26163530900" }, "geometry": { "type": "Polygon", "coordinates": [ [ [ -83.131009, 42.381929 ], [ -83.129334, 42.382562 ], [ -83.127096, 42.383404 ], [ -83.126905, 42.383472 ], [ -83.126803, 42.383542 ], [ -83.126743, 42.383604 ], [ -83.126313, 42.382966 ], [ -83.126225, 42.382837 ], [ -83.125869, 42.382309 ], [ -83.125675, 42.382022 ], [ -83.125425, 42.381651 ], [ -83.125108, 42.381181 ], [ -83.124986, 42.381001 ], [ -83.124534, 42.380333 ], [ -83.124074, 42.379652 ], [ -83.123995, 42.379534 ], [ -83.123618, 42.378977 ], [ -83.123448, 42.378725 ], [ -83.123165, 42.378307 ], [ -83.122897, 42.37791 ], [ -83.12271, 42.377633 ], [ -83.122348, 42.377097 ], [ -83.122254, 42.37696 ], [ -83.124446, 42.376134 ], [ -83.124883, 42.37597 ], [ -83.12578, 42.375628 ], [ -83.126685, 42.375288 ], [ -83.127139, 42.375959 ], [ -83.127594, 42.376633 ], [ -83.128036, 42.377306 ], [ -83.128485, 42.377979 ], [ -83.128936, 42.378651 ], [ -83.12939, 42.379325 ], [ -83.129833, 42.379984 ], [ -83.130277, 42.38064 ], [ -83.130719, 42.381296 ], [ -83.130905, 42.381569 ], [ -83.131195, 42.381864 ], [ -83.131009, 42.381929 ] ] ] } },
{ "type": "Feature", "properties": { "GEOID": "261635309001", "NAME": "15000US261635309001", "population": 628, "acs_year": "2020-2024", "ALAND": 284388, "AWATER": 0, "walk_minutes": 10.282776641429745, "access_bin": "<= 15 min", "within_15": true, "tract": "26163530900" }, "geometry": { "type": "Polygon", "coordinates": [ [ [ -83.1338, 42.380878 ], [ -83.13137, 42.381802 ], [ -83.131195, 42.381864 ], [ -83.130905, 42.381569 ], [ -83.130719, 42.381296 ], [ -83.130277, 42.38064 ], [ -83.129833, 42.379984 ], [ -83.12939, 42.379325 ], [ -83.128936, 42.378651 ], [ -83.128485, 42.377979 ], [ -83.128036, 42.377306 ], [ -83.127594, 42.376633 ], [ -83.127139, 42.375959 ], [ -83.126685, 42.375288 ], [ -83.127999, 42.374791 ], [ -83.128167, 42.374745 ], [ -83.128436, 42.3747 ], [ -83.128542, 42.374676 ], [ -83.12868, 42.374634 ], [ -83.129394, 42.374371 ], [ -83.13051, 42.373957 ], [ -83.131407, 42.37528 ], [ -83.131637, 42.375607 ], [ -83.131817, 42.375876 ], [ -83.133152, 42.377853 ], [ -83.134917, 42.380454 ], [ -83.1338, 42.380878 ] ] ] } },
{ "type": "Feature", "properties": { "GEOID": "261635405001", "NAME": "15000US261635405001", "population": 1111, "acs_year": "2020-2024", "ALAND": 690828, "AWATER": 1895, "walk_minutes": 7.6108849279074455, "access_bin": "<= 10 min", "within_15": true, "tract": "26163540500" }, "geometry": { "type": "Polygon", "coordinates": [ [ [ -83.229449, 42.422569 ], [ -83.228269, 42.422595 ], [ -83.227184, 42.422615 ], [ -83.226103, 42.422641 ], [ -83.225001, 42.422661 ], [ -83.223909, 42.422685 ], [ -83.222621, 42.422708 ], [ -83.221365, 42.422734 ], [ -83.220211, 42.422758 ], [ -83.219403, 42.422775 ], [ -83.219144, 42.422781 ], [ -83.219047, 42.422783 ], [ -83.218958, 42.422785 ], [ -83.218827, 42.419267 ], [ -83.21882, 42.419073 ], [ -83.21875, 42.417433 ], [ -83.218717, 42.416104 ], [ -83.218712, 42.415553 ], [ -83.218895, 42.415548 ], [ -83.219023, 42.415544 ], [ -83.219226, 42.415538 ], [ -83.219345, 42.415535 ], [ -83.219669, 42.415541 ], [ -83.219976, 42.415539 ], [ -83.220079, 42.415533 ], [ -83.220261, 42.415523 ], [ -83.221438, 42.415501 ], [ -83.222807, 42.415473 ], [ -83.224344, 42.415444 ], [ -83.225527, 42.415421 ], [ -83.226728, 42.415393 ], [ -83.227936, 42.415372 ], [ -83.229214, 42.415347 ], [ -83.229169, 42.415473 ], [ -83.229296, 42.418846 ], [ -83.229304, 42.419045 ], [ -83.229435, 42.422506 ], [ -83.229449, 42.422569 ] ] ] } },
{ "type": "Feature", "properties": { "GEOID": "261635431001", "NAME": "15000US261635431001", "population": 723, "acs_year": "2020-2024", "ALAND": 514438, "AWATER": 0, "walk_minutes": 17.096805817737526, "access_bin": "<= 20 min", "within_15": false, "tract": "26163543100" }, "geometry": { "type": "Polygon", "coordinates": [ [ [ -83.229253, 42.415222 ], [ -83.229214, 42.415347 ], [ -83.227936, 42.415372 ], [ -83.226728, 42.415393 ], [ -83.225527, 42.415421 ], [ -83.224344, 42.415444 ], [ -83.222807, 42.415473 ], [ -83.221438, 42.415501 ], [ -83.220261, 42.415523 ], [ -83.220079, 42.415533 ], [ -83.219976, 42.415539 ], [ -83.219669, 42.415541 ], [ -83.219345, 42.415535 ], [ -83.219226, 42.415538 ], [ -83.219023, 42.415544 ], [ -83.218895, 42.415548 ], [ -83.218712, 42.415553 ], [ -83.218726, 42.413758 ], [ -83.218727, 42.413531 ], [ -83.218706, 42.411914 ], [ -83.218706, 42.411752 ], [ -83.218682, 42.410875 ], [ -83.218637, 42.410122 ], [ -83.218822, 42.410117 ], [ -83.219106, 42.410118 ], [ -83.219529, 42.410112 ], [ -83.219849, 42.410102 ], [ -83.221219, 42.410068 ], [ -83.222643, 42.410034 ], [ -83.223433, 42.410014 ], [ -83.223999, 42.410008 ], [ -83.225183, 42.409985 ], [ -83.226384, 42.40996 ], [ -83.227617, 42.409951 ], [ -83.228821, 42.409928 ], [ -83.228915, 42.411556 ], [ -83.228934, 42.411645 ], [ -83.228955, 42.411673 ], [ -83.229008, 42.411703 ], [ -83.229154, 42.413548 ], [ -83.229237, 42.414898 ], [ -83.229253, 42.415222 ] ] ] } },
{ "type": "Feature", "properties": { "GEOID": "261635426002", "NAME": "15000US261635426002", "population": 2063, "acs_year": "2020-2024", "ALAND": 616165, "AWATER": 0, "walk_minutes": 7.0801248035002837, "access_bin": "<= 10 min", "within_15": true, "tract": "26163542600" }, "geometry": { "type": "Polygon", "coordinates": [ [ [ -83.21755, 42.386712 ], [ -83.217216, 42.386716 ], [ -83.216819, 42.386724 ], [ -83.216259, 42.386736 ], [ -83.215025, 42.386733 ], [ -83.214564, 42.386741 ], [ -83.213822, 42.386755 ], [ -83.213227, 42.386766 ], [ -83.212608, 42.386777 ], [ -83.211892, 42.38679 ], [ -83.21139, 42.386799 ], [ -83.210561, 42.386815 ], [ -83.21017, 42.386822 ], [ -83.209279, 42.386839 ], [ -83.208965, 42.386845 ], [ -83.208875, 42.384619 ], [ -83.208778, 42.382189 ], [ -83.20868, 42.379859 ], [ -83.208674, 42.379746 ], [ -83.208669, 42.379635 ], [ -83.208663, 42.379511 ], [ -83.208656, 42.379377 ], [ -83.20865, 42.379246 ], [ -83.208642, 42.379093 ], [ -83.208637, 42.378986 ], [ -83.208751, 42.378981 ], [ -83.209399, 42.378936 ], [ -83.21044, 42.378884 ], [ -83.211159, 42.378859 ], [ -83.2115, 42.378855 ], [ -83.216733, 42.378803 ], [ -83.21687, 42.378802 ], [ -83.216931, 42.378803 ], [ -83.216951, 42.378951 ], [ -83.216963, 42.379047 ], [ -83.217013, 42.379456 ], [ -83.217039, 42.3797 ], [ -83.217286, 42.382046 ], [ -83.217352, 42.382672 ], [ -83.21738, 42.383019 ], [ -83.217409, 42.383676 ], [ -83.217428, 42.384036 ], [ -83.217445, 42.384361 ], [ -83.217503, 42.385455 ], [ -83.217508, 42.385732 ], [ -83.21755, 42.386712 ] ] ] } },
{ "type": "Feature", "properties": { "GEOID": "261635437002", "NAME": "15000US261635437002", "population": 1569, "acs_year": "2020-2024", "ALAND": 843778, "AWATER": 0, "walk_minutes": 29.914913003839487, "access_bin": "> 20 min", "within_15": false, "tract": "26163543700" }, "geometry": { "type": "Polygon", "coordinates": [ [ [ -83.246827, 42.393267 ], [ -83.245672, 42.393292 ], [ -83.244545, 42.393317 ], [ -83.243453, 42.393341 ], [ -83.242435, 42.393363 ], [ -83.241314, 42.393388 ], [ -83.240277, 42.39341 ], [ -83.239241, 42.393433 ], [ -83.238538, 42.393448 ], [ -83.238203, 42.393456 ], [ -83.237138, 42.393478 ], [ -83.237067, 42.391709 ], [ -83.237041, 42.391055 ], [ -83.236947, 42.388658 ], [ -83.236924, 42.388014 ], [ -83.236904, 42.387691 ], [ -83.236871, 42.386688 ], [ -83.236851, 42.386254 ], [ -83.236815, 42.38551 ], [ -83.236807, 42.384687 ], [ -83.236774, 42.383952 ], [ -83.236727, 42.382654 ], [ -83.236717, 42.382444 ], [ -83.236698, 42.38204 ], [ -83.23669, 42.381196 ], [ -83.236673, 42.380825 ], [ -83.23667, 42.380769 ], [ -83.236665, 42.380667 ], [ -83.236658, 42.380548 ], [ -83.236653, 42.380462 ], [ -83.236707, 42.380501 ], [ -83.236975, 42.380695 ], [ -83.237485, 42.381078 ], [ -83.237823, 42.38135 ], [ -83.238826, 42.382201 ], [ -83.23938, 42.382708 ], [ -83.240792, 42.383916 ], [ -83.241026, 42.384094 ], [ -83.24127, 42.384264 ], [ -83.241499, 42.384409 ], [ -83.241764, 42.384563 ], [ -83.242107, 42.384741 ], [ -83.242464, 42.384905 ], [ -83.242861, 42.385063 ], [ -83.243238, 42.385192 ], [ -83.243626, 42.385305 ], [ -83.244021, 42.385401 ], [ -83.244424, 42.38548 ], [ -83.244815, 42.385539 ], [ -83.245242, 42.385584 ], [ -83.245658, 42.38561 ], [ -83.246012, 42.385617 ], [ -83.246592, 42.38561 ], [ -83.246595, 42.385781 ], [ -83.246601, 42.386075 ], [ -83.246688, 42.388465 ], [ -83.246774, 42.39086 ], [ -83.24681, 42.391883 ], [ -83.246827, 42.393267 ] ] ] } },
{ "type": "Feature", "properties": { "GEOID": "261635219001", "NAME": "15000US261635219001", "population": 1110, "acs_year": "2020-2024", "ALAND": 322599, "AWATER": 0, "walk_minutes": 16.617342167368395, "access_bin": "<= 20 min", "within_15": false, "tract": "26163521900" }, "geometry": { "type": "Polygon", "coordinates": [ [ [ -83.082444, 42.346079 ], [ -83.082429, 42.346148 ], [ -83.08236, 42.346197 ], [ -83.082248, 42.346237 ], [ -83.082108, 42.346265 ], [ -83.080882, 42.346669 ], [ -83.080724, 42.346733 ], [ -83.078879, 42.347314 ], [ -83.077652, 42.347699 ], [ -83.076425, 42.348082 ], [ -83.075262, 42.348444 ], [ -83.074668, 42.348629 ], [ -83.074233, 42.347878 ], [ -83.073803, 42.347138 ], [ -83.073544, 42.346696 ], [ -83.073396, 42.346432 ], [ -83.073369, 42.346314 ], [ -83.073286, 42.346166 ], [ -83.073062, 42.345794 ], [ -83.072535, 42.344889 ], [ -83.072477, 42.344798 ], [ -83.071925, 42.343842 ], [ -83.071572, 42.343232 ], [ -83.0711, 42.342409 ], [ -83.071691, 42.342223 ], [ -83.072578, 42.341949 ], [ -83.072857, 42.341862 ], [ -83.073005, 42.342121 ], [ -83.073535, 42.342333 ], [ -83.074002, 42.342529 ], [ -83.07478, 42.342836 ], [ -83.074891, 42.342881 ], [ -83.075466, 42.343113 ], [ -83.076016, 42.343335 ], [ -83.07678, 42.343643 ], [ -83.077624, 42.343984 ], [ -83.07776, 42.344039 ], [ -83.078761, 42.344444 ], [ -83.079624, 42.344791 ], [ -83.08119, 42.345422 ], [ -83.081566, 42.345574 ], [ -83.081819, 42.345679 ], [ -83.082475, 42.34594 ], [ -83.082444, 42.346079 ] ] ] } },
{ "type": "Feature", "properties": { "GEOID": "261635207001", "NAME": "15000US261635207001", "population": 1003, "acs_year": "2020-2024", "ALAND": 112645, "AWATER": 0, "walk_minutes": 23.457030150723988, "access_bin": "> 20 min", "within_15": false, "tract": "26163520700" }, "geometry": { "type": "Polygon", "coordinates": [ [ [ -83.05446, 42.334569 ], [ -83.054093, 42.33442 ], [ -83.053304, 42.334085 ], [ -83.052421, 42.333716 ], [ -83.05226, 42.333657 ], [ -83.051191, 42.333669 ], [ -83.05091, 42.33367 ], [ -83.050784, 42.333671 ], [ -83.049715, 42.333675 ], [ -83.049577, 42.33372 ], [ -83.049354, 42.333811 ], [ -83.048992, 42.333972 ], [ -83.048746, 42.334089 ], [ -83.047926, 42.333032 ], [ -83.047844, 42.332927 ], [ -83.04708, 42.332117 ], [ -83.047055, 42.331666 ], [ -83.048249, 42.331653 ], [ -83.049704, 42.331675 ], [ -83.049974, 42.331679 ], [ -83.050804, 42.331678 ], [ -83.051177, 42.331677 ], [ -83.052296, 42.331674 ], [ -83.052663, 42.331673 ], [ -83.052765, 42.331779 ], [ -83.05293, 42.33205 ], [ -83.053187, 42.332504 ], [ -83.053468, 42.332995 ], [ -83.0538, 42.333556 ], [ -83.05393, 42.333746 ], [ -83.054059, 42.333906 ], [ -83.054147, 42.33403 ], [ -83.054227, 42.334157 ], [ -83.054369, 42.33441 ], [ -83.05446, 42.334569 ] ] ] } },
{ "type": "Feature", "properties": { "GEOID": "261635211002", "NAME": "15000US261635211002", "population": 502, "acs_year": "2020-2024", "ALAND": 1108545, "AWATER": 197319, "walk_minutes": 19.856682335806461, "access_bin": "<= 20 min", "within_15": false, "tract": "26163521100" }, "geometry": { "type": "Polygon", "coordinates": [ [ [ -83.085844, 42.328158 ], [ -83.085687, 42.328174 ], [ -83.085314, 42.328199 ], [ -83.085205, 42.328207 ], [ -83.082964, 42.328078 ], [ -83.082901, 42.328076 ], [ -83.082373, 42.328034 ], [ -83.080869, 42.327895 ], [ -83.07935, 42.327655 ], [ -83.077115, 42.327184 ], [ -83.076565, 42.327055 ], [ -83.076279, 42.326973 ], [ -83.076045, 42.326903 ], [ -83.075806, 42.326827 ], [ -83.074717, 42.326434 ], [ -83.074796, 42.32641 ], [ -83.07585, 42.326086 ], [ -83.076038, 42.32604 ], [ -83.074825, 42.323903 ], [ -83.073748, 42.321987 ], [ -83.073211, 42.321035 ], [ -83.074203, 42.320722 ], [ -83.073494, 42.3195 ], [ -83.073974, 42.319294 ], [ -83.074433, 42.319097 ], [ -83.075544, 42.318619 ], [ -83.075841, 42.318491 ], [ -83.076318, 42.318285 ], [ -83.076669, 42.318134 ], [ -83.077509, 42.317773 ], [ -83.077978, 42.317571 ], [ -83.077796, 42.317452 ], [ -83.077683, 42.31737 ], [ -83.077576, 42.317284 ], [ -83.077472, 42.317189 ], [ -83.077376, 42.317083 ], [ -83.077262, 42.316939 ], [ -83.077185, 42.316827 ], [ -83.077019, 42.316559 ], [ -83.076833, 42.316252 ], [ -83.076263, 42.31534 ], [ -83.07622, 42.315276 ], [ -83.076186, 42.315228 ], [ -83.075991, 42.314914 ], [ -83.075635, 42.314349 ], [ -83.074585, 42.312729 ], [ -83.073956, 42.311759 ], [ -83.073425, 42.310938 ], [ -83.076262, 42.30953 ], [ -83.078207, 42.308565 ], [ -83.078394, 42.30842 ], [ -83.079432, 42.309876 ], [ -83.080346, 42.311143 ], [ -83.081432, 42.312658 ], [ -83.08153, 42.312778 ], [ -83.081637, 42.312941 ], [ -83.081736, 42.313091 ], [ -83.082498, 42.314158 ], [ -83.082792, 42.314569 ], [ -83.082851, 42.314641 ], [ -83.082941, 42.314731 ], [ -83.083471, 42.315196 ], [ -83.08409, 42.316043 ], [ -83.084286, 42.316311 ], [ -83.084469, 42.316559 ], [ -83.084236, 42.316748 ], [ -83.083984, 42.316979 ], [ -83.083728, 42.317243 ], [ -83.083519, 42.317489 ], [ -83.083404, 42.317641 ], [ -83.083355, 42.317712 ], [ -83.083296, 42.317796 ], [ -83.083041, 42.31821 ], [ -83.082932, 42.318427 ], [ -83.082849, 42.318616 ], [ -83.082768, 42.318834 ], [ -83.082664, 42.319181 ], [ -83.082621, 42.319424 ], [ -83.08258, 42.31966 ], [ -83.082549, 42.320066 ], [ -83.082543, 42.320289 ], [ -83.082542, 42.320373 ], [ -83.082546, 42.320501 ], [ -83.082548, 42.321122 ], [ -83.082587, 42.321489 ], [ -83.082729, 42.32209 ], [ -83.082809, 42.322355 ], [ -83.082882, 42.322565 ], [ -83.082955, 42.322776 ], [ -83.083105, 42.323202 ], [ -83.083185, 42.323369 ], [ -83.083301, 42.323608 ], [ -83.083358, 42.3237 ], [ -83.083381, 42.323738 ], [ -83.083433, 42.323822 ], [ -83.083721, 42.32432 ], [ -83.083961, 42.324718 ], [ -83.084084, 42.324922 ], [ -83.08478, 42.326036 ], [ -83.085253, 42.326767 ], [ -83.085545, 42.327217 ], [ -83.085799, 42.327652 ], [ -83.086101, 42.328136 ], [ -83.085844, 42.328158 ] ] ] } },
{ "type": "Feature", "properties": { "GEOID": "261635220001", "NAME": "15000US261635220001", "population": 971, "acs_year": "2020-2024", "ALAND": 357992, "AWATER": 0, "walk_minutes": 21.252555701531875, "access_bin": "> 20 min", "within_15": false, "tract": "26163522000" }, "geometry": { "type": "Polygon", "coordinates": [ [ [ -83.085515, 42.347164 ], [ -83.084965, 42.346943 ], [ -83.083515, 42.34636 ], [ -83.082823, 42.346081 ], [ -83.082475, 42.34594 ], [ -83.081819, 42.345679 ], [ -83.081566, 42.345574 ], [ -83.08119, 42.345422 ], [ -83.079624, 42.344791 ], [ -83.078761, 42.344444 ], [ -83.07776, 42.344039 ], [ -83.077624, 42.343984 ], [ -83.07678, 42.343643 ], [ -83.076016, 42.343335 ], [ -83.075466, 42.343113 ], [ -83.074891, 42.342881 ], [ -83.07478, 42.342836 ], [ -83.074002, 42.342529 ], [ -83.073535, 42.342333 ], [ -83.073005, 42.342121 ], [ -83.072857, 42.341862 ], [ -83.074967, 42.341205 ], [ -83.075267, 42.341116 ], [ -83.075525, 42.341032 ], [ -83.075934, 42.340902 ], [ -83.077194, 42.340509 ], [ -83.078381, 42.340137 ], [ -83.079015, 42.339937 ], [ -83.079164, 42.33989 ], [ -83.079314, 42.339844 ], [ -83.07974, 42.33971 ], [ -83.080058, 42.33961 ], [ -83.080835, 42.33935 ], [ -83.081028, 42.339295 ], [ -83.081796, 42.340642 ], [ -83.082654, 42.342149 ], [ -83.083513, 42.343658 ], [ -83.084375, 42.345167 ], [ -83.085236, 42.346674 ], [ -83.085515, 42.347164 ] ] ] } },
{ "type": "Feature", "properties": { "GEOID": "261635356002", "NAME": "15000US261635356002", "population": 344, "acs_year": "2020-2024", "ALAND": 317977, "AWATER": 0, "walk_minutes": 9.9415333928220608, "access_bin": "<= 10 min", "within_15": true, "tract": "26163535600" }, "geometry": { "type": "Polygon", "coordinates": [ [ [ -83.167727, 42.358734 ], [ -83.167206, 42.358741 ], [ -83.16652, 42.358752 ], [ -83.16616, 42.358701 ], [ -83.165336, 42.358693 ], [ -83.164224, 42.358717 ], [ -83.164097, 42.358716 ], [ -83.163135, 42.358735 ], [ -83.162834, 42.358744 ], [ -83.162022, 42.358782 ], [ -83.160814, 42.358803 ], [ -83.16052, 42.358811 ], [ -83.159623, 42.358838 ], [ -83.157963, 42.358887 ], [ -83.159485, 42.357727 ], [ -83.160101, 42.357241 ], [ -83.16105, 42.356496 ], [ -83.161192, 42.356381 ], [ -83.161392, 42.356228 ], [ -83.162727, 42.355178 ], [ -83.164034, 42.354147 ], [ -83.164248, 42.353978 ], [ -83.165104, 42.353304 ], [ -83.166165, 42.352476 ], [ -83.166334, 42.352372 ], [ -83.167393, 42.351499 ], [ -83.167434, 42.352351 ], [ -83.167504, 42.353902 ], [ -83.167593, 42.355878 ], [ -83.167606, 42.356163 ], [ -83.167615, 42.356348 ], [ -83.167625, 42.356569 ], [ -83.167628, 42.356645 ], [ -83.167647, 42.357058 ], [ -83.167727, 42.358734 ] ] ] } },
{ "type": "Feature", "properties": { "GEOID": "261635004003", "NAME": "15000US261635004003", "population": 158, "acs_year": "2020-2024", "ALAND": 319631, "AWATER": 0, "walk_minutes": 16.09705941422278, "access_bin": "<= 20 min", "within_15": false, "tract": "26163500400" }, "geometry": { "type": "Polygon", "coordinates": [ [ [ -82.979879, 42.427698 ], [ -82.97984, 42.427722 ], [ -82.97975, 42.427738 ], [ -82.978645, 42.427782 ], [ -82.978009, 42.427819 ], [ -82.977165, 42.427839 ], [ -82.975107, 42.427884 ], [ -82.975075, 42.427041 ], [ -82.975049, 42.426259 ], [ -82.97502, 42.425451 ], [ -82.974989, 42.424639 ], [ -82.97496, 42.423841 ], [ -82.974931, 42.423048 ], [ -82.974901, 42.422268 ], [ -82.974872, 42.421476 ], [ -82.974837, 42.420724 ], [ -82.974821, 42.420658 ], [ -82.976922, 42.420608 ], [ -82.97974, 42.420545 ], [ -82.979747, 42.420617 ], [ -82.979767, 42.421405 ], [ -82.979784, 42.422108 ], [ -82.979778, 42.422202 ], [ -82.979771, 42.422324 ], [ -82.979786, 42.423001 ], [ -82.979803, 42.423798 ], [ -82.97982, 42.424595 ], [ -82.979838, 42.425407 ], [ -82.979853, 42.426225 ], [ -82.979871, 42.427005 ], [ -82.979892, 42.427648 ], [ -82.979879, 42.427698 ] ] ] } },
{ "type": "Feature", "properties": { "GEOID": "261635040001", "NAME": "15000US261635040001", "population": 440, "acs_year": "2020-2024", "ALAND": 324043, "AWATER": 0, "walk_minutes": 11.746268969879537, "access_bin": "<= 15 min", "within_15": true, "tract": "26163504000" }, "geometry": { "type": "Polygon", "coordinates": [ [ [ -82.983607, 42.420453 ], [ -82.9825, 42.42048 ], [ -82.982245, 42.420486 ], [ -82.97974, 42.420545 ], [ -82.976922, 42.420608 ], [ -82.974821, 42.420658 ], [ -82.974414, 42.42011 ], [ -82.977114, 42.419162 ], [ -82.979809, 42.418215 ], [ -82.97918, 42.417256 ], [ -82.978931, 42.416877 ], [ -82.978709, 42.41654 ], [ -82.978232, 42.415811 ], [ -82.977633, 42.41487 ], [ -82.977064, 42.413971 ], [ -82.976536, 42.413137 ], [ -82.979356, 42.412158 ], [ -82.979883, 42.412989 ], [ -82.98045, 42.413884 ], [ -82.981046, 42.414823 ], [ -82.981523, 42.415553 ], [ -82.98175, 42.4159 ], [ -82.981992, 42.416268 ], [ -82.982623, 42.417225 ], [ -82.983175, 42.418075 ], [ -82.983589, 42.418746 ], [ -82.983586, 42.418835 ], [ -82.9836, 42.419658 ], [ -82.983607, 42.420453 ] ] ] } },
{ "type": "Feature", "properties": { "GEOID": "261635381002", "NAME": "15000US261635381002", "population": 750, "acs_year": "2020-2024", "ALAND": 1122109, "AWATER": 4172, "walk_minutes": 21.325695152214362, "access_bin": "> 20 min", "within_15": false, "tract": "26163538100" }, "geometry": { "type": "Polygon", "coordinates": [ [ [ -83.136553, 42.446345 ], [ -83.136428, 42.446347 ], [ -83.135455, 42.446361 ], [ -83.135416, 42.446361 ], [ -83.133318, 42.446391 ], [ -83.133228, 42.446393 ], [ -83.133115, 42.446395 ], [ -83.132372, 42.446408 ], [ -83.131761, 42.446418 ], [ -83.130437, 42.446441 ], [ -83.129528, 42.446458 ], [ -83.127665, 42.446491 ], [ -83.127595, 42.446493 ], [ -83.126465, 42.446527 ], [ -83.125598, 42.446553 ], [ -83.125536, 42.446555 ], [ -83.125491, 42.446556 ], [ -83.125428, 42.446558 ], [ -83.125377, 42.44656 ], [ -83.125348, 42.446561 ], [ -83.125327, 42.446562 ], [ -83.12525, 42.446563 ], [ -83.125231, 42.446563 ], [ -83.125183, 42.446564 ], [ -83.125163, 42.446565 ], [ -83.125119, 42.446566 ], [ -83.125073, 42.446566 ], [ -83.125, 42.446567 ], [ -83.124896, 42.446569 ], [ -83.124799, 42.446573 ], [ -83.124758, 42.446575 ], [ -83.124708, 42.446578 ], [ -83.124662, 42.446513 ], [ -83.124555, 42.446363 ], [ -83.124001, 42.445476 ], [ -83.123488, 42.444738 ], [ -83.122961, 42.443993 ], [ -83.122883, 42.443883 ], [ -83.12274, 42.443656 ], [ -83.12249, 42.443226 ], [ -83.122405, 42.443094 ], [ -83.122098, 42.442614 ], [ -83.121266, 42.441382 ], [ -83.121024, 42.441024 ], [ -83.120482, 42.440218 ], [ -83.12003, 42.439545 ], [ -83.119839, 42.439268 ], [ -83.119404, 42.438589 ], [ -83.119085, 42.438133 ], [ -83.119473, 42.438086 ], [ -83.120416, 42.43802 ], [ -83.122809, 42.438023 ], [ -83.12397, 42.43795 ], [ -83.132001, 42.437672 ], [ -83.133902, 42.437607 ], [ -83.134094, 42.439049 ], [ -83.13415, 42.439047 ], [ -83.134348, 42.438999 ], [ -83.135206, 42.438982 ], [ -83.135864, 42.438967 ], [ -83.136315, 42.438957 ], [ -83.136406, 42.441522 ], [ -83.136486, 42.443813 ], [ -83.136535, 42.445224 ], [ -83.136551, 42.446047 ], [ -83.136555, 42.446198 ], [ -83.136553, 42.446345 ] ] ] } },
{ "type": "Feature", "properties": { "GEOID": "261635370003", "NAME": "15000US261635370003", "population": 1072, "acs_year": "2020-2024", "ALAND": 324972, "AWATER": 0, "walk_minutes": 16.296806029229408, "access_bin": "<= 20 min", "within_15": false, "tract": "26163537000" }, "geometry": { "type": "Polygon", "coordinates": [ [ [ -83.179296, 42.405722 ], [ -83.178215, 42.40575 ], [ -83.177133, 42.405776 ], [ -83.176048, 42.405784 ], [ -83.17497, 42.405805 ], [ -83.173885, 42.405822 ], [ -83.172714, 42.405839 ], [ -83.171677, 42.405852 ], [ -83.170631, 42.405855 ], [ -83.169587, 42.405863 ], [ -83.169492, 42.404041 ], [ -83.169421, 42.402615 ], [ -83.169402, 42.402229 ], [ -83.170452, 42.402212 ], [ -83.171496, 42.402198 ], [ -83.172531, 42.402181 ], [ -83.173703, 42.402165 ], [ -83.174803, 42.402142 ], [ -83.175883, 42.402128 ], [ -83.176966, 42.402111 ], [ -83.178049, 42.402097 ], [ -83.179129, 42.40208 ], [ -83.17921, 42.4039 ], [ -83.179296, 42.405722 ] ] ] } },
{ "type": "Feature", "properties": { "GEOID": "261635370001", "NAME": "15000US261635370001", "population": 1704, "acs_year": "2020-2024", "ALAND": 323058, "AWATER": 0, "walk_minutes": 19.912913889100302, "access_bin": "<= 20 min", "within_15": false, "tract": "26163537000" }, "geometry": { "type": "Polygon", "coordinates": [ [ [ -83.179466, 42.409361 ], [ -83.178383, 42.409381 ], [ -83.177301, 42.409399 ], [ -83.176221, 42.409418 ], [ -83.17514, 42.409436 ], [ -83.174084, 42.409452 ], [ -83.172902, 42.409474 ], [ -83.171865, 42.409498 ], [ -83.170823, 42.409516 ], [ -83.169768, 42.409535 ], [ -83.169752, 42.409144 ], [ -83.169677, 42.407696 ], [ -83.169587, 42.405863 ], [ -83.170631, 42.405855 ], [ -83.171677, 42.405852 ], [ -83.172714, 42.405839 ], [ -83.173885, 42.405822 ], [ -83.17497, 42.405805 ], [ -83.176048, 42.405784 ], [ -83.177133, 42.405776 ], [ -83.178215, 42.40575 ], [ -83.179296, 42.405722 ], [ -83.17938, 42.407529 ], [ -83.179466, 42.409361 ] ] ] } },
{ "type": "Feature", "properties": { "GEOID": "261635376002", "NAME": "15000US261635376002", "population": 1245, "acs_year": "2020-2024", "ALAND": 295917, "AWATER": 0, "walk_minutes": 21.231840611336938, "access_bin": "> 20 min", "within_15": false, "tract": "26163537600" }, "geometry": { "type": "Polygon", "coordinates": [ [ [ -83.189555, 42.416459 ], [ -83.188428, 42.416481 ], [ -83.187251, 42.416497 ], [ -83.186111, 42.416513 ], [ -83.185175, 42.416525 ], [ -83.185078, 42.414373 ], [ -83.184955, 42.411632 ], [ -83.184861, 42.409543 ], [ -83.184846, 42.409195 ], [ -83.185846, 42.409163 ], [ -83.18693, 42.40913 ], [ -83.188093, 42.409092 ], [ -83.189233, 42.409055 ], [ -83.189247, 42.40938 ], [ -83.189342, 42.411493 ], [ -83.189465, 42.414268 ], [ -83.189543, 42.416061 ], [ -83.189555, 42.416459 ] ] ] } },
{ "type": "Feature", "properties": { "GEOID": "261635376003", "NAME": "15000US261635376003", "population": 1040, "acs_year": "2020-2024", "ALAND": 323207, "AWATER": 0, "walk_minutes": 11.278983540785479, "access_bin": "<= 15 min", "within_15": true, "tract": "26163537600" }, "geometry": { "type": "Polygon", "coordinates": [ [ [ -83.199316, 42.415983 ], [ -83.198366, 42.416012 ], [ -83.198123, 42.416025 ], [ -83.196868, 42.416089 ], [ -83.195611, 42.416154 ], [ -83.194447, 42.416214 ], [ -83.194365, 42.414213 ], [ -83.194265, 42.411404 ], [ -83.194265, 42.411252 ], [ -83.194265, 42.41114 ], [ -83.194199, 42.409314 ], [ -83.194184, 42.408897 ], [ -83.195306, 42.408864 ], [ -83.196563, 42.408826 ], [ -83.197821, 42.408787 ], [ -83.199017, 42.408753 ], [ -83.199055, 42.409652 ], [ -83.199092, 42.410554 ], [ -83.199115, 42.411116 ], [ -83.199173, 42.412343 ], [ -83.19924, 42.414165 ], [ -83.199316, 42.415983 ] ] ] } },
{ "type": "Feature", "properties": { "GEOID": "261635408001", "NAME": "15000US261635408001", "population": 911, "acs_year": "2020-2024", "ALAND": 870124, "AWATER": 0, "walk_minutes": 21.63213996949883, "access_bin": "> 20 min", "within_15": false, "tract": "26163540800" }, "geometry": { "type": "Polygon", "coordinates": [ [ [ -83.239423, 42.443918 ], [ -83.238226, 42.443943 ], [ -83.237373, 42.443962 ], [ -83.237315, 42.443963 ], [ -83.236972, 42.44397 ], [ -83.236415, 42.443983 ], [ -83.235938, 42.443993 ], [ -83.235725, 42.443998 ], [ -83.235024, 42.444013 ], [ -83.234553, 42.444024 ], [ -83.233961, 42.444037 ], [ -83.233336, 42.44405 ], [ -83.232727, 42.444064 ], [ -83.232266, 42.444074 ], [ -83.228819, 42.444149 ], [ -83.228407, 42.444159 ], [ -83.228116, 42.444164 ], [ -83.227207, 42.444185 ], [ -83.22713, 42.444186 ], [ -83.22614, 42.444208 ], [ -83.226042, 42.44421 ], [ -83.226042, 42.444032 ], [ -83.226031, 42.443807 ], [ -83.22599, 42.442456 ], [ -83.225922, 42.440628 ], [ -83.225852, 42.438814 ], [ -83.225717, 42.43711 ], [ -83.226815, 42.437106 ], [ -83.226896, 42.437109 ], [ -83.228125, 42.437112 ], [ -83.228655, 42.437093 ], [ -83.228803, 42.437079 ], [ -83.228925, 42.437042 ], [ -83.229015, 42.437001 ], [ -83.229152, 42.43693 ], [ -83.231781, 42.43697 ], [ -83.231804, 42.436989 ], [ -83.231828, 42.436999 ], [ -83.23279, 42.436952 ], [ -83.233813, 42.436907 ], [ -83.234845, 42.436881 ], [ -83.235876, 42.436856 ], [ -83.23658, 42.436837 ], [ -83.236957, 42.436827 ], [ -83.237995, 42.4368 ], [ -83.239136, 42.436772 ], [ -83.239205, 42.438401 ], [ -83.23928, 42.440332 ], [ -83.23932, 42.442103 ], [ -83.239318, 42.442175 ], [ -83.239394, 42.443533 ], [ -83.239411, 42.443754 ], [ -83.239423, 42.443918 ] ] ] } },
{ "type": "Feature", "properties": { "GEOID": "261635410002", "NAME": "15000US261635410002", "population": 603, "acs_year": "2020-2024", "ALAND": 372093, "AWATER": 0, "walk_minutes": 12.04971693909703, "access_bin": "<= 15 min", "within_15": true, "tract": "26163541000" }, "geometry": { "type": "Polygon", "coordinates": [ [ [ -83.250119, 42.436543 ], [ -83.248887, 42.436572 ], [ -83.247618, 42.436587 ], [ -83.246416, 42.436601 ], [ -83.245452, 42.436625 ], [ -83.245206, 42.436631 ], [ -83.244484, 42.436651 ], [ -83.244414, 42.434867 ], [ -83.244345, 42.433045 ], [ -83.244278, 42.431249 ], [ -83.244216, 42.429584 ], [ -83.24426, 42.429442 ], [ -83.245289, 42.429418 ], [ -83.246162, 42.429396 ], [ -83.246443, 42.429389 ], [ -83.247429, 42.429363 ], [ -83.248527, 42.429337 ], [ -83.249824, 42.429309 ], [ -83.249842, 42.429419 ], [ -83.249911, 42.431114 ], [ -83.249982, 42.432913 ], [ -83.250052, 42.434734 ], [ -83.250119, 42.436543 ] ] ] } },
{ "type": "Feature", "properties": { "GEOID": "261635435001", "NAME": "15000US261635435001", "population": 851, "acs_year": "2020-2024", "ALAND": 934313, "AWATER": 0, "walk_minutes": 16.087215821440608, "access_bin": "<= 20 min", "within_15": false, "tract": "26163543500" }, "geometry": { "type": "Polygon", "coordinates": [ [ [ -83.257118, 42.407468 ], [ -83.256283, 42.407482 ], [ -83.255884, 42.407495 ], [ -83.25468, 42.407538 ], [ -83.253502, 42.407565 ], [ -83.252891, 42.407586 ], [ -83.252294, 42.407602 ], [ -83.250711, 42.407632 ], [ -83.249625, 42.407652 ], [ -83.248545, 42.407672 ], [ -83.247435, 42.407694 ], [ -83.24629, 42.407716 ], [ -83.245178, 42.407737 ], [ -83.244061, 42.407758 ], [ -83.242947, 42.407781 ], [ -83.242839, 42.405991 ], [ -83.242733, 42.40425 ], [ -83.242757, 42.404194 ], [ -83.242782, 42.404142 ], [ -83.242758, 42.403466 ], [ -83.24271, 42.402396 ], [ -83.242635, 42.400665 ], [ -83.24268, 42.400586 ], [ -83.24374, 42.400568 ], [ -83.244846, 42.400552 ], [ -83.245968, 42.400534 ], [ -83.247118, 42.400516 ], [ -83.248228, 42.400491 ], [ -83.249306, 42.400465 ], [ -83.250381, 42.40044 ], [ -83.250615, 42.400435 ], [ -83.25068, 42.400431 ], [ -83.251974, 42.400402 ], [ -83.253194, 42.400373 ], [ -83.254397, 42.400342 ], [ -83.2556, 42.400314 ], [ -83.256411, 42.400294 ], [ -83.256833, 42.40029 ], [ -83.256905, 42.402094 ], [ -83.256977, 42.403913 ], [ -83.257046, 42.405712 ], [ -83.257118, 42.407468 ] ] ] } },
{ "type": "Feature", "properties": { "GEOID": "261635421001", "NAME": "15000US261635421001", "population": 3169, "acs_year": "2020-2024", "ALAND": 646485, "AWATER": 0, "walk_minutes": 14.315390023891917, "access_bin": "<= 15 min", "within_15": true, "tract": "26163542100" }, "geometry": { "type": "Polygon", "coordinates": [ [ [ -83.218726, 42.413758 ], [ -83.218712, 42.415553 ], [ -83.218398, 42.415563 ], [ -83.217759, 42.415576 ], [ -83.216697, 42.415599 ], [ -83.215603, 42.415622 ], [ -83.214508, 42.415647 ], [ -83.213421, 42.415662 ], [ -83.213316, 42.415667 ], [ -83.212095, 42.415699 ], [ -83.211006, 42.415723 ], [ -83.210029, 42.415743 ], [ -83.209034, 42.415763 ], [ -83.209041, 42.415657 ], [ -83.208969, 42.413946 ], [ -83.208892, 42.412125 ], [ -83.208817, 42.410341 ], [ -83.20875, 42.408542 ], [ -83.209725, 42.408515 ], [ -83.210699, 42.408495 ], [ -83.211789, 42.408472 ], [ -83.213009, 42.408446 ], [ -83.214202, 42.408427 ], [ -83.214554, 42.408419 ], [ -83.215297, 42.408401 ], [ -83.21639, 42.40838 ], [ -83.216549, 42.408377 ], [ -83.21745, 42.40836 ], [ -83.217746, 42.408355 ], [ -83.217895, 42.408353 ], [ -83.218227, 42.408342 ], [ -83.218532, 42.408332 ], [ -83.218637, 42.410122 ], [ -83.218682, 42.410875 ], [ -83.218706, 42.411752 ], [ -83.218706, 42.411914 ], [ -83.218727, 42.413531 ], [ -83.218726, 42.413758 ] ] ] } },
{ "type": "Feature", "properties": { "GEOID": "261635228002", "NAME": "15000US261635228002", "population": 620, "acs_year": "2020-2024", "ALAND": 1095612, "AWATER": 0, "walk_minutes": 31.296359212685612, "access_bin": "> 20 min", "within_15": false, "tract": "26163522800" }, "geometry": { "type": "Polygon", "coordinates": [ [ [ -83.109434, 42.346607 ], [ -83.109061, 42.346767 ], [ -83.108213, 42.347116 ], [ -83.107443, 42.347417 ], [ -83.106639, 42.3477 ], [ -83.105888, 42.347953 ], [ -83.105056, 42.348233 ], [ -83.105043, 42.348237 ], [ -83.104422, 42.348427 ], [ -83.103167, 42.348809 ], [ -83.102847, 42.348909 ], [ -83.101837, 42.349239 ], [ -83.101469, 42.349359 ], [ -83.100677, 42.349617 ], [ -83.100443, 42.349689 ], [ -83.099913, 42.349852 ], [ -83.099249, 42.350057 ], [ -83.098991, 42.350137 ], [ -83.098864, 42.350006 ], [ -83.09847, 42.349497 ], [ -83.098193, 42.349128 ], [ -83.098077, 42.348952 ], [ -83.097633, 42.348274 ], [ -83.0966, 42.346413 ], [ -83.096264, 42.345859 ], [ -83.095979, 42.34539 ], [ -83.095969, 42.345373 ], [ -83.094927, 42.343645 ], [ -83.09464, 42.343135 ], [ -83.094821, 42.342854 ], [ -83.095103, 42.342452 ], [ -83.095637, 42.341674 ], [ -83.095643, 42.341665 ], [ -83.095732, 42.341542 ], [ -83.096, 42.341155 ], [ -83.096433, 42.340529 ], [ -83.096972, 42.339749 ], [ -83.097192, 42.339431 ], [ -83.097777, 42.338587 ], [ -83.098354, 42.337754 ], [ -83.098997, 42.336822 ], [ -83.099879, 42.335552 ], [ -83.100261, 42.334998 ], [ -83.100564, 42.334557 ], [ -83.101193, 42.335426 ], [ -83.101391, 42.335608 ], [ -83.101653, 42.335835 ], [ -83.101956, 42.336284 ], [ -83.102062, 42.336427 ], [ -83.102351, 42.336867 ], [ -83.10244, 42.33705 ], [ -83.102533, 42.337264 ], [ -83.103753, 42.338977 ], [ -83.105601, 42.34152 ], [ -83.105784, 42.341657 ], [ -83.105936, 42.341793 ], [ -83.106031, 42.341892 ], [ -83.106115, 42.341993 ], [ -83.107892, 42.344445 ], [ -83.108126, 42.34479 ], [ -83.108293, 42.345036 ], [ -83.108935, 42.34592 ], [ -83.109181, 42.346259 ], [ -83.109434, 42.346607 ] ] ] } },
{ "type": "Feature", "properties": { "GEOID": "261635321002", "NAME": "15000US261635321002", "population": 1552, "acs_year": "2020-2024", "ALAND": 699726, "AWATER": 0, "walk_minutes": 19.44997901833494, "access_bin": "<= 20 min", "within_15": false, "tract": "26163532100" }, "geometry": { "type": "Polygon", "coordinates": [ [ [ -83.102278, 42.388084 ], [ -83.102085, 42.388276 ], [ -83.100588, 42.388814 ], [ -83.097727, 42.389843 ], [ -83.094678, 42.39094 ], [ -83.091773, 42.391985 ], [ -83.088665, 42.393102 ], [ -83.088401, 42.392712 ], [ -83.087848, 42.391892 ], [ -83.0873, 42.391076 ], [ -83.086771, 42.390291 ], [ -83.086182, 42.389413 ], [ -83.085636, 42.388605 ], [ -83.086175, 42.388412 ], [ -83.088653, 42.387495 ], [ -83.091634, 42.386391 ], [ -83.09463, 42.385287 ], [ -83.094901, 42.385191 ], [ -83.095311, 42.385089 ], [ -83.097565, 42.384275 ], [ -83.098386, 42.383977 ], [ -83.098701, 42.383864 ], [ -83.09893, 42.384008 ], [ -83.099144, 42.384158 ], [ -83.099391, 42.384348 ], [ -83.099555, 42.384482 ], [ -83.099885, 42.384774 ], [ -83.100173, 42.385058 ], [ -83.100401, 42.385317 ], [ -83.100742, 42.385796 ], [ -83.100994, 42.386152 ], [ -83.102115, 42.387842 ], [ -83.102278, 42.388084 ] ] ] } },
{ "type": "Feature", "properties": { "GEOID": "261635220002", "NAME": "15000US261635220002", "population": 687, "acs_year": "2020-2024", "ALAND": 1247648, "AWATER": 0, "walk_minutes": 24.311353294886008, "access_bin": "> 20 min", "within_15": false, "tract": "26163522000" }, "geometry": { "type": "Polygon", "coordinates": [ [ [ -83.098991, 42.350137 ], [ -83.098515, 42.350286 ], [ -83.098026, 42.35044 ], [ -83.097939, 42.350468 ], [ -83.096691, 42.350862 ], [ -83.095701, 42.351182 ], [ -83.095562, 42.351227 ], [ -83.095351, 42.351142 ], [ -83.095061, 42.351025 ], [ -83.094625, 42.350846 ], [ -83.09423, 42.350685 ], [ -83.092717, 42.350077 ], [ -83.092581, 42.350021 ], [ -83.090736, 42.349273 ], [ -83.090508, 42.34918 ], [ -83.090172, 42.349044 ], [ -83.089352, 42.348713 ], [ -83.08879, 42.348489 ], [ -83.08793, 42.348143 ], [ -83.087183, 42.347839 ], [ -83.085515, 42.347164 ], [ -83.085236, 42.346674 ], [ -83.084375, 42.345167 ], [ -83.083513, 42.343658 ], [ -83.082654, 42.342149 ], [ -83.081796, 42.340642 ], [ -83.081028, 42.339295 ], [ -83.081144, 42.339258 ], [ -83.081261, 42.339222 ], [ -83.082196, 42.338942 ], [ -83.082701, 42.338784 ], [ -83.082927, 42.338706 ], [ -83.083184, 42.338611 ], [ -83.083525, 42.338484 ], [ -83.083669, 42.338416 ], [ -83.084212, 42.338218 ], [ -83.084305, 42.338191 ], [ -83.084683, 42.338079 ], [ -83.085633, 42.337829 ], [ -83.087222, 42.337369 ], [ -83.088552, 42.33695 ], [ -83.089944, 42.336506 ], [ -83.090176, 42.336428 ], [ -83.090548, 42.336304 ], [ -83.09066, 42.336452 ], [ -83.09074, 42.33657 ], [ -83.091088, 42.337112 ], [ -83.091367, 42.337563 ], [ -83.091966, 42.338592 ], [ -83.094033, 42.342117 ], [ -83.094457, 42.342807 ], [ -83.09464, 42.343135 ], [ -83.094927, 42.343645 ], [ -83.095969, 42.345373 ], [ -83.095979, 42.34539 ], [ -83.096264, 42.345859 ], [ -83.0966, 42.346413 ], [ -83.097633, 42.348274 ], [ -83.098077, 42.348952 ], [ -83.098193, 42.349128 ], [ -83.09847, 42.349497 ], [ -83.098864, 42.350006 ], [ -83.098991, 42.350137 ] ] ] } },
{ "type": "Feature", "properties": { "GEOID": "261635204003", "NAME": "15000US261635204003", "population": 260, "acs_year": "2020-2024", "ALAND": 197516, "AWATER": 0, "walk_minutes": 9.8384871309253796, "access_bin": "<= 10 min", "within_15": true, "tract": "26163520400" }, "geometry": { "type": "Polygon", "coordinates": [ [ [ -83.071732, 42.351745 ], [ -83.070777, 42.352055 ], [ -83.070058, 42.35229 ], [ -83.069419, 42.351579 ], [ -83.069336, 42.351444 ], [ -83.06908, 42.350994 ], [ -83.068715, 42.350352 ], [ -83.068394, 42.34979 ], [ -83.068001, 42.349094 ], [ -83.065778, 42.349797 ], [ -83.065162, 42.348718 ], [ -83.064417, 42.347418 ], [ -83.066526, 42.346757 ], [ -83.066656, 42.346732 ], [ -83.066784, 42.346708 ], [ -83.067588, 42.346455 ], [ -83.068979, 42.346018 ], [ -83.069036, 42.345955 ], [ -83.06919, 42.345922 ], [ -83.069371, 42.34634 ], [ -83.069476, 42.346573 ], [ -83.069808, 42.347254 ], [ -83.07083, 42.349353 ], [ -83.071021, 42.349745 ], [ -83.071052, 42.3498 ], [ -83.071434, 42.350471 ], [ -83.072088, 42.351623 ], [ -83.071732, 42.351745 ] ] ] } },
{ "type": "Feature", "properties": { "GEOID": "261635172001", "NAME": "15000US261635172001", "population": 1681, "acs_year": "2020-2024", "ALAND": 713752, "AWATER": 0, "walk_minutes": 20.851673120555013, "access_bin": "> 20 min", "within_15": false, "tract": "26163517200" }, "geometry": { "type": "Polygon", "coordinates": [ [ [ -83.05291, 42.339986 ], [ -83.051466, 42.340602 ], [ -83.050557, 42.340966 ], [ -83.050423, 42.341023 ], [ -83.049649, 42.341356 ], [ -83.048682, 42.341831 ], [ -83.047819, 42.342143 ], [ -83.046242, 42.342685 ], [ -83.045971, 42.342785 ], [ -83.044518, 42.343327 ], [ -83.044217, 42.343434 ], [ -83.044077, 42.343493 ], [ -83.043799, 42.343593 ], [ -83.043756, 42.343369 ], [ -83.043696, 42.343108 ], [ -83.043619, 42.342862 ], [ -83.043501, 42.342537 ], [ -83.043388, 42.34234 ], [ -83.043348, 42.342275 ], [ -83.043238, 42.342097 ], [ -83.043097, 42.341884 ], [ -83.042948, 42.341675 ], [ -83.042728, 42.341389 ], [ -83.042559, 42.341188 ], [ -83.042356, 42.340982 ], [ -83.042209, 42.340849 ], [ -83.042151, 42.340802 ], [ -83.042003, 42.340679 ], [ -83.041344, 42.340161 ], [ -83.040541, 42.339531 ], [ -83.040454, 42.339434 ], [ -83.040244, 42.339252 ], [ -83.040083, 42.339093 ], [ -83.039932, 42.338927 ], [ -83.039623, 42.338522 ], [ -83.039169, 42.337869 ], [ -83.038844, 42.337378 ], [ -83.039068, 42.337306 ], [ -83.039423, 42.337171 ], [ -83.041079, 42.336456 ], [ -83.041443, 42.336292 ], [ -83.041591, 42.336225 ], [ -83.042029, 42.336037 ], [ -83.04305, 42.3356 ], [ -83.044171, 42.335118 ], [ -83.045055, 42.334733 ], [ -83.045161, 42.334706 ], [ -83.045349, 42.33468 ], [ -83.045534, 42.334673 ], [ -83.045636, 42.334691 ], [ -83.045695, 42.334609 ], [ -83.045921, 42.334318 ], [ -83.046127, 42.334044 ], [ -83.046198, 42.333969 ], [ -83.04663, 42.333506 ], [ -83.046739, 42.333414 ], [ -83.04731, 42.333126 ], [ -83.047844, 42.332927 ], [ -83.047926, 42.333032 ], [ -83.048746, 42.334089 ], [ -83.049424, 42.334949 ], [ -83.050038, 42.335713 ], [ -83.0502, 42.335984 ], [ -83.050816, 42.336864 ], [ -83.05089, 42.336981 ], [ -83.051152, 42.337393 ], [ -83.051338, 42.337666 ], [ -83.051783, 42.338318 ], [ -83.052202, 42.338933 ], [ -83.052679, 42.339634 ], [ -83.052814, 42.339842 ], [ -83.05291, 42.339986 ] ] ] } },
{ "type": "Feature", "properties": { "GEOID": "261635192003", "NAME": "15000US261635192003", "population": 591, "acs_year": "2020-2024", "ALAND": 1358014, "AWATER": 0, "walk_minutes": 8.878489037917765, "access_bin": "<= 10 min", "within_15": true, "tract": "26163519200" }, "geometry": { "type": "Polygon", "coordinates": [ [ [ -83.033876, 42.379279 ], [ -83.03361, 42.379467 ], [ -83.0334, 42.379633 ], [ -83.033015, 42.379961 ], [ -83.032692, 42.380254 ], [ -83.032292, 42.380738 ], [ -83.032028, 42.381101 ], [ -83.031702, 42.381521 ], [ -83.031418, 42.38192 ], [ -83.031041, 42.382456 ], [ -83.030844, 42.382681 ], [ -83.030633, 42.382898 ], [ -83.030446, 42.383076 ], [ -83.030247, 42.383247 ], [ -83.029977, 42.383456 ], [ -83.029788, 42.383594 ], [ -83.029624, 42.383702 ], [ -83.029418, 42.383828 ], [ -83.029226, 42.383939 ], [ -83.029028, 42.384044 ], [ -83.028757, 42.384177 ], [ -83.028544, 42.384273 ], [ -83.028326, 42.384365 ], [ -83.028104, 42.384451 ], [ -83.027914, 42.384518 ], [ -83.0277, 42.384588 ], [ -83.027484, 42.384652 ], [ -83.027264, 42.38471 ], [ -83.026916, 42.384792 ], [ -83.026359, 42.384908 ], [ -83.026271, 42.384776 ], [ -83.026099, 42.384516 ], [ -83.02573, 42.383958 ], [ -83.025158, 42.383095 ], [ -83.024667, 42.382358 ], [ -83.024174, 42.381615 ], [ -83.023685, 42.380878 ], [ -83.023501, 42.380602 ], [ -83.023086, 42.379952 ], [ -83.02236, 42.378856 ], [ -83.021807, 42.378018 ], [ -83.021666, 42.377813 ], [ -83.020977, 42.376775 ], [ -83.02037, 42.375862 ], [ -83.019377, 42.374366 ], [ -83.01917, 42.37405 ], [ -83.019081, 42.3737 ], [ -83.019043, 42.373603 ], [ -83.018795, 42.37296 ], [ -83.018738, 42.372728 ], [ -83.019534, 42.371523 ], [ -83.020116, 42.370626 ], [ -83.020392, 42.370225 ], [ -83.020737, 42.369702 ], [ -83.021547, 42.368477 ], [ -83.021914, 42.367926 ], [ -83.022358, 42.367257 ], [ -83.022796, 42.3666 ], [ -83.023174, 42.366031 ], [ -83.023962, 42.364836 ], [ -83.024282, 42.365322 ], [ -83.02491, 42.366279 ], [ -83.025594, 42.367326 ], [ -83.026281, 42.368377 ], [ -83.026968, 42.369424 ], [ -83.027655, 42.370473 ], [ -83.028128, 42.371192 ], [ -83.0286, 42.371914 ], [ -83.029114, 42.372696 ], [ -83.029713, 42.373611 ], [ -83.030397, 42.374655 ], [ -83.0307, 42.375117 ], [ -83.031084, 42.375704 ], [ -83.031785, 42.376775 ], [ -83.032451, 42.377791 ], [ -83.032821, 42.378356 ], [ -83.032918, 42.378481 ], [ -83.033016, 42.378606 ], [ -83.033104, 42.378695 ], [ -83.033232, 42.378807 ], [ -83.033426, 42.378953 ], [ -83.033757, 42.379193 ], [ -83.033876, 42.379279 ] ] ] } },
{ "type": "Feature", "properties": { "GEOID": "261635190002", "NAME": "15000US261635190002", "population": 558, "acs_year": "2020-2024", "ALAND": 1416204, "AWATER": 0, "walk_minutes": 17.376697745902824, "access_bin": "<= 20 min", "within_15": false, "tract": "26163519000" }, "geometry": { "type": "Polygon", "coordinates": [ [ [ -83.046309, 42.363698 ], [ -83.046102, 42.363773 ], [ -83.045107, 42.364132 ], [ -83.04435, 42.364406 ], [ -83.042807, 42.364966 ], [ -83.040792, 42.365697 ], [ -83.040322, 42.365864 ], [ -83.038751, 42.366439 ], [ -83.037787, 42.366792 ], [ -83.036827, 42.36714 ], [ -83.035857, 42.367492 ], [ -83.035163, 42.366447 ], [ -83.034468, 42.365401 ], [ -83.033774, 42.364353 ], [ -83.033082, 42.363311 ], [ -83.032444, 42.362344 ], [ -83.032021, 42.361702 ], [ -83.031595, 42.361061 ], [ -83.03109, 42.360299 ], [ -83.030651, 42.359635 ], [ -83.030212, 42.358972 ], [ -83.029769, 42.358303 ], [ -83.029003, 42.357142 ], [ -83.0296, 42.356232 ], [ -83.030148, 42.35541 ], [ -83.030198, 42.355321 ], [ -83.030815, 42.354377 ], [ -83.0318, 42.352858 ], [ -83.032046, 42.352495 ], [ -83.032307, 42.352891 ], [ -83.034323, 42.352157 ], [ -83.035866, 42.351596 ], [ -83.036223, 42.352135 ], [ -83.036615, 42.352725 ], [ -83.03698, 42.353277 ], [ -83.037378, 42.35388 ], [ -83.037819, 42.354547 ], [ -83.038258, 42.355211 ], [ -83.038708, 42.355047 ], [ -83.04051, 42.354371 ], [ -83.04105, 42.355185 ], [ -83.0413, 42.35553 ], [ -83.041547, 42.355873 ], [ -83.042024, 42.356552 ], [ -83.042318, 42.357007 ], [ -83.042729, 42.357688 ], [ -83.043187, 42.35838 ], [ -83.043857, 42.359393 ], [ -83.044261, 42.360034 ], [ -83.044536, 42.360435 ], [ -83.045244, 42.361482 ], [ -83.045625, 42.362049 ], [ -83.045937, 42.362466 ], [ -83.046118, 42.362753 ], [ -83.046634, 42.36358 ], [ -83.046309, 42.363698 ] ] ] } },
{ "type": "Feature", "properties": { "GEOID": "261635225001", "NAME": "15000US261635225001", "population": 1279, "acs_year": "2020-2024", "ALAND": 460046, "AWATER": 0, "walk_minutes": 12.434772657906862, "access_bin": "<= 15 min", "within_15": true, "tract": "26163522500" }, "geometry": { "type": "Polygon", "coordinates": [ [ [ -83.062973, 42.344886 ], [ -83.06208, 42.345162 ], [ -83.061186, 42.345437 ], [ -83.060693, 42.345531 ], [ -83.06052, 42.345595 ], [ -83.060343, 42.345675 ], [ -83.060133, 42.345788 ], [ -83.060019, 42.345864 ], [ -83.058596, 42.346952 ], [ -83.058464, 42.347045 ], [ -83.058315, 42.347139 ], [ -83.058161, 42.347228 ], [ -83.057877, 42.347381 ], [ -83.05727, 42.346475 ], [ -83.056706, 42.345633 ], [ -83.056557, 42.34541 ], [ -83.056157, 42.344813 ], [ -83.055845, 42.344346 ], [ -83.055453, 42.343759 ], [ -83.055153, 42.343311 ], [ -83.054771, 42.342741 ], [ -83.054455, 42.34227 ], [ -83.05409, 42.341721 ], [ -83.053933, 42.341487 ], [ -83.053407, 42.340708 ], [ -83.053218, 42.340429 ], [ -83.05303, 42.340151 ], [ -83.05291, 42.339986 ], [ -83.053639, 42.339678 ], [ -83.054742, 42.339212 ], [ -83.055259, 42.338989 ], [ -83.055742, 42.338763 ], [ -83.056069, 42.33859 ], [ -83.056567, 42.338267 ], [ -83.056701, 42.338181 ], [ -83.057067, 42.337958 ], [ -83.058418, 42.33708 ], [ -83.058524, 42.337008 ], [ -83.058598, 42.337108 ], [ -83.058665, 42.337203 ], [ -83.058681, 42.337235 ], [ -83.059268, 42.338387 ], [ -83.060029, 42.339725 ], [ -83.059254, 42.339981 ], [ -83.060021, 42.341335 ], [ -83.060807, 42.341091 ], [ -83.061528, 42.342354 ], [ -83.062253, 42.343619 ], [ -83.062973, 42.344886 ] ] ] } },
{ "type": "Feature", "properties": { "GEOID": "261635193001", "NAME": "15000US261635193001", "population": 725, "acs_year": "2020-2024", "ALAND": 565213, "AWATER": 0, "walk_minutes": 9.8719871444490312, "access_bin": "<= 10 min", "within_15": true, "tract": "26163519300" }, "geometry": { "type": "Polygon", "coordinates": [ [ [ -83.023174, 42.366031 ], [ -83.022796, 42.3666 ], [ -83.022358, 42.367257 ], [ -83.021914, 42.367926 ], [ -83.021547, 42.368477 ], [ -83.020737, 42.369702 ], [ -83.020392, 42.370225 ], [ -83.020116, 42.370626 ], [ -83.019534, 42.371523 ], [ -83.018738, 42.372728 ], [ -83.018663, 42.372543 ], [ -83.017928, 42.37143 ], [ -83.016549, 42.36934 ], [ -83.014751, 42.366616 ], [ -83.013698, 42.365017 ], [ -83.01324, 42.364348 ], [ -83.014475, 42.363893 ], [ -83.015427, 42.363543 ], [ -83.016417, 42.363179 ], [ -83.01772, 42.362705 ], [ -83.018306, 42.362494 ], [ -83.01903, 42.362233 ], [ -83.02034, 42.361753 ], [ -83.021613, 42.361291 ], [ -83.022093, 42.36202 ], [ -83.022366, 42.362435 ], [ -83.022571, 42.362744 ], [ -83.023044, 42.363459 ], [ -83.02311, 42.363559 ], [ -83.023962, 42.364836 ], [ -83.023174, 42.366031 ] ] ] } },
{ "type": "Feature", "properties": { "GEOID": "261635207004", "NAME": "15000US261635207004", "population": 387, "acs_year": "2020-2024", "ALAND": 346008, "AWATER": 0, "walk_minutes": 25.836688421997053, "access_bin": "> 20 min", "within_15": false, "tract": "26163520700" }, "geometry": { "type": "Polygon", "coordinates": [ [ [ -83.064266, 42.335438 ], [ -83.06413, 42.335463 ], [ -83.063575, 42.33558 ], [ -83.062582, 42.335805 ], [ -83.060396, 42.33628 ], [ -83.060226, 42.336315 ], [ -83.060186, 42.336325 ], [ -83.060138, 42.336336 ], [ -83.060036, 42.336365 ], [ -83.059948, 42.33639 ], [ -83.059421, 42.3366 ], [ -83.059276, 42.336544 ], [ -83.05913, 42.336489 ], [ -83.058858, 42.336371 ], [ -83.057955, 42.335983 ], [ -83.056548, 42.335415 ], [ -83.056291, 42.335307 ], [ -83.055831, 42.335124 ], [ -83.055524, 42.335 ], [ -83.05446, 42.334569 ], [ -83.054369, 42.33441 ], [ -83.054227, 42.334157 ], [ -83.054147, 42.33403 ], [ -83.054059, 42.333906 ], [ -83.05393, 42.333746 ], [ -83.0538, 42.333556 ], [ -83.053468, 42.332995 ], [ -83.053187, 42.332504 ], [ -83.05293, 42.33205 ], [ -83.052765, 42.331779 ], [ -83.052663, 42.331673 ], [ -83.054321, 42.331675 ], [ -83.057421, 42.331661 ], [ -83.057745, 42.331661 ], [ -83.060444, 42.331622 ], [ -83.061185, 42.331586 ], [ -83.061485, 42.33185 ], [ -83.061655, 42.332003 ], [ -83.062158, 42.332578 ], [ -83.063, 42.333654 ], [ -83.063066, 42.333739 ], [ -83.063608, 42.334433 ], [ -83.063825, 42.334703 ], [ -83.064187, 42.335275 ], [ -83.064266, 42.335438 ] ] ] } },
{ "type": "Feature", "properties": { "GEOID": "261635318001", "NAME": "15000US261635318001", "population": 566, "acs_year": "2020-2024", "ALAND": 487053, "AWATER": 0, "walk_minutes": 10.009056729490975, "access_bin": "<= 15 min", "within_15": true, "tract": "26163531800" }, "geometry": { "type": "Polygon", "coordinates": [ [ [ -83.12203, 42.393019 ], [ -83.119133, 42.394094 ], [ -83.118616, 42.394285 ], [ -83.117888, 42.39456 ], [ -83.116749, 42.394974 ], [ -83.11604, 42.395239 ], [ -83.114577, 42.395784 ], [ -83.113195, 42.396299 ], [ -83.112822, 42.395764 ], [ -83.112766, 42.395683 ], [ -83.112304, 42.395012 ], [ -83.11177, 42.394238 ], [ -83.111679, 42.394104 ], [ -83.111208, 42.39342 ], [ -83.110695, 42.392677 ], [ -83.1102, 42.39196 ], [ -83.110375, 42.391894 ], [ -83.110652, 42.391791 ], [ -83.110401, 42.391331 ], [ -83.110659, 42.391233 ], [ -83.112215, 42.390642 ], [ -83.115386, 42.389441 ], [ -83.118757, 42.388164 ], [ -83.119025, 42.38856 ], [ -83.11909, 42.388657 ], [ -83.119557, 42.389344 ], [ -83.119599, 42.38941 ], [ -83.120109, 42.39017 ], [ -83.120621, 42.39093 ], [ -83.121027, 42.391532 ], [ -83.121129, 42.391684 ], [ -83.121602, 42.392384 ], [ -83.12203, 42.393019 ] ] ] } },
{ "type": "Feature", "properties": { "GEOID": "261635058001", "NAME": "15000US261635058001", "population": 783, "acs_year": "2020-2024", "ALAND": 3527510, "AWATER": 0, "walk_minutes": 37.292808296588206, "access_bin": "> 20 min", "within_15": false, "tract": "26163505800" }, "geometry": { "type": "Polygon", "coordinates": [ [ [ -83.040225, 42.406326 ], [ -83.040189, 42.406368 ], [ -83.038949, 42.408024 ], [ -83.038674, 42.408393 ], [ -83.038207, 42.408992 ], [ -83.038082, 42.409153 ], [ -83.038052, 42.409219 ], [ -83.038036, 42.409288 ], [ -83.038077, 42.410484 ], [ -83.038125, 42.411973 ], [ -83.038183, 42.414152 ], [ -83.038216, 42.415572 ], [ -83.038272, 42.417341 ], [ -83.038339, 42.419169 ], [ -83.038164, 42.419173 ], [ -83.036964, 42.4192 ], [ -83.035594, 42.419232 ], [ -83.034648, 42.419253 ], [ -83.033442, 42.419281 ], [ -83.032938, 42.419293 ], [ -83.031964, 42.419316 ], [ -83.031636, 42.419324 ], [ -83.030982, 42.419341 ], [ -83.029957, 42.419367 ], [ -83.027672, 42.419421 ], [ -83.027375, 42.419428 ], [ -83.027302, 42.41943 ], [ -83.026774, 42.419441 ], [ -83.023713, 42.419506 ], [ -83.023682, 42.418735 ], [ -83.023675, 42.418564 ], [ -83.023654, 42.417959 ], [ -83.023643, 42.417715 ], [ -83.023624, 42.417183 ], [ -83.023608, 42.416754 ], [ -83.023592, 42.416342 ], [ -83.023577, 42.415961 ], [ -83.023558, 42.415493 ], [ -83.023553, 42.415364 ], [ -83.023541, 42.415031 ], [ -83.023513, 42.414302 ], [ -83.023482, 42.413499 ], [ -83.023451, 42.412684 ], [ -83.023419, 42.411867 ], [ -83.02339, 42.411102 ], [ -83.023363, 42.410374 ], [ -83.023359, 42.410274 ], [ -83.023328, 42.409464 ], [ -83.023295, 42.408611 ], [ -83.023279, 42.408195 ], [ -83.023262, 42.407739 ], [ -83.023249, 42.4074 ], [ -83.023231, 42.406905 ], [ -83.023221, 42.406605 ], [ -83.023195, 42.405913 ], [ -83.023191, 42.405811 ], [ -83.023159, 42.404997 ], [ -83.023126, 42.404182 ], [ -83.023123, 42.404098 ], [ -83.023097, 42.403419 ], [ -83.023092, 42.40328 ], [ -83.023056, 42.402332 ], [ -83.023, 42.400953 ], [ -83.022961, 42.399958 ], [ -83.022945, 42.399531 ], [ -83.02293, 42.399119 ], [ -83.022917, 42.398801 ], [ -83.022897, 42.398273 ], [ -83.022889, 42.398079 ], [ -83.022864, 42.397465 ], [ -83.022859, 42.397323 ], [ -83.022838, 42.396832 ], [ -83.022824, 42.396498 ], [ -83.022807, 42.396102 ], [ -83.022787, 42.395669 ], [ -83.022774, 42.395373 ], [ -83.022751, 42.39484 ], [ -83.022716, 42.394033 ], [ -83.02269, 42.393428 ], [ -83.026722, 42.393409 ], [ -83.026956, 42.393415 ], [ -83.027218, 42.393476 ], [ -83.027238, 42.39363 ], [ -83.02756, 42.393624 ], [ -83.027753, 42.393607 ], [ -83.027895, 42.393612 ], [ -83.028103, 42.393605 ], [ -83.028358, 42.393596 ], [ -83.029086, 42.393587 ], [ -83.030072, 42.393576 ], [ -83.03106, 42.393565 ], [ -83.03204, 42.393553 ], [ -83.032534, 42.393541 ], [ -83.033947, 42.393506 ], [ -83.034681, 42.393483 ], [ -83.034895, 42.393477 ], [ -83.035073, 42.393472 ], [ -83.036811, 42.393419 ], [ -83.037413, 42.393397 ], [ -83.037431, 42.393857 ], [ -83.037446, 42.394225 ], [ -83.037481, 42.395041 ], [ -83.037488, 42.395227 ], [ -83.037516, 42.395882 ], [ -83.037521, 42.396016 ], [ -83.037552, 42.396752 ], [ -83.037584, 42.39748 ], [ -83.037612, 42.398261 ], [ -83.037641, 42.399001 ], [ -83.037669, 42.399735 ], [ -83.037702, 42.400472 ], [ -83.037716, 42.40086 ], [ -83.037827, 42.401167 ], [ -83.037889, 42.401634 ], [ -83.037966, 42.402404 ], [ -83.037979, 42.402628 ], [ -83.038074, 42.404319 ], [ -83.038085, 42.404406 ], [ -83.038102, 42.404483 ], [ -83.038167, 42.404682 ], [ -83.038221, 42.404805 ], [ -83.038339, 42.405015 ], [ -83.038395, 42.405096 ], [ -83.038537, 42.405259 ], [ -83.038722, 42.40544 ], [ -83.038995, 42.40562 ], [ -83.039251, 42.405765 ], [ -83.040274, 42.406291 ], [ -83.040225, 42.406326 ] ] ] } },
{ "type": "Feature", "properties": { "GEOID": "261635279004", "NAME": "15000US261635279004", "population": 476, "acs_year": "2020-2024", "ALAND": 730617, "AWATER": 0, "walk_minutes": 27.234497354973691, "access_bin": "> 20 min", "within_15": false, "tract": "26163527900" }, "geometry": { "type": "Polygon", "coordinates": [ [ [ -83.12976, 42.35196 ], [ -83.128247, 42.351928 ], [ -83.127029, 42.351906 ], [ -83.125659, 42.351882 ], [ -83.124381, 42.35186 ], [ -83.123124, 42.351838 ], [ -83.122713, 42.351825 ], [ -83.122661, 42.35183 ], [ -83.122573, 42.351859 ], [ -83.121433, 42.352294 ], [ -83.121315, 42.352338 ], [ -83.120444, 42.352665 ], [ -83.119351, 42.353074 ], [ -83.119218, 42.352874 ], [ -83.119207, 42.352849 ], [ -83.119197, 42.352798 ], [ -83.11919, 42.352657 ], [ -83.119149, 42.351791 ], [ -83.119062, 42.349815 ], [ -83.120122, 42.34979 ], [ -83.12118, 42.349768 ], [ -83.121522, 42.349761 ], [ -83.12165, 42.34975 ], [ -83.121155, 42.349045 ], [ -83.120306, 42.347845 ], [ -83.120023, 42.347453 ], [ -83.118882, 42.34583 ], [ -83.118854, 42.345149 ], [ -83.118847, 42.345109 ], [ -83.118824, 42.345062 ], [ -83.1185, 42.344603 ], [ -83.117776, 42.344614 ], [ -83.116285, 42.344641 ], [ -83.114541, 42.344673 ], [ -83.113911, 42.344686 ], [ -83.113453, 42.344693 ], [ -83.112929, 42.344702 ], [ -83.113056, 42.344624 ], [ -83.113318, 42.344444 ], [ -83.11369, 42.34418 ], [ -83.113998, 42.343951 ], [ -83.114299, 42.343718 ], [ -83.114594, 42.34348 ], [ -83.115125, 42.343028 ], [ -83.11543, 42.342761 ], [ -83.116815, 42.341592 ], [ -83.117319, 42.341178 ], [ -83.118024, 42.340586 ], [ -83.118361, 42.340323 ], [ -83.118468, 42.340471 ], [ -83.118564, 42.340605 ], [ -83.118659, 42.34074 ], [ -83.119344, 42.341695 ], [ -83.120583, 42.343421 ], [ -83.120643, 42.34351 ], [ -83.121517, 42.343161 ], [ -83.122445, 42.342794 ], [ -83.123377, 42.342421 ], [ -83.124861, 42.34448 ], [ -83.124468, 42.344493 ], [ -83.125435, 42.345857 ], [ -83.126776, 42.347758 ], [ -83.129675, 42.351862 ], [ -83.12976, 42.35196 ] ] ] } },
{ "type": "Feature", "properties": { "GEOID": "261635026004", "NAME": "15000US261635026004", "population": 836, "acs_year": "2020-2024", "ALAND": 390136, "AWATER": 0, "walk_minutes": 19.470895003071508, "access_bin": "<= 20 min", "within_15": false, "tract": "26163502600" }, "geometry": { "type": "Polygon", "coordinates": [ [ [ -82.970096, 42.3974 ], [ -82.969299, 42.397685 ], [ -82.968372, 42.398019 ], [ -82.967444, 42.398351 ], [ -82.966506, 42.398688 ], [ -82.965333, 42.39911 ], [ -82.964142, 42.399537 ], [ -82.963167, 42.399882 ], [ -82.962153, 42.398353 ], [ -82.961115, 42.39678 ], [ -82.961083, 42.396657 ], [ -82.96108, 42.396532 ], [ -82.961015, 42.396379 ], [ -82.960111, 42.394995 ], [ -82.961231, 42.394593 ], [ -82.962195, 42.394244 ], [ -82.963159, 42.393896 ], [ -82.964136, 42.393545 ], [ -82.965083, 42.393205 ], [ -82.966009, 42.392873 ], [ -82.967045, 42.3925 ], [ -82.967148, 42.39259 ], [ -82.967386, 42.392874 ], [ -82.968159, 42.394033 ], [ -82.969317, 42.39578 ], [ -82.970403, 42.397387 ], [ -82.970096, 42.3974 ] ] ] } },
{ "type": "Feature", "properties": { "GEOID": "261635001001", "NAME": "15000US261635001001", "population": 1053, "acs_year": "2020-2024", "ALAND": 435727, "AWATER": 0, "walk_minutes": 21.269474232578361, "access_bin": "> 20 min", "within_15": false, "tract": "26163500100" }, "geometry": { "type": "Polygon", "coordinates": [ [ [ -82.956002, 42.442863 ], [ -82.955895, 42.442878 ], [ -82.953544, 42.442903 ], [ -82.951119, 42.442922 ], [ -82.948605, 42.442942 ], [ -82.947446, 42.442953 ], [ -82.947052, 42.442957 ], [ -82.947006, 42.442952 ], [ -82.946879, 42.442922 ], [ -82.946945, 42.442825 ], [ -82.947316, 42.442328 ], [ -82.947681, 42.441838 ], [ -82.948031, 42.441373 ], [ -82.948366, 42.440928 ], [ -82.948726, 42.44045 ], [ -82.949051, 42.440018 ], [ -82.949337, 42.439637 ], [ -82.949735, 42.439107 ], [ -82.949964, 42.438806 ], [ -82.950431, 42.43819 ], [ -82.951107, 42.437289 ], [ -82.951505, 42.436764 ], [ -82.951802, 42.436373 ], [ -82.951991, 42.436119 ], [ -82.952328, 42.435667 ], [ -82.952538, 42.435387 ], [ -82.952792, 42.435049 ], [ -82.95296, 42.434657 ], [ -82.953192, 42.434404 ], [ -82.95368, 42.434779 ], [ -82.953842, 42.434841 ], [ -82.953901, 42.434864 ], [ -82.954232, 42.434991 ], [ -82.955372, 42.435468 ], [ -82.955776, 42.43558 ], [ -82.955802, 42.436504 ], [ -82.955832, 42.437402 ], [ -82.95586, 42.438302 ], [ -82.955887, 42.439202 ], [ -82.955915, 42.440102 ], [ -82.955942, 42.441002 ], [ -82.955969, 42.441906 ], [ -82.956002, 42.442863 ] ] ] } },
{ "type": "Feature", "properties": { "GEOID": "261635057003", "NAME": "15000US261635057003", "population": 1093, "acs_year": "2020-2024", "ALAND": 718563, "AWATER": 0, "walk_minutes": 17.703310678679262, "access_bin": "<= 20 min", "within_15": false, "tract": "26163505700" }, "geometry": { "type": "Polygon", "coordinates": [ [ [ -83.023, 42.400953 ], [ -83.022666, 42.400943 ], [ -83.021306, 42.40085 ], [ -83.021136, 42.400851 ], [ -83.018904, 42.400888 ], [ -83.017761, 42.400912 ], [ -83.017623, 42.400914 ], [ -83.017359, 42.40092 ], [ -83.013123, 42.401069 ], [ -83.013067, 42.400208 ], [ -83.013011, 42.399368 ], [ -83.012955, 42.398552 ], [ -83.012904, 42.397794 ], [ -83.012648, 42.39781 ], [ -83.01253, 42.396674 ], [ -83.012331, 42.396691 ], [ -83.011995, 42.394624 ], [ -83.011693, 42.394678 ], [ -83.011475, 42.393981 ], [ -83.013668, 42.39359 ], [ -83.01561, 42.393242 ], [ -83.015897, 42.393191 ], [ -83.016907, 42.39299 ], [ -83.017233, 42.392931 ], [ -83.01729, 42.392928 ], [ -83.017337, 42.392943 ], [ -83.017362, 42.392974 ], [ -83.017373, 42.393311 ], [ -83.018038, 42.393299 ], [ -83.019046, 42.393283 ], [ -83.019769, 42.393271 ], [ -83.020044, 42.393267 ], [ -83.022681, 42.393224 ], [ -83.02269, 42.393428 ], [ -83.022716, 42.394033 ], [ -83.022751, 42.39484 ], [ -83.022774, 42.395373 ], [ -83.022787, 42.395669 ], [ -83.022807, 42.396102 ], [ -83.022824, 42.396498 ], [ -83.022838, 42.396832 ], [ -83.022859, 42.397323 ], [ -83.022864, 42.397465 ], [ -83.022889, 42.398079 ], [ -83.022897, 42.398273 ], [ -83.022917, 42.398801 ], [ -83.02293, 42.399119 ], [ -83.022945, 42.399531 ], [ -83.022961, 42.399958 ], [ -83.023, 42.400953 ] ] ] } },
{ "type": "Feature", "properties": { "GEOID": "261635409001", "NAME": "15000US261635409001", "population": 773, "acs_year": "2020-2024", "ALAND": 357309, "AWATER": 0, "walk_minutes": 18.587289489418534, "access_bin": "<= 20 min", "within_15": false, "tract": "26163540900" }, "geometry": { "type": "Polygon", "coordinates": [ [ [ -83.250247, 42.440063 ], [ -83.249015, 42.440108 ], [ -83.247756, 42.440142 ], [ -83.246549, 42.440173 ], [ -83.245345, 42.440202 ], [ -83.244138, 42.440232 ], [ -83.24294, 42.440258 ], [ -83.241724, 42.440283 ], [ -83.240503, 42.440308 ], [ -83.23928, 42.440332 ], [ -83.239205, 42.438401 ], [ -83.239136, 42.436772 ], [ -83.240296, 42.436747 ], [ -83.241315, 42.436725 ], [ -83.241582, 42.436719 ], [ -83.242387, 42.436702 ], [ -83.242792, 42.436692 ], [ -83.24346, 42.436676 ], [ -83.243997, 42.436663 ], [ -83.244484, 42.436651 ], [ -83.245206, 42.436631 ], [ -83.245452, 42.436625 ], [ -83.246416, 42.436601 ], [ -83.247618, 42.436587 ], [ -83.248887, 42.436572 ], [ -83.250119, 42.436543 ], [ -83.250181, 42.43821 ], [ -83.250247, 42.440063 ] ] ] } },
{ "type": "Feature", "properties": { "GEOID": "261635412001", "NAME": "15000US261635412001", "population": 1064, "acs_year": "2020-2024", "ALAND": 618598, "AWATER": 0, "walk_minutes": 10.22140307431167, "access_bin": "<= 15 min", "within_15": true, "tract": "26163541200" }, "geometry": { "type": "Polygon", "coordinates": [ [ [ -83.258104, 42.421314 ], [ -83.257027, 42.42134 ], [ -83.255626, 42.42138 ], [ -83.253204, 42.421443 ], [ -83.253235, 42.42208 ], [ -83.253249, 42.422905 ], [ -83.253252, 42.423233 ], [ -83.253255, 42.423626 ], [ -83.253272, 42.424216 ], [ -83.251104, 42.424236 ], [ -83.2495, 42.424251 ], [ -83.24944, 42.423009 ], [ -83.24936, 42.421573 ], [ -83.2492, 42.418939 ], [ -83.249148, 42.418074 ], [ -83.248963, 42.414986 ], [ -83.248952, 42.414887 ], [ -83.249818, 42.414873 ], [ -83.250801, 42.414863 ], [ -83.252677, 42.414825 ], [ -83.253365, 42.414813 ], [ -83.253896, 42.414804 ], [ -83.25505, 42.414783 ], [ -83.256248, 42.414761 ], [ -83.257478, 42.414736 ], [ -83.257558, 42.415595 ], [ -83.257643, 42.416489 ], [ -83.257786, 42.417929 ], [ -83.257806, 42.418145 ], [ -83.25786, 42.418744 ], [ -83.257943, 42.419576 ], [ -83.258026, 42.420454 ], [ -83.258104, 42.421314 ] ] ] } },
{ "type": "Feature", "properties": { "GEOID": "261635442002", "NAME": "15000US261635442002", "population": 756, "acs_year": "2020-2024", "ALAND": 650784, "AWATER": 0, "walk_minutes": 13.733741865033574, "access_bin": "<= 15 min", "within_15": true, "tract": "26163544200" }, "geometry": { "type": "Polygon", "coordinates": [ [ [ -83.262343, 42.414612 ], [ -83.262283, 42.414744 ], [ -83.261775, 42.414731 ], [ -83.259773, 42.414736 ], [ -83.258665, 42.414738 ], [ -83.257478, 42.414736 ], [ -83.25747, 42.414597 ], [ -83.257383, 42.412853 ], [ -83.257301, 42.411189 ], [ -83.257251, 42.410211 ], [ -83.257162, 42.408406 ], [ -83.257118, 42.407468 ], [ -83.257046, 42.405712 ], [ -83.256977, 42.403913 ], [ -83.256905, 42.402094 ], [ -83.256833, 42.40029 ], [ -83.258107, 42.400279 ], [ -83.259315, 42.400272 ], [ -83.260523, 42.400265 ], [ -83.261758, 42.40026 ], [ -83.261828, 42.402068 ], [ -83.261899, 42.403886 ], [ -83.26197, 42.405691 ], [ -83.26204, 42.407439 ], [ -83.262043, 42.407514 ], [ -83.262052, 42.407713 ], [ -83.262084, 42.408368 ], [ -83.26214, 42.409501 ], [ -83.262174, 42.410181 ], [ -83.262219, 42.41114 ], [ -83.262245, 42.411686 ], [ -83.262302, 42.412841 ], [ -83.262349, 42.413743 ], [ -83.262343, 42.414612 ] ] ] } },
{ "type": "Feature", "properties": { "GEOID": "261635448002", "NAME": "15000US261635448002", "population": 1013, "acs_year": "2020-2024", "ALAND": 1404089, "AWATER": 0, "walk_minutes": 26.201815127920238, "access_bin": "> 20 min", "within_15": false, "tract": "26163544800" }, "geometry": { "type": "Polygon", "coordinates": [ [ [ -83.261758, 42.40026 ], [ -83.260523, 42.400265 ], [ -83.259315, 42.400272 ], [ -83.258107, 42.400279 ], [ -83.256833, 42.40029 ], [ -83.256411, 42.400294 ], [ -83.2556, 42.400314 ], [ -83.254397, 42.400342 ], [ -83.253194, 42.400373 ], [ -83.251974, 42.400402 ], [ -83.25068, 42.400431 ], [ -83.250615, 42.400435 ], [ -83.250381, 42.40044 ], [ -83.249306, 42.400465 ], [ -83.248228, 42.400491 ], [ -83.247118, 42.400516 ], [ -83.245968, 42.400534 ], [ -83.244846, 42.400552 ], [ -83.24374, 42.400568 ], [ -83.24268, 42.400586 ], [ -83.241603, 42.400604 ], [ -83.240562, 42.40062 ], [ -83.240459, 42.398042 ], [ -83.240451, 42.39784 ], [ -83.240369, 42.395745 ], [ -83.240277, 42.39341 ], [ -83.241314, 42.393388 ], [ -83.242435, 42.393363 ], [ -83.243453, 42.393341 ], [ -83.244545, 42.393317 ], [ -83.245672, 42.393292 ], [ -83.246827, 42.393267 ], [ -83.247969, 42.393232 ], [ -83.249049, 42.393211 ], [ -83.250374, 42.393185 ], [ -83.251708, 42.393159 ], [ -83.252921, 42.393137 ], [ -83.254122, 42.393114 ], [ -83.255324, 42.393098 ], [ -83.256419, 42.393083 ], [ -83.256695, 42.393079 ], [ -83.257282, 42.393074 ], [ -83.257868, 42.393068 ], [ -83.259074, 42.393057 ], [ -83.260283, 42.393047 ], [ -83.261519, 42.393034 ], [ -83.261569, 42.394623 ], [ -83.261598, 42.395384 ], [ -83.261638, 42.396697 ], [ -83.261672, 42.397582 ], [ -83.261758, 42.40026 ] ] ] } },
{ "type": "Feature", "properties": { "GEOID": "261635401003", "NAME": "15000US261635401003", "population": 981, "acs_year": "2020-2024", "ALAND": 386197, "AWATER": 0, "walk_minutes": 33.724852556234829, "access_bin": "> 20 min", "within_15": false, "tract": "26163540100" }, "geometry": { "type": "Polygon", "coordinates": [ [ [ -83.219701, 42.441948 ], [ -83.219681, 42.442641 ], [ -83.219649, 42.443389 ], [ -83.219632, 42.443991 ], [ -83.219626, 42.444176 ], [ -83.219631, 42.444349 ], [ -83.219301, 42.444358 ], [ -83.21755, 42.444396 ], [ -83.217441, 42.444398 ], [ -83.217091, 42.444407 ], [ -83.216746, 42.444414 ], [ -83.217097, 42.444239 ], [ -83.21673, 42.444244 ], [ -83.216121, 42.444259 ], [ -83.214943, 42.444288 ], [ -83.213759, 42.44432 ], [ -83.213754, 42.444154 ], [ -83.213717, 42.442755 ], [ -83.213648, 42.440943 ], [ -83.213578, 42.439133 ], [ -83.21351, 42.437343 ], [ -83.214236, 42.43733 ], [ -83.214696, 42.437322 ], [ -83.215328, 42.437311 ], [ -83.215882, 42.4373 ], [ -83.216426, 42.43729 ], [ -83.217069, 42.437278 ], [ -83.217524, 42.43727 ], [ -83.218251, 42.437258 ], [ -83.218582, 42.437252 ], [ -83.219356, 42.437239 ], [ -83.21954, 42.437237 ], [ -83.219579, 42.43798 ], [ -83.219637, 42.439426 ], [ -83.219659, 42.439981 ], [ -83.219682, 42.440539 ], [ -83.219685, 42.440749 ], [ -83.219685, 42.440772 ], [ -83.219682, 42.441038 ], [ -83.219681, 42.441118 ], [ -83.219701, 42.441948 ] ] ] } },
{ "type": "Feature", "properties": { "GEOID": "261635333001", "NAME": "15000US261635333001", "population": 456, "acs_year": "2020-2024", "ALAND": 255070, "AWATER": 0, "walk_minutes": 26.991878513141152, "access_bin": "> 20 min", "within_15": false, "tract": "26163533300" }, "geometry": { "type": "Polygon", "coordinates": [ [ [ -83.113428, 42.363957 ], [ -83.110161, 42.365184 ], [ -83.109651, 42.364434 ], [ -83.10916, 42.363703 ], [ -83.108677, 42.362991 ], [ -83.108196, 42.362275 ], [ -83.107723, 42.361555 ], [ -83.107263, 42.360837 ], [ -83.106773, 42.360103 ], [ -83.106267, 42.359346 ], [ -83.105982, 42.358919 ], [ -83.105865, 42.358744 ], [ -83.105635, 42.3584 ], [ -83.105565, 42.358351 ], [ -83.108843, 42.357133 ], [ -83.109068, 42.35747 ], [ -83.109226, 42.357707 ], [ -83.109514, 42.358139 ], [ -83.110023, 42.358895 ], [ -83.110515, 42.359625 ], [ -83.110994, 42.360337 ], [ -83.111476, 42.361055 ], [ -83.111958, 42.361771 ], [ -83.11244, 42.362487 ], [ -83.112936, 42.363229 ], [ -83.113428, 42.363957 ] ] ] } },
{ "type": "Feature", "properties": { "GEOID": "261635052002", "NAME": "15000US261635052002", "population": 2429, "acs_year": "2020-2024", "ALAND": 538842, "AWATER": 0, "walk_minutes": 5.8762282420719583, "access_bin": "<= 10 min", "within_15": true, "tract": "26163505200" }, "geometry": { "type": "Polygon", "coordinates": [ [ [ -83.013717, 42.419681 ], [ -83.013318, 42.419693 ], [ -83.011884, 42.419738 ], [ -83.011084, 42.419761 ], [ -83.010408, 42.419781 ], [ -83.009376, 42.419813 ], [ -83.00894, 42.419826 ], [ -83.007688, 42.419865 ], [ -83.006462, 42.419902 ], [ -83.006235, 42.419908 ], [ -83.005203, 42.419938 ], [ -83.004649, 42.419937 ], [ -83.004022, 42.419936 ], [ -83.003159, 42.420245 ], [ -83.002909, 42.419866 ], [ -83.002639, 42.419445 ], [ -83.002121, 42.41864 ], [ -83.001597, 42.41782 ], [ -83.001066, 42.416992 ], [ -83.000525, 42.416148 ], [ -82.999998, 42.415324 ], [ -83.0005, 42.415152 ], [ -83.003351, 42.414146 ], [ -83.005555, 42.413369 ], [ -83.00738, 42.412725 ], [ -83.007428, 42.41277 ], [ -83.008043, 42.413487 ], [ -83.008723, 42.41428 ], [ -83.009391, 42.415062 ], [ -83.010036, 42.415815 ], [ -83.010659, 42.416542 ], [ -83.011028, 42.416972 ], [ -83.011331, 42.417298 ], [ -83.01156, 42.417528 ], [ -83.01207, 42.418006 ], [ -83.013115, 42.418968 ], [ -83.013237, 42.419082 ], [ -83.013509, 42.419339 ], [ -83.013585, 42.419426 ], [ -83.013632, 42.419495 ], [ -83.013683, 42.419591 ], [ -83.013717, 42.419681 ] ] ] } },
{ "type": "Feature", "properties": { "GEOID": "261635027003", "NAME": "15000US261635027003", "population": 943, "acs_year": "2020-2024", "ALAND": 358429, "AWATER": 0, "walk_minutes": 8.5401841016653126, "access_bin": "<= 10 min", "within_15": true, "tract": "26163502700" }, "geometry": { "type": "Polygon", "coordinates": [ [ [ -82.968089, 42.392124 ], [ -82.967045, 42.3925 ], [ -82.966009, 42.392873 ], [ -82.965083, 42.393205 ], [ -82.964136, 42.393545 ], [ -82.963098, 42.391957 ], [ -82.961969, 42.390222 ], [ -82.960784, 42.38842 ], [ -82.959551, 42.386548 ], [ -82.958788, 42.385386 ], [ -82.959819, 42.385135 ], [ -82.960829, 42.38489 ], [ -82.961926, 42.384623 ], [ -82.963066, 42.384343 ], [ -82.964799, 42.386991 ], [ -82.965949, 42.38875 ], [ -82.965947, 42.388793 ], [ -82.965946, 42.388842 ], [ -82.967051, 42.390541 ], [ -82.968089, 42.392124 ] ] ] } },
{ "type": "Feature", "properties": { "GEOID": "261635027001", "NAME": "15000US261635027001", "population": 626, "acs_year": "2020-2024", "ALAND": 617855, "AWATER": 0, "walk_minutes": 9.3500665556126776, "access_bin": "<= 10 min", "within_15": true, "tract": "26163502700" }, "geometry": { "type": "Polygon", "coordinates": [ [ [ -82.960111, 42.394995 ], [ -82.958848, 42.395448 ], [ -82.957885, 42.395795 ], [ -82.956961, 42.396128 ], [ -82.956062, 42.396453 ], [ -82.955671, 42.396594 ], [ -82.955171, 42.396775 ], [ -82.954492, 42.397021 ], [ -82.954145, 42.396617 ], [ -82.953257, 42.395585 ], [ -82.953201, 42.395512 ], [ -82.953091, 42.395358 ], [ -82.952646, 42.394692 ], [ -82.952049, 42.393796 ], [ -82.951033, 42.392279 ], [ -82.950843, 42.391995 ], [ -82.949576, 42.390103 ], [ -82.949365, 42.389786 ], [ -82.94794, 42.387661 ], [ -82.947699, 42.3873 ], [ -82.948714, 42.387142 ], [ -82.949765, 42.386973 ], [ -82.950756, 42.386816 ], [ -82.951898, 42.38664 ], [ -82.952956, 42.386479 ], [ -82.953183, 42.386445 ], [ -82.954271, 42.386263 ], [ -82.954552, 42.386692 ], [ -82.954901, 42.38704 ], [ -82.954945, 42.38709 ], [ -82.955533, 42.387995 ], [ -82.956758, 42.389866 ], [ -82.957935, 42.391668 ], [ -82.95907, 42.3934 ], [ -82.960111, 42.394995 ] ] ] } },
{ "type": "Feature", "properties": { "GEOID": "261635143001", "NAME": "15000US261635143001", "population": 1576, "acs_year": "2020-2024", "ALAND": 876591, "AWATER": 0, "walk_minutes": 13.739141828413802, "access_bin": "<= 15 min", "within_15": true, "tract": "26163514300" }, "geometry": { "type": "Polygon", "coordinates": [ [ [ -83.007085, 42.390326 ], [ -83.006756, 42.390825 ], [ -83.006701, 42.390907 ], [ -83.006401, 42.391293 ], [ -83.00631, 42.39141 ], [ -83.006248, 42.391544 ], [ -83.005886, 42.391626 ], [ -83.005801, 42.391645 ], [ -83.005278, 42.391751 ], [ -83.004522, 42.391884 ], [ -83.004417, 42.391901 ], [ -83.003915, 42.391981 ], [ -83.003352, 42.392073 ], [ -83.00272, 42.392139 ], [ -83.001951, 42.392204 ], [ -83.001625, 42.392223 ], [ -83.001025, 42.392235 ], [ -83.000477, 42.392237 ], [ -82.999754, 42.392226 ], [ -82.999563, 42.392223 ], [ -82.99927, 42.392221 ], [ -82.998819, 42.392228 ], [ -82.998534, 42.392226 ], [ -82.997886, 42.392221 ], [ -82.997551, 42.39223 ], [ -82.997221, 42.392244 ], [ -82.997168, 42.392248 ], [ -82.996735, 42.392284 ], [ -82.995926, 42.392393 ], [ -82.995843, 42.392269 ], [ -82.995647, 42.39199 ], [ -82.995822, 42.391953 ], [ -82.996683, 42.391831 ], [ -82.997527, 42.391864 ], [ -82.997971, 42.391893 ], [ -82.997824, 42.39177 ], [ -82.996196, 42.389472 ], [ -82.996222, 42.389402 ], [ -82.996255, 42.389296 ], [ -82.992503, 42.384004 ], [ -82.993537, 42.383593 ], [ -82.994577, 42.383181 ], [ -82.995658, 42.38277 ], [ -82.996816, 42.382358 ], [ -82.997988, 42.381904 ], [ -82.999039, 42.381482 ], [ -82.999927, 42.381102 ], [ -83.000181, 42.380975 ], [ -83.000349, 42.38087 ], [ -83.00098, 42.381766 ], [ -83.001515, 42.382529 ], [ -83.002049, 42.383288 ], [ -83.002528, 42.383969 ], [ -83.003008, 42.38465 ], [ -83.003487, 42.385331 ], [ -83.003747, 42.385701 ], [ -83.003963, 42.386011 ], [ -83.004443, 42.386693 ], [ -83.004885, 42.387316 ], [ -83.00528, 42.387878 ], [ -83.005455, 42.388127 ], [ -83.006374, 42.389431 ], [ -83.006739, 42.389949 ], [ -83.006937, 42.39023 ], [ -83.007085, 42.390326 ] ] ] } },
{ "type": "Feature", "properties": { "GEOID": "261635262002", "NAME": "15000US261635262002", "population": 657, "acs_year": "2020-2024", "ALAND": 174986, "AWATER": 0, "walk_minutes": 20.947981842098727, "access_bin": "> 20 min", "within_15": false, "tract": "26163526200" }, "geometry": { "type": "Polygon", "coordinates": [ [ [ -83.146426, 42.333213 ], [ -83.145194, 42.33371 ], [ -83.144332, 42.334058 ], [ -83.143465, 42.334406 ], [ -83.142559, 42.334769 ], [ -83.14158, 42.335164 ], [ -83.140744, 42.335507 ], [ -83.13964, 42.333992 ], [ -83.138706, 42.332716 ], [ -83.13852, 42.332462 ], [ -83.138412, 42.332315 ], [ -83.138993, 42.33219 ], [ -83.139341, 42.332131 ], [ -83.13978, 42.332057 ], [ -83.140445, 42.331952 ], [ -83.14162, 42.331765 ], [ -83.142343, 42.331657 ], [ -83.144244, 42.331378 ], [ -83.145036, 42.331258 ], [ -83.14515, 42.331414 ], [ -83.145349, 42.331688 ], [ -83.146426, 42.333213 ] ] ] } },
{ "type": "Feature", "properties": { "GEOID": "261635305001", "NAME": "15000US261635305001", "population": 921, "acs_year": "2020-2024", "ALAND": 317238, "AWATER": 0, "walk_minutes": 7.6098084862070046, "access_bin": "<= 10 min", "within_15": true, "tract": "26163530500" }, "geometry": { "type": "Polygon", "coordinates": [ [ [ -83.139431, 42.383889 ], [ -83.137673, 42.384559 ], [ -83.133971, 42.385962 ], [ -83.13345, 42.385186 ], [ -83.132894, 42.38436 ], [ -83.132302, 42.383478 ], [ -83.132006, 42.38304 ], [ -83.13173, 42.38263 ], [ -83.131273, 42.381942 ], [ -83.131195, 42.381864 ], [ -83.13137, 42.381802 ], [ -83.1338, 42.380878 ], [ -83.134917, 42.380454 ], [ -83.139221, 42.378818 ], [ -83.139241, 42.379294 ], [ -83.13926, 42.379777 ], [ -83.139285, 42.380388 ], [ -83.139303, 42.380821 ], [ -83.139317, 42.381185 ], [ -83.139349, 42.38191 ], [ -83.139393, 42.382931 ], [ -83.139431, 42.383889 ] ] ] } },
{ "type": "Feature", "properties": { "GEOID": "261635128001", "NAME": "15000US261635128001", "population": 1259, "acs_year": "2020-2024", "ALAND": 1513338, "AWATER": 0, "walk_minutes": 21.861303352891845, "access_bin": "> 20 min", "within_15": false, "tract": "26163512800" }, "geometry": { "type": "Polygon", "coordinates": [ [ [ -82.961544, 42.375929 ], [ -82.960478, 42.376321 ], [ -82.959407, 42.376715 ], [ -82.958339, 42.377108 ], [ -82.957276, 42.377501 ], [ -82.956256, 42.377876 ], [ -82.955287, 42.378231 ], [ -82.954318, 42.378588 ], [ -82.953343, 42.378947 ], [ -82.952373, 42.379305 ], [ -82.951409, 42.379663 ], [ -82.950226, 42.380106 ], [ -82.949051, 42.380548 ], [ -82.948133, 42.38089 ], [ -82.947135, 42.381262 ], [ -82.946215, 42.381591 ], [ -82.945296, 42.381921 ], [ -82.944406, 42.382242 ], [ -82.943911, 42.382418 ], [ -82.943001, 42.381039 ], [ -82.942838, 42.381094 ], [ -82.942567, 42.380674 ], [ -82.942413, 42.380461 ], [ -82.942572, 42.380395 ], [ -82.941314, 42.378469 ], [ -82.939949, 42.376406 ], [ -82.939734, 42.376071 ], [ -82.939681, 42.375988 ], [ -82.93959, 42.376004 ], [ -82.939528, 42.376007 ], [ -82.939476, 42.376005 ], [ -82.939426, 42.375993 ], [ -82.939382, 42.375969 ], [ -82.939354, 42.375937 ], [ -82.93891, 42.37514 ], [ -82.939134, 42.375038 ], [ -82.93953, 42.374875 ], [ -82.940219, 42.374579 ], [ -82.940377, 42.374513 ], [ -82.940423, 42.374494 ], [ -82.941133, 42.374201 ], [ -82.941345, 42.374116 ], [ -82.942195, 42.373773 ], [ -82.943184, 42.373364 ], [ -82.943367, 42.373289 ], [ -82.94416, 42.372963 ], [ -82.944527, 42.372812 ], [ -82.945249, 42.372515 ], [ -82.94572, 42.37232 ], [ -82.94633, 42.372068 ], [ -82.946696, 42.371917 ], [ -82.947339, 42.371652 ], [ -82.947548, 42.371566 ], [ -82.94829, 42.37126 ], [ -82.948464, 42.371189 ], [ -82.948745, 42.371074 ], [ -82.94891, 42.371021 ], [ -82.949081, 42.370978 ], [ -82.949209, 42.370953 ], [ -82.949297, 42.370942 ], [ -82.949388, 42.370932 ], [ -82.949453, 42.370924 ], [ -82.950359, 42.370836 ], [ -82.950434, 42.370829 ], [ -82.951565, 42.370719 ], [ -82.952765, 42.370602 ], [ -82.953737, 42.370508 ], [ -82.954011, 42.370481 ], [ -82.954768, 42.370408 ], [ -82.955824, 42.370306 ], [ -82.956504, 42.37024 ], [ -82.956922, 42.3702 ], [ -82.957983, 42.370095 ], [ -82.958905, 42.370001 ], [ -82.960386, 42.372269 ], [ -82.961327, 42.37371 ], [ -82.962535, 42.375569 ], [ -82.961544, 42.375929 ] ] ] } },
{ "type": "Feature", "properties": { "GEOID": "261635137001", "NAME": "15000US261635137001", "population": 1149, "acs_year": "2020-2024", "ALAND": 559875, "AWATER": 0, "walk_minutes": 32.973735305534866, "access_bin": "> 20 min", "within_15": false, "tract": "26163513700" }, "geometry": { "type": "Polygon", "coordinates": [ [ [ -82.955757, 42.365033 ], [ -82.954879, 42.36535 ], [ -82.953965, 42.36568 ], [ -82.953026, 42.366018 ], [ -82.952118, 42.366345 ], [ -82.951225, 42.366666 ], [ -82.951181, 42.366681 ], [ -82.950305, 42.366995 ], [ -82.94854, 42.367626 ], [ -82.947569, 42.367973 ], [ -82.946609, 42.368317 ], [ -82.94565, 42.368662 ], [ -82.944775, 42.368977 ], [ -82.944567, 42.368521 ], [ -82.944529, 42.368511 ], [ -82.944461, 42.368473 ], [ -82.944429, 42.368445 ], [ -82.944404, 42.368412 ], [ -82.944385, 42.368374 ], [ -82.943302, 42.366717 ], [ -82.943281, 42.366654 ], [ -82.943276, 42.366573 ], [ -82.943286, 42.366521 ], [ -82.942915, 42.366172 ], [ -82.942918, 42.366136 ], [ -82.942507, 42.365502 ], [ -82.942468, 42.365454 ], [ -82.942438, 42.365406 ], [ -82.942406, 42.365341 ], [ -82.942254, 42.364961 ], [ -82.942203, 42.364881 ], [ -82.942995, 42.364599 ], [ -82.943175, 42.364534 ], [ -82.943954, 42.364254 ], [ -82.944268, 42.364141 ], [ -82.944912, 42.36391 ], [ -82.945533, 42.363688 ], [ -82.94584, 42.363578 ], [ -82.946681, 42.363278 ], [ -82.94654, 42.36306 ], [ -82.946728, 42.362864 ], [ -82.946875, 42.362728 ], [ -82.947014, 42.362641 ], [ -82.947038, 42.362626 ], [ -82.947199, 42.362549 ], [ -82.947723, 42.362384 ], [ -82.948201, 42.362196 ], [ -82.948274, 42.362149 ], [ -82.948305, 42.362093 ], [ -82.948408, 42.362095 ], [ -82.948535, 42.362078 ], [ -82.948886, 42.361986 ], [ -82.949022, 42.361962 ], [ -82.949157, 42.361937 ], [ -82.949695, 42.361711 ], [ -82.950152, 42.361542 ], [ -82.950181, 42.361516 ], [ -82.951055, 42.361236 ], [ -82.951752, 42.361016 ], [ -82.951987, 42.360933 ], [ -82.952869, 42.360614 ], [ -82.953924, 42.362229 ], [ -82.954809, 42.361902 ], [ -82.956646, 42.364712 ], [ -82.955757, 42.365033 ] ] ] } },
{ "type": "Feature", "properties": { "GEOID": "261635128002", "NAME": "15000US261635128002", "population": 415, "acs_year": "2020-2024", "ALAND": 680005, "AWATER": 0, "walk_minutes": 16.488655524921455, "access_bin": "<= 20 min", "within_15": false, "tract": "26163512800" }, "geometry": { "type": "Polygon", "coordinates": [ [ [ -82.967843, 42.383696 ], [ -82.966659, 42.383756 ], [ -82.96538, 42.383826 ], [ -82.965192, 42.383836 ], [ -82.964455, 42.384001 ], [ -82.964212, 42.384061 ], [ -82.963066, 42.384343 ], [ -82.961926, 42.384623 ], [ -82.960829, 42.38489 ], [ -82.959819, 42.385135 ], [ -82.958788, 42.385386 ], [ -82.955925, 42.38103 ], [ -82.954318, 42.378588 ], [ -82.955287, 42.378231 ], [ -82.956256, 42.377876 ], [ -82.957276, 42.377501 ], [ -82.958339, 42.377108 ], [ -82.959407, 42.376715 ], [ -82.960478, 42.376321 ], [ -82.961544, 42.375929 ], [ -82.962535, 42.375569 ], [ -82.96413, 42.378009 ], [ -82.965619, 42.38029 ], [ -82.967548, 42.383244 ], [ -82.967843, 42.383696 ] ] ] } },
{ "type": "Feature", "properties": { "GEOID": "261635248001", "NAME": "15000US261635248001", "population": 2077, "acs_year": "2020-2024", "ALAND": 664906, "AWATER": 0, "walk_minutes": 80.370542785761771, "access_bin": "> 20 min", "within_15": false, "tract": "26163524800" }, "geometry": { "type": "Polygon", "coordinates": [ [ [ -83.16977, 42.264742 ], [ -83.169676, 42.264853 ], [ -83.169665, 42.264875 ], [ -83.168864, 42.265763 ], [ -83.168681, 42.265957 ], [ -83.168519, 42.266097 ], [ -83.168312, 42.266285 ], [ -83.168139, 42.266452 ], [ -83.167953, 42.266635 ], [ -83.167459, 42.267268 ], [ -83.165103, 42.270067 ], [ -83.164901, 42.269966 ], [ -83.16489, 42.269946 ], [ -83.164864, 42.269926 ], [ -83.164362, 42.269693 ], [ -83.163457, 42.269272 ], [ -83.16254, 42.268845 ], [ -83.161959, 42.268573 ], [ -83.161595, 42.268405 ], [ -83.160766, 42.268016 ], [ -83.159954, 42.267635 ], [ -83.159676, 42.267506 ], [ -83.159653, 42.267499 ], [ -83.158733, 42.267067 ], [ -83.158592, 42.267001 ], [ -83.157478, 42.26648 ], [ -83.15906, 42.264599 ], [ -83.160505, 42.262875 ], [ -83.161962, 42.26114 ], [ -83.163369, 42.259466 ], [ -83.164289, 42.258385 ], [ -83.164477, 42.258227 ], [ -83.164816, 42.25844 ], [ -83.165295, 42.258751 ], [ -83.165438, 42.258854 ], [ -83.1656, 42.258971 ], [ -83.165769, 42.259097 ], [ -83.166033, 42.25931 ], [ -83.166284, 42.25953 ], [ -83.166355, 42.259596 ], [ -83.1664, 42.259638 ], [ -83.166432, 42.259675 ], [ -83.166541, 42.259816 ], [ -83.1666, 42.259909 ], [ -83.166644, 42.259991 ], [ -83.166717, 42.260169 ], [ -83.16676, 42.260338 ], [ -83.166779, 42.260509 ], [ -83.166775, 42.260694 ], [ -83.16678, 42.260804 ], [ -83.166779, 42.260957 ], [ -83.166778, 42.261077 ], [ -83.166786, 42.261198 ], [ -83.166793, 42.261286 ], [ -83.166835, 42.261566 ], [ -83.1669, 42.261835 ], [ -83.166923, 42.261878 ], [ -83.167005, 42.261974 ], [ -83.167264, 42.262281 ], [ -83.167797, 42.263265 ], [ -83.16803, 42.263696 ], [ -83.16811, 42.263817 ], [ -83.168188, 42.263912 ], [ -83.168261, 42.263987 ], [ -83.16834, 42.264058 ], [ -83.168426, 42.264125 ], [ -83.168519, 42.264187 ], [ -83.168618, 42.264243 ], [ -83.168725, 42.264295 ], [ -83.168839, 42.264343 ], [ -83.168952, 42.264382 ], [ -83.169076, 42.264418 ], [ -83.169234, 42.264454 ], [ -83.16938, 42.264477 ], [ -83.169907, 42.264577 ], [ -83.16977, 42.264742 ] ] ] } },
{ "type": "Feature", "properties": { "GEOID": "261635341001", "NAME": "15000US261635341001", "population": 693, "acs_year": "2020-2024", "ALAND": 442877, "AWATER": 0, "walk_minutes": 26.242603865673527, "access_bin": "> 20 min", "within_15": false, "tract": "26163534100" }, "geometry": { "type": "Polygon", "coordinates": [ [ [ -83.146198, 42.375698 ], [ -83.146178, 42.376012 ], [ -83.145779, 42.376021 ], [ -83.145684, 42.376023 ], [ -83.145588, 42.376024 ], [ -83.144511, 42.376044 ], [ -83.143463, 42.376069 ], [ -83.142355, 42.376092 ], [ -83.141652, 42.376107 ], [ -83.141266, 42.376114 ], [ -83.14018, 42.376136 ], [ -83.139637, 42.376143 ], [ -83.139109, 42.37614 ], [ -83.139071, 42.375253 ], [ -83.139034, 42.374346 ], [ -83.138999, 42.373515 ], [ -83.138971, 42.372829 ], [ -83.138957, 42.372508 ], [ -83.13894, 42.372099 ], [ -83.13892, 42.371623 ], [ -83.138908, 42.371332 ], [ -83.138888, 42.370866 ], [ -83.138856, 42.370058 ], [ -83.138802, 42.368665 ], [ -83.138784, 42.368218 ], [ -83.138767, 42.36777 ], [ -83.138751, 42.367398 ], [ -83.139767, 42.367736 ], [ -83.139873, 42.367777 ], [ -83.141068, 42.368228 ], [ -83.141427, 42.368367 ], [ -83.141554, 42.368416 ], [ -83.141906, 42.368568 ], [ -83.142232, 42.368725 ], [ -83.142583, 42.368914 ], [ -83.142785, 42.369034 ], [ -83.143197, 42.3693 ], [ -83.14332, 42.369402 ], [ -83.143921, 42.369904 ], [ -83.144077, 42.370065 ], [ -83.144239, 42.370243 ], [ -83.144655, 42.370732 ], [ -83.144971, 42.371153 ], [ -83.145216, 42.371545 ], [ -83.145428, 42.371931 ], [ -83.145645, 42.372413 ], [ -83.145906, 42.373154 ], [ -83.146014, 42.373528 ], [ -83.146099, 42.373905 ], [ -83.146195, 42.374564 ], [ -83.14621, 42.375063 ], [ -83.146198, 42.375698 ] ] ] } },
{ "type": "Feature", "properties": { "GEOID": "261635315012", "NAME": "15000US261635315012", "population": 1253, "acs_year": "2020-2024", "ALAND": 238807, "AWATER": 0, "walk_minutes": 14.457040753791615, "access_bin": "<= 15 min", "within_15": true, "tract": "26163531501" }, "geometry": { "type": "Polygon", "coordinates": [ [ [ -83.130873, 42.389743 ], [ -83.127442, 42.391012 ], [ -83.127073, 42.390462 ], [ -83.127013, 42.390383 ], [ -83.126953, 42.390304 ], [ -83.126549, 42.389682 ], [ -83.126061, 42.388954 ], [ -83.125506, 42.388128 ], [ -83.124977, 42.387341 ], [ -83.124445, 42.386551 ], [ -83.124154, 42.386119 ], [ -83.123906, 42.385749 ], [ -83.123353, 42.384929 ], [ -83.126144, 42.383863 ], [ -83.1266, 42.383695 ], [ -83.126674, 42.383659 ], [ -83.126743, 42.383604 ], [ -83.127296, 42.384414 ], [ -83.127568, 42.384826 ], [ -83.127838, 42.385234 ], [ -83.127872, 42.385285 ], [ -83.128398, 42.386064 ], [ -83.128938, 42.386871 ], [ -83.129479, 42.387677 ], [ -83.129977, 42.388418 ], [ -83.130449, 42.389118 ], [ -83.130715, 42.389519 ], [ -83.130873, 42.389743 ] ] ] } },
{ "type": "Feature", "properties": { "GEOID": "261635315011", "NAME": "15000US261635315011", "population": 146, "acs_year": "2020-2024", "ALAND": 250780, "AWATER": 0, "walk_minutes": 11.692852577714314, "access_bin": "<= 15 min", "within_15": true, "tract": "26163531501" }, "geometry": { "type": "Polygon", "coordinates": [ [ [ -83.126674, 42.383659 ], [ -83.1266, 42.383695 ], [ -83.126144, 42.383863 ], [ -83.123353, 42.384929 ], [ -83.120652, 42.385931 ], [ -83.118037, 42.386901 ], [ -83.117928, 42.386933 ], [ -83.117642, 42.386514 ], [ -83.117371, 42.386123 ], [ -83.117171, 42.385841 ], [ -83.116797, 42.385313 ], [ -83.11671, 42.38519 ], [ -83.116209, 42.38448 ], [ -83.118978, 42.383452 ], [ -83.121681, 42.382451 ], [ -83.125108, 42.381181 ], [ -83.125425, 42.381651 ], [ -83.125675, 42.382022 ], [ -83.125869, 42.382309 ], [ -83.126225, 42.382837 ], [ -83.126313, 42.382966 ], [ -83.126743, 42.383604 ], [ -83.126674, 42.383659 ] ] ] } },
{ "type": "Feature", "properties": { "GEOID": "261635242003", "NAME": "15000US261635242003", "population": 1794, "acs_year": "2020-2024", "ALAND": 350461, "AWATER": 0, "walk_minutes": 7.8864226738561989, "access_bin": "<= 10 min", "within_15": true, "tract": "26163524200" }, "geometry": { "type": "Polygon", "coordinates": [ [ [ -83.132564, 42.309262 ], [ -83.131881, 42.309541 ], [ -83.131019, 42.309891 ], [ -83.130163, 42.310239 ], [ -83.129671, 42.310439 ], [ -83.129304, 42.310589 ], [ -83.128424, 42.310947 ], [ -83.127468, 42.311336 ], [ -83.12721, 42.31144 ], [ -83.12651, 42.311728 ], [ -83.125536, 42.312131 ], [ -83.124314, 42.312636 ], [ -83.123833, 42.311965 ], [ -83.123369, 42.311317 ], [ -83.122905, 42.310667 ], [ -83.1224, 42.309958 ], [ -83.121905, 42.309264 ], [ -83.12144, 42.308617 ], [ -83.120975, 42.307965 ], [ -83.120507, 42.307316 ], [ -83.12245, 42.306543 ], [ -83.123408, 42.306159 ], [ -83.123857, 42.306778 ], [ -83.124351, 42.307461 ], [ -83.124811, 42.3081 ], [ -83.125294, 42.308766 ], [ -83.125755, 42.308552 ], [ -83.127832, 42.30776 ], [ -83.130762, 42.306644 ], [ -83.130945, 42.306912 ], [ -83.131207, 42.307291 ], [ -83.131655, 42.307942 ], [ -83.132102, 42.308592 ], [ -83.132564, 42.309262 ] ] ] } },
{ "type": "Feature", "properties": { "GEOID": "261635240011", "NAME": "15000US261635240011", "population": 1528, "acs_year": "2020-2024", "ALAND": 191715, "AWATER": 0, "walk_minutes": 7.2600048078835062, "access_bin": "<= 10 min", "within_15": true, "tract": "26163524001" }, "geometry": { "type": "Polygon", "coordinates": [ [ [ -83.124314, 42.312636 ], [ -83.123692, 42.312888 ], [ -83.12308, 42.313145 ], [ -83.122111, 42.313544 ], [ -83.121318, 42.313871 ], [ -83.120832, 42.313205 ], [ -83.120361, 42.312558 ], [ -83.119888, 42.311909 ], [ -83.119417, 42.311261 ], [ -83.11935, 42.31117 ], [ -83.118943, 42.310612 ], [ -83.118845, 42.310478 ], [ -83.118376, 42.309835 ], [ -83.118037, 42.309354 ], [ -83.118243, 42.309056 ], [ -83.120176, 42.306254 ], [ -83.120265, 42.306399 ], [ -83.120306, 42.306508 ], [ -83.120328, 42.306616 ], [ -83.12044, 42.307158 ], [ -83.12047, 42.307245 ], [ -83.120507, 42.307316 ], [ -83.120975, 42.307965 ], [ -83.12144, 42.308617 ], [ -83.121905, 42.309264 ], [ -83.1224, 42.309958 ], [ -83.122905, 42.310667 ], [ -83.123369, 42.311317 ], [ -83.123833, 42.311965 ], [ -83.124314, 42.312636 ] ] ] } },
{ "type": "Feature", "properties": { "GEOID": "261635259002", "NAME": "15000US261635259002", "population": 777, "acs_year": "2020-2024", "ALAND": 287498, "AWATER": 0, "walk_minutes": 4.0224265294587971, "access_bin": "<= 5 min", "within_15": true, "tract": "26163525900" }, "geometry": { "type": "Polygon", "coordinates": [ [ [ -83.119975, 42.331107 ], [ -83.118839, 42.331118 ], [ -83.116813, 42.331138 ], [ -83.116519, 42.331141 ], [ -83.115529, 42.331148 ], [ -83.114715, 42.33115 ], [ -83.113999, 42.331154 ], [ -83.113037, 42.331159 ], [ -83.111769, 42.331166 ], [ -83.111474, 42.33117 ], [ -83.111053, 42.330583 ], [ -83.110485, 42.329796 ], [ -83.109907, 42.328998 ], [ -83.111201, 42.328475 ], [ -83.113117, 42.327704 ], [ -83.114003, 42.327349 ], [ -83.114412, 42.327186 ], [ -83.115627, 42.3267 ], [ -83.116628, 42.326299 ], [ -83.116748, 42.326171 ], [ -83.117728, 42.327518 ], [ -83.118751, 42.328923 ], [ -83.11991, 42.330518 ], [ -83.120338, 42.331112 ], [ -83.119975, 42.331107 ] ] ] } },
{ "type": "Feature", "properties": { "GEOID": "261635254001", "NAME": "15000US261635254001", "population": 727, "acs_year": "2020-2024", "ALAND": 544369, "AWATER": 0, "walk_minutes": 22.445309520430797, "access_bin": "> 20 min", "within_15": false, "tract": "26163525400" }, "geometry": { "type": "Polygon", "coordinates": [ [ [ -83.115125, 42.343028 ], [ -83.114594, 42.34348 ], [ -83.114299, 42.343718 ], [ -83.113998, 42.343951 ], [ -83.11369, 42.34418 ], [ -83.113318, 42.344444 ], [ -83.113056, 42.344624 ], [ -83.112929, 42.344702 ], [ -83.112681, 42.344874 ], [ -83.112501, 42.34499 ], [ -83.11225, 42.345139 ], [ -83.111622, 42.345513 ], [ -83.111164, 42.345771 ], [ -83.110605, 42.346062 ], [ -83.110359, 42.346181 ], [ -83.110033, 42.346338 ], [ -83.109434, 42.346607 ], [ -83.109181, 42.346259 ], [ -83.108935, 42.34592 ], [ -83.108293, 42.345036 ], [ -83.108126, 42.34479 ], [ -83.107892, 42.344445 ], [ -83.106115, 42.341993 ], [ -83.106031, 42.341892 ], [ -83.105936, 42.341793 ], [ -83.105784, 42.341657 ], [ -83.105601, 42.34152 ], [ -83.103753, 42.338977 ], [ -83.104126, 42.338818 ], [ -83.104864, 42.338529 ], [ -83.10618, 42.338013 ], [ -83.10638, 42.338284 ], [ -83.107631, 42.337816 ], [ -83.10894, 42.337297 ], [ -83.109137, 42.337219 ], [ -83.109941, 42.3369 ], [ -83.110566, 42.336653 ], [ -83.111664, 42.33821 ], [ -83.112831, 42.339836 ], [ -83.11405, 42.341531 ], [ -83.114913, 42.342732 ], [ -83.115125, 42.343028 ] ] ] } },
{ "type": "Feature", "properties": { "GEOID": "261635246001", "NAME": "15000US261635246001", "population": 1189, "acs_year": "2020-2024", "ALAND": 6238299, "AWATER": 207915, "walk_minutes": 28.723892838309876, "access_bin": "> 20 min", "within_15": false, "tract": "26163524600" }, "geometry": { "type": "Polygon", "coordinates": [ [ [ -83.142433, 42.291289 ], [ -83.141601, 42.291606 ], [ -83.14112, 42.291809 ], [ -83.140458, 42.292087 ], [ -83.138745, 42.292771 ], [ -83.138487, 42.292876 ], [ -83.138257, 42.29297 ], [ -83.136406, 42.293682 ], [ -83.135817, 42.293906 ], [ -83.132211, 42.295243 ], [ -83.130908, 42.295724 ], [ -83.12988, 42.296098 ], [ -83.129553, 42.296217 ], [ -83.127856, 42.296859 ], [ -83.12726, 42.29708 ], [ -83.126243, 42.297472 ], [ -83.126167, 42.297501 ], [ -83.125599, 42.297718 ], [ -83.125511, 42.297751 ], [ -83.125185, 42.297873 ], [ -83.124815, 42.298023 ], [ -83.124554, 42.298125 ], [ -83.123968, 42.298352 ], [ -83.123262, 42.299 ], [ -83.122853, 42.299375 ], [ -83.122281, 42.299916 ], [ -83.122063, 42.300102 ], [ -83.121882, 42.300243 ], [ -83.121828, 42.300285 ], [ -83.121594, 42.30045 ], [ -83.121279, 42.30065 ], [ -83.121017, 42.3008 ], [ -83.120679, 42.300979 ], [ -83.120452, 42.301093 ], [ -83.120141, 42.301238 ], [ -83.119902, 42.301339 ], [ -83.119806, 42.301378 ], [ -83.119351, 42.30156 ], [ -83.119179, 42.301629 ], [ -83.11619, 42.302816 ], [ -83.113988, 42.303705 ], [ -83.113209, 42.304006 ], [ -83.111576, 42.304656 ], [ -83.110301, 42.305169 ], [ -83.109165, 42.305626 ], [ -83.107838, 42.306144 ], [ -83.107163, 42.306409 ], [ -83.106295, 42.306767 ], [ -83.105763, 42.307 ], [ -83.105224, 42.307264 ], [ -83.104295, 42.307768 ], [ -83.10316, 42.308397 ], [ -83.101287, 42.309432 ], [ -83.100759, 42.309717 ], [ -83.100707, 42.309746 ], [ -83.100466, 42.309876 ], [ -83.09953, 42.310332 ], [ -83.099413, 42.310379 ], [ -83.097156, 42.311316 ], [ -83.096613, 42.311526 ], [ -83.095854, 42.31184 ], [ -83.095724, 42.311893 ], [ -83.093721, 42.312661 ], [ -83.09254, 42.313114 ], [ -83.091092, 42.313672 ], [ -83.087219, 42.315205 ], [ -83.086098, 42.31564 ], [ -83.085889, 42.315727 ], [ -83.085675, 42.315824 ], [ -83.085418, 42.315953 ], [ -83.085162, 42.316094 ], [ -83.084915, 42.316245 ], [ -83.084703, 42.316387 ], [ -83.084469, 42.316559 ], [ -83.084286, 42.316311 ], [ -83.08409, 42.316043 ], [ -83.083471, 42.315196 ], [ -83.082941, 42.314731 ], [ -83.082851, 42.314641 ], [ -83.082792, 42.314569 ], [ -83.082498, 42.314158 ], [ -83.081736, 42.313091 ], [ -83.081637, 42.312941 ], [ -83.08153, 42.312778 ], [ -83.081432, 42.312658 ], [ -83.081632, 42.312568 ], [ -83.081676, 42.312468 ], [ -83.081734, 42.312335 ], [ -83.081812, 42.31217 ], [ -83.082057, 42.311657 ], [ -83.082322, 42.311108 ], [ -83.08238, 42.310973 ], [ -83.082459, 42.310857 ], [ -83.082518, 42.3108 ], [ -83.082589, 42.310751 ], [ -83.082981, 42.310573 ], [ -83.083934, 42.310153 ], [ -83.084246, 42.310012 ], [ -83.084632, 42.309818 ], [ -83.084991, 42.309621 ], [ -83.08509, 42.309535 ], [ -83.085427, 42.309085 ], [ -83.085624, 42.308777 ], [ -83.085919, 42.308504 ], [ -83.086929, 42.307642 ], [ -83.087452, 42.307216 ], [ -83.087637, 42.307066 ], [ -83.087781, 42.30695 ], [ -83.087924, 42.306833 ], [ -83.089352, 42.305684 ], [ -83.089527, 42.305541 ], [ -83.089864, 42.305264 ], [ -83.090769, 42.304529 ], [ -83.091714, 42.303745 ], [ -83.091737, 42.303729 ], [ -83.092344, 42.303451 ], [ -83.093143, 42.303104 ], [ -83.093654, 42.302901 ], [ -83.094319, 42.302633 ], [ -83.095451, 42.302179 ], [ -83.096669, 42.30169 ], [ -83.097784, 42.301244 ], [ -83.09791, 42.301182 ], [ -83.097966, 42.301155 ], [ -83.098073, 42.30106 ], [ -83.098841, 42.300247 ], [ -83.100147, 42.298859 ], [ -83.100825, 42.298139 ], [ -83.101168, 42.29778 ], [ -83.101263, 42.297709 ], [ -83.101334, 42.297668 ], [ -83.101595, 42.297549 ], [ -83.102902, 42.296978 ], [ -83.104127, 42.29644 ], [ -83.105199, 42.295969 ], [ -83.105319, 42.295916 ], [ -83.105458, 42.295855 ], [ -83.105748, 42.295728 ], [ -83.106689, 42.295314 ], [ -83.107627, 42.294905 ], [ -83.108559, 42.294494 ], [ -83.109487, 42.294088 ], [ -83.110417, 42.293678 ], [ -83.111345, 42.293268 ], [ -83.111792, 42.293071 ], [ -83.111911, 42.293019 ], [ -83.111987, 42.292986 ], [ -83.112089, 42.292941 ], [ -83.112762, 42.292645 ], [ -83.113451, 42.292343 ], [ -83.11342, 42.29227 ], [ -83.113011, 42.291707 ], [ -83.11291, 42.291567 ], [ -83.11265, 42.291206 ], [ -83.112351, 42.291114 ], [ -83.111559, 42.290116 ], [ -83.111563, 42.290069 ], [ -83.111381, 42.2898 ], [ -83.11128, 42.289733 ], [ -83.111144, 42.289474 ], [ -83.112074, 42.289588 ], [ -83.113656, 42.289998 ], [ -83.114524, 42.290146 ], [ -83.114705, 42.290177 ], [ -83.115846, 42.29023 ], [ -83.116151, 42.290212 ], [ -83.116315, 42.290203 ], [ -83.116624, 42.290186 ], [ -83.117376, 42.290021 ], [ -83.117991, 42.289789 ], [ -83.118264, 42.289727 ], [ -83.119326, 42.289057 ], [ -83.119536, 42.288754 ], [ -83.119691, 42.288385 ], [ -83.119858, 42.288014 ], [ -83.119954, 42.287554 ], [ -83.119811, 42.286456 ], [ -83.119504, 42.285604 ], [ -83.119383, 42.285116 ], [ -83.119344, 42.284762 ], [ -83.119367, 42.284401 ], [ -83.119069, 42.283283 ], [ -83.118937, 42.282975 ], [ -83.117839, 42.281163 ], [ -83.117719, 42.280412 ], [ -83.117703, 42.280025 ], [ -83.117744, 42.279623 ], [ -83.117851, 42.279462 ], [ -83.118057, 42.279303 ], [ -83.118373, 42.279187 ], [ -83.118852, 42.279134 ], [ -83.119437, 42.279173 ], [ -83.121971, 42.279435 ], [ -83.12879, 42.280791 ], [ -83.13028, 42.2811 ], [ -83.13157, 42.281408 ], [ -83.132856, 42.281804 ], [ -83.13429, 42.282226 ], [ -83.135674, 42.282745 ], [ -83.135744, 42.282589 ], [ -83.135857, 42.282609 ], [ -83.135871, 42.282587 ], [ -83.135928, 42.282541 ], [ -83.135962, 42.282529 ], [ -83.135982, 42.2825 ], [ -83.13602, 42.282476 ], [ -83.136072, 42.282446 ], [ -83.136205, 42.282406 ], [ -83.13629, 42.282401 ], [ -83.136362, 42.282391 ], [ -83.136572, 42.282419 ], [ -83.136871, 42.282531 ], [ -83.13753, 42.282791 ], [ -83.137146, 42.28326 ], [ -83.137811, 42.284803 ], [ -83.137901, 42.284943 ], [ -83.139434, 42.2868 ], [ -83.139496, 42.286887 ], [ -83.139557, 42.286976 ], [ -83.139832, 42.28736 ], [ -83.142629, 42.291215 ], [ -83.142433, 42.291289 ] ] ] } },
{ "type": "Feature", "properties": { "GEOID": "261635363001", "NAME": "15000US261635363001", "population": 722, "acs_year": "2020-2024", "ALAND": 410511, "AWATER": 0, "walk_minutes": 24.320374761209706, "access_bin": "> 20 min", "within_15": false, "tract": "26163536300" }, "geometry": { "type": "Polygon", "coordinates": [ [ [ -83.160004, 42.409707 ], [ -83.158931, 42.409718 ], [ -83.157835, 42.409731 ], [ -83.156741, 42.409741 ], [ -83.15565, 42.409753 ], [ -83.154592, 42.409764 ], [ -83.15364, 42.409773 ], [ -83.153354, 42.409776 ], [ -83.152648, 42.409783 ], [ -83.152152, 42.409787 ], [ -83.150955, 42.409798 ], [ -83.150799, 42.4098 ], [ -83.150673, 42.406368 ], [ -83.150662, 42.406188 ], [ -83.150652, 42.406018 ], [ -83.150622, 42.405139 ], [ -83.150612, 42.404868 ], [ -83.152873, 42.404825 ], [ -83.153456, 42.404827 ], [ -83.15369, 42.404829 ], [ -83.155497, 42.404802 ], [ -83.156254, 42.404791 ], [ -83.156414, 42.404789 ], [ -83.157133, 42.404801 ], [ -83.157367, 42.40481 ], [ -83.157588, 42.404826 ], [ -83.157975, 42.404871 ], [ -83.158598, 42.404984 ], [ -83.159112, 42.405113 ], [ -83.159243, 42.405146 ], [ -83.159618, 42.405251 ], [ -83.159824, 42.405324 ], [ -83.159836, 42.405646 ], [ -83.159847, 42.405847 ], [ -83.159853, 42.406109 ], [ -83.159861, 42.406466 ], [ -83.159921, 42.407896 ], [ -83.160004, 42.409707 ] ] ] } },
{ "type": "Feature", "properties": { "GEOID": "261635364002", "NAME": "15000US261635364002", "population": 943, "acs_year": "2020-2024", "ALAND": 463253, "AWATER": 0, "walk_minutes": 7.4539291278173048, "access_bin": "<= 10 min", "within_15": true, "tract": "26163536400" }, "geometry": { "type": "Polygon", "coordinates": [ [ [ -83.150323, 42.400308 ], [ -83.149785, 42.400312 ], [ -83.149188, 42.400317 ], [ -83.14809, 42.400326 ], [ -83.146971, 42.400336 ], [ -83.146646, 42.400339 ], [ -83.145853, 42.400346 ], [ -83.14467, 42.400355 ], [ -83.143471, 42.400365 ], [ -83.142353, 42.400376 ], [ -83.141233, 42.400387 ], [ -83.140149, 42.40039 ], [ -83.14015, 42.400327 ], [ -83.140081, 42.398759 ], [ -83.140054, 42.398117 ], [ -83.139938, 42.395418 ], [ -83.141026, 42.395406 ], [ -83.142149, 42.395395 ], [ -83.143268, 42.395383 ], [ -83.144461, 42.395371 ], [ -83.145645, 42.395362 ], [ -83.146761, 42.395353 ], [ -83.147881, 42.395341 ], [ -83.148983, 42.395332 ], [ -83.150089, 42.395323 ], [ -83.150219, 42.398046 ], [ -83.150323, 42.400308 ] ] ] } },
{ "type": "Feature", "properties": { "GEOID": "261635396002", "NAME": "15000US261635396002", "population": 2066, "acs_year": "2020-2024", "ALAND": 656104, "AWATER": 0, "walk_minutes": 5.7045663437611358, "access_bin": "<= 10 min", "within_15": true, "tract": "26163539600" }, "geometry": { "type": "Polygon", "coordinates": [ [ [ -83.199874, 42.430422 ], [ -83.198683, 42.430449 ], [ -83.197423, 42.430481 ], [ -83.196163, 42.430518 ], [ -83.195018, 42.430555 ], [ -83.194887, 42.430559 ], [ -83.193815, 42.430595 ], [ -83.193574, 42.430603 ], [ -83.192579, 42.430637 ], [ -83.192356, 42.430644 ], [ -83.19127, 42.430681 ], [ -83.191134, 42.430685 ], [ -83.189921, 42.430724 ], [ -83.189876, 42.428919 ], [ -83.189829, 42.427114 ], [ -83.189784, 42.42531 ], [ -83.189738, 42.423502 ], [ -83.190981, 42.423457 ], [ -83.192292, 42.423411 ], [ -83.193528, 42.423367 ], [ -83.194064, 42.423349 ], [ -83.194728, 42.423312 ], [ -83.195314, 42.423283 ], [ -83.195909, 42.423268 ], [ -83.197152, 42.423231 ], [ -83.198399, 42.423193 ], [ -83.199588, 42.423155 ], [ -83.19966, 42.424967 ], [ -83.19973, 42.426774 ], [ -83.199801, 42.428578 ], [ -83.199874, 42.430422 ] ] ] } },
{ "type": "Feature", "properties": { "GEOID": "261635463011", "NAME": "15000US261635463011", "population": 1658, "acs_year": "2020-2024", "ALAND": 590796, "AWATER": 0, "walk_minutes": 44.217096591260663, "access_bin": "> 20 min", "within_15": false, "tract": "26163546301" }, "geometry": { "type": "Polygon", "coordinates": [ [ [ -83.266599, 42.374458 ], [ -83.266125, 42.374466 ], [ -83.266153, 42.375086 ], [ -83.2658, 42.375101 ], [ -83.26465, 42.375128 ], [ -83.263431, 42.375153 ], [ -83.262326, 42.37519 ], [ -83.26098, 42.375225 ], [ -83.260949, 42.374012 ], [ -83.260871, 42.371597 ], [ -83.260969, 42.371403 ], [ -83.260973, 42.370224 ], [ -83.260937, 42.369192 ], [ -83.260851, 42.366822 ], [ -83.260804, 42.36554 ], [ -83.260809, 42.365014 ], [ -83.260743, 42.364382 ], [ -83.261718, 42.364366 ], [ -83.261946, 42.364368 ], [ -83.262064, 42.364369 ], [ -83.262721, 42.364347 ], [ -83.262923, 42.36435 ], [ -83.263046, 42.364347 ], [ -83.264266, 42.364305 ], [ -83.265483, 42.364265 ], [ -83.26546, 42.363478 ], [ -83.265427, 42.362525 ], [ -83.265419, 42.362241 ], [ -83.265325, 42.359397 ], [ -83.265309, 42.358909 ], [ -83.265246, 42.357065 ], [ -83.265656, 42.357055 ], [ -83.265987, 42.357046 ], [ -83.26604, 42.358533 ], [ -83.266052, 42.358901 ], [ -83.266062, 42.362282 ], [ -83.266178, 42.363081 ], [ -83.266195, 42.363658 ], [ -83.266213, 42.364266 ], [ -83.266313, 42.366729 ], [ -83.266322, 42.366977 ], [ -83.266327, 42.367127 ], [ -83.266398, 42.3691 ], [ -83.266472, 42.371496 ], [ -83.266599, 42.374458 ] ] ] } },
{ "type": "Feature", "properties": { "GEOID": "261635470003", "NAME": "15000US261635470003", "population": 823, "acs_year": "2020-2024", "ALAND": 646823, "AWATER": 0, "walk_minutes": 29.813144885743313, "access_bin": "> 20 min", "within_15": false, "tract": "26163547000" }, "geometry": { "type": "Polygon", "coordinates": [ [ [ -83.246411, 42.378981 ], [ -83.241433, 42.379026 ], [ -83.24019, 42.379038 ], [ -83.239935, 42.379033 ], [ -83.238955, 42.37904 ], [ -83.238873, 42.379037 ], [ -83.238349, 42.378999 ], [ -83.238106, 42.378968 ], [ -83.237743, 42.378911 ], [ -83.237232, 42.378833 ], [ -83.236952, 42.378776 ], [ -83.236559, 42.378718 ], [ -83.236556, 42.378664 ], [ -83.23651, 42.377765 ], [ -83.236505, 42.377747 ], [ -83.236457, 42.377209 ], [ -83.23641, 42.376555 ], [ -83.236404, 42.37637 ], [ -83.236329, 42.374069 ], [ -83.236257, 42.371891 ], [ -83.237529, 42.371879 ], [ -83.238781, 42.371873 ], [ -83.240003, 42.37187 ], [ -83.241228, 42.371873 ], [ -83.24181, 42.371875 ], [ -83.242458, 42.371872 ], [ -83.243717, 42.371861 ], [ -83.244983, 42.371845 ], [ -83.246228, 42.371829 ], [ -83.246305, 42.374917 ], [ -83.246341, 42.376308 ], [ -83.246388, 42.378004 ], [ -83.246411, 42.378981 ] ] ] } },
{ "type": "Feature", "properties": { "GEOID": "261635472004", "NAME": "15000US261635472004", "population": 1518, "acs_year": "2020-2024", "ALAND": 1305825, "AWATER": 0, "walk_minutes": 15.704991497494241, "access_bin": "<= 20 min", "within_15": false, "tract": "26163547200" }, "geometry": { "type": "Polygon", "coordinates": [ [ [ -83.216581, 42.357845 ], [ -83.216396, 42.357849 ], [ -83.216072, 42.357856 ], [ -83.215097, 42.357876 ], [ -83.214038, 42.357905 ], [ -83.213109, 42.357916 ], [ -83.212892, 42.357919 ], [ -83.212832, 42.35792 ], [ -83.21265, 42.357923 ], [ -83.211687, 42.357938 ], [ -83.211618, 42.357939 ], [ -83.211496, 42.357939 ], [ -83.21033, 42.357936 ], [ -83.210203, 42.357936 ], [ -83.210148, 42.357937 ], [ -83.209641, 42.357942 ], [ -83.20941, 42.357944 ], [ -83.209381, 42.357944 ], [ -83.20899, 42.357949 ], [ -83.207619, 42.357969 ], [ -83.206733, 42.357981 ], [ -83.205488, 42.357999 ], [ -83.204307, 42.358017 ], [ -83.203764, 42.358024 ], [ -83.203262, 42.358036 ], [ -83.203113, 42.35804 ], [ -83.20161, 42.35812 ], [ -83.201374, 42.358129 ], [ -83.200798, 42.35814 ], [ -83.199463, 42.358142 ], [ -83.197195, 42.358125 ], [ -83.196997, 42.358129 ], [ -83.196958, 42.357344 ], [ -83.196947, 42.3569 ], [ -83.196885, 42.355758 ], [ -83.196751, 42.353398 ], [ -83.196609, 42.35089 ], [ -83.198196, 42.35087 ], [ -83.199043, 42.350857 ], [ -83.200276, 42.350838 ], [ -83.201509, 42.350819 ], [ -83.202749, 42.350799 ], [ -83.203959, 42.350783 ], [ -83.204966, 42.350769 ], [ -83.20518, 42.350766 ], [ -83.205968, 42.350755 ], [ -83.206459, 42.350748 ], [ -83.207196, 42.350738 ], [ -83.208352, 42.350723 ], [ -83.209531, 42.350703 ], [ -83.209713, 42.350701 ], [ -83.210578, 42.350694 ], [ -83.210705, 42.350693 ], [ -83.21178, 42.350678 ], [ -83.211855, 42.350677 ], [ -83.211974, 42.350675 ], [ -83.212457, 42.350668 ], [ -83.2128, 42.350663 ], [ -83.212891, 42.350662 ], [ -83.213983, 42.350649 ], [ -83.214145, 42.350647 ], [ -83.214904, 42.350636 ], [ -83.215086, 42.350634 ], [ -83.21594, 42.350623 ], [ -83.216265, 42.350619 ], [ -83.216446, 42.350616 ], [ -83.216457, 42.351816 ], [ -83.216426, 42.354297 ], [ -83.216471, 42.354868 ], [ -83.216581, 42.357845 ] ] ] } },
{ "type": "Feature", "properties": { "GEOID": "261635456002", "NAME": "15000US261635456002", "population": 1929, "acs_year": "2020-2024", "ALAND": 432922, "AWATER": 0, "walk_minutes": 12.006150307806733, "access_bin": "<= 15 min", "within_15": true, "tract": "26163545600" }, "geometry": { "type": "Polygon", "coordinates": [ [ [ -83.216231, 42.343366 ], [ -83.216045, 42.34337 ], [ -83.215866, 42.343374 ], [ -83.215715, 42.343377 ], [ -83.214799, 42.343391 ], [ -83.214658, 42.343394 ], [ -83.213707, 42.343408 ], [ -83.213477, 42.343412 ], [ -83.212739, 42.343425 ], [ -83.212251, 42.343433 ], [ -83.211577, 42.343444 ], [ -83.21102, 42.343453 ], [ -83.210416, 42.343463 ], [ -83.209795, 42.343473 ], [ -83.20965, 42.339855 ], [ -83.209507, 42.336268 ], [ -83.210729, 42.336244 ], [ -83.211993, 42.336212 ], [ -83.212594, 42.336194 ], [ -83.212812, 42.336174 ], [ -83.213037, 42.336127 ], [ -83.213204, 42.336063 ], [ -83.213248, 42.336046 ], [ -83.213658, 42.335784 ], [ -83.213773, 42.335849 ], [ -83.213867, 42.335895 ], [ -83.214025, 42.335961 ], [ -83.214199, 42.33602 ], [ -83.214447, 42.336078 ], [ -83.214688, 42.336116 ], [ -83.214884, 42.336133 ], [ -83.215082, 42.336139 ], [ -83.215415, 42.336135 ], [ -83.215759, 42.336133 ], [ -83.215937, 42.336128 ], [ -83.216008, 42.33714 ], [ -83.216153, 42.338826 ], [ -83.216208, 42.339741 ], [ -83.216217, 42.339892 ], [ -83.216225, 42.341157 ], [ -83.21621, 42.342474 ], [ -83.216219, 42.343043 ], [ -83.216231, 42.343366 ] ] ] } },
{ "type": "Feature", "properties": { "GEOID": "261635455003", "NAME": "15000US261635455003", "population": 2025, "acs_year": "2020-2024", "ALAND": 487209, "AWATER": 0, "walk_minutes": 11.102145485968277, "access_bin": "<= 15 min", "within_15": true, "tract": "26163545500" }, "geometry": { "type": "Polygon", "coordinates": [ [ [ -83.203959, 42.350783 ], [ -83.202749, 42.350799 ], [ -83.201509, 42.350819 ], [ -83.200276, 42.350838 ], [ -83.199043, 42.350857 ], [ -83.198196, 42.35087 ], [ -83.196609, 42.35089 ], [ -83.196544, 42.349595 ], [ -83.196488, 42.348421 ], [ -83.196432, 42.347276 ], [ -83.196373, 42.346049 ], [ -83.196342, 42.345456 ], [ -83.196315, 42.34488 ], [ -83.196324, 42.344619 ], [ -83.196289, 42.343889 ], [ -83.196288, 42.343665 ], [ -83.197472, 42.34365 ], [ -83.198694, 42.343634 ], [ -83.199927, 42.343618 ], [ -83.201159, 42.343603 ], [ -83.202402, 42.343586 ], [ -83.203642, 42.34357 ], [ -83.203751, 42.345952 ], [ -83.203857, 42.348327 ], [ -83.203959, 42.350783 ] ] ] } },
{ "type": "Feature", "properties": { "GEOID": "261635373002", "NAME": "15000US261635373002", "population": 129, "acs_year": "2020-2024", "ALAND": 275633, "AWATER": 0, "walk_minutes": 16.604909301164934, "access_bin": "<= 20 min", "within_15": false, "tract": "26163537300" }, "geometry": { "type": "Polygon", "coordinates": [ [ [ -83.188461, 42.387355 ], [ -83.188323, 42.387359 ], [ -83.187447, 42.387386 ], [ -83.186104, 42.387424 ], [ -83.185421, 42.387444 ], [ -83.184958, 42.387257 ], [ -83.183902, 42.386833 ], [ -83.183109, 42.386515 ], [ -83.183096, 42.38609 ], [ -83.18307, 42.385643 ], [ -83.183047, 42.385249 ], [ -83.183034, 42.385028 ], [ -83.183013, 42.384304 ], [ -83.183015, 42.384186 ], [ -83.183048, 42.382498 ], [ -83.183048, 42.382452 ], [ -83.183058, 42.382398 ], [ -83.183056, 42.382274 ], [ -83.183113, 42.38226 ], [ -83.183157, 42.38225 ], [ -83.183301, 42.382216 ], [ -83.184601, 42.38186 ], [ -83.185169, 42.381686 ], [ -83.185694, 42.38152 ], [ -83.186682, 42.381182 ], [ -83.188129, 42.380664 ], [ -83.188156, 42.38086 ], [ -83.188187, 42.381092 ], [ -83.188227, 42.381681 ], [ -83.188324, 42.384061 ], [ -83.188461, 42.387355 ] ] ] } },
{ "type": "Feature", "properties": { "GEOID": "261635378001", "NAME": "15000US261635378001", "population": 1038, "acs_year": "2020-2024", "ALAND": 491246, "AWATER": 0, "walk_minutes": 14.453585243264632, "access_bin": "<= 15 min", "within_15": true, "tract": "26163537800" }, "geometry": { "type": "Polygon", "coordinates": [ [ [ -83.188616, 42.394537 ], [ -83.187468, 42.394569 ], [ -83.186303, 42.394603 ], [ -83.185219, 42.394636 ], [ -83.184224, 42.394666 ], [ -83.183082, 42.394707 ], [ -83.181951, 42.394739 ], [ -83.180728, 42.394774 ], [ -83.179852, 42.394799 ], [ -83.1788, 42.394824 ], [ -83.178715, 42.392699 ], [ -83.179454, 42.392356 ], [ -83.179674, 42.392244 ], [ -83.179939, 42.392099 ], [ -83.180154, 42.39197 ], [ -83.180358, 42.391838 ], [ -83.180532, 42.39172 ], [ -83.181154, 42.391302 ], [ -83.181245, 42.391195 ], [ -83.18153, 42.390881 ], [ -83.181602, 42.3908 ], [ -83.181677, 42.390715 ], [ -83.182177, 42.390092 ], [ -83.182514, 42.389507 ], [ -83.18263, 42.389304 ], [ -83.182707, 42.389164 ], [ -83.182793, 42.389009 ], [ -83.182844, 42.388909 ], [ -83.182887, 42.388818 ], [ -83.182922, 42.38873 ], [ -83.182959, 42.388612 ], [ -83.182997, 42.388448 ], [ -83.183018, 42.388341 ], [ -83.183071, 42.387938 ], [ -83.183072, 42.387916 ], [ -83.183072, 42.387893 ], [ -83.183114, 42.386684 ], [ -83.183109, 42.386515 ], [ -83.183902, 42.386833 ], [ -83.184958, 42.387257 ], [ -83.185421, 42.387444 ], [ -83.186021, 42.387686 ], [ -83.187212, 42.388165 ], [ -83.188379, 42.388634 ], [ -83.188473, 42.390983 ], [ -83.188614, 42.394363 ], [ -83.188616, 42.394537 ] ] ] } },
{ "type": "Feature", "properties": { "GEOID": "261635348003", "NAME": "15000US261635348003", "population": 510, "acs_year": "2020-2024", "ALAND": 1217240, "AWATER": 0, "walk_minutes": 22.469369926787145, "access_bin": "> 20 min", "within_15": false, "tract": "26163534800" }, "geometry": { "type": "Polygon", "coordinates": [ [ [ -83.151464, 42.371129 ], [ -83.151454, 42.371231 ], [ -83.151426, 42.371367 ], [ -83.151396, 42.371468 ], [ -83.151143, 42.372094 ], [ -83.1508, 42.372936 ], [ -83.150782, 42.372989 ], [ -83.150715, 42.373341 ], [ -83.15072, 42.373468 ], [ -83.148901, 42.372742 ], [ -83.147858, 42.37232 ], [ -83.146551, 42.371792 ], [ -83.145945, 42.371547 ], [ -83.145375, 42.37131 ], [ -83.144971, 42.371153 ], [ -83.144655, 42.370732 ], [ -83.144239, 42.370243 ], [ -83.144077, 42.370065 ], [ -83.143921, 42.369904 ], [ -83.14332, 42.369402 ], [ -83.143197, 42.3693 ], [ -83.142785, 42.369034 ], [ -83.142583, 42.368914 ], [ -83.142232, 42.368725 ], [ -83.141906, 42.368568 ], [ -83.141554, 42.368416 ], [ -83.141427, 42.368367 ], [ -83.141068, 42.368228 ], [ -83.139873, 42.367777 ], [ -83.139767, 42.367736 ], [ -83.138751, 42.367398 ], [ -83.138741, 42.36717 ], [ -83.138724, 42.366796 ], [ -83.138714, 42.366586 ], [ -83.138696, 42.366155 ], [ -83.138592, 42.363977 ], [ -83.138529, 42.362421 ], [ -83.138461, 42.360847 ], [ -83.138457, 42.360748 ], [ -83.138406, 42.359655 ], [ -83.138393, 42.35937 ], [ -83.139525, 42.359342 ], [ -83.140625, 42.359316 ], [ -83.141229, 42.359305 ], [ -83.141725, 42.359293 ], [ -83.142828, 42.359268 ], [ -83.143303, 42.35926 ], [ -83.143927, 42.359244 ], [ -83.144358, 42.359234 ], [ -83.14503, 42.359219 ], [ -83.145417, 42.35921 ], [ -83.146132, 42.359194 ], [ -83.14647, 42.359188 ], [ -83.147475, 42.359168 ], [ -83.14795, 42.359158 ], [ -83.148288, 42.359151 ], [ -83.149051, 42.359135 ], [ -83.149617, 42.359123 ], [ -83.149691, 42.360883 ], [ -83.149806, 42.363714 ], [ -83.149913, 42.366343 ], [ -83.151099, 42.366319 ], [ -83.15122, 42.366316 ], [ -83.151228, 42.366698 ], [ -83.151277, 42.367359 ], [ -83.151323, 42.3677 ], [ -83.151318, 42.36779 ], [ -83.151397, 42.36951 ], [ -83.151404, 42.369702 ], [ -83.151429, 42.370244 ], [ -83.151465, 42.371025 ], [ -83.151464, 42.371129 ] ] ] } },
{ "type": "Feature", "properties": { "GEOID": "261635361003", "NAME": "15000US261635361003", "population": 611, "acs_year": "2020-2024", "ALAND": 356013, "AWATER": 0, "walk_minutes": 18.597546434579915, "access_bin": "<= 20 min", "within_15": false, "tract": "26163536100" }, "geometry": { "type": "Polygon", "coordinates": [ [ [ -83.146204, 42.41713 ], [ -83.145161, 42.417133 ], [ -83.144089, 42.417136 ], [ -83.143007, 42.417139 ], [ -83.141935, 42.417142 ], [ -83.140836, 42.417147 ], [ -83.140735, 42.414691 ], [ -83.140637, 42.41235 ], [ -83.140575, 42.410843 ], [ -83.140537, 42.409904 ], [ -83.141631, 42.409891 ], [ -83.142706, 42.409881 ], [ -83.143781, 42.409871 ], [ -83.144855, 42.409861 ], [ -83.145904, 42.409851 ], [ -83.145998, 42.412296 ], [ -83.146087, 42.414634 ], [ -83.146204, 42.41713 ] ] ] } },
{ "type": "Feature", "properties": { "GEOID": "261635358002", "NAME": "15000US261635358002", "population": 795, "acs_year": "2020-2024", "ALAND": 320550, "AWATER": 0, "walk_minutes": 11.624159603684895, "access_bin": "<= 15 min", "within_15": true, "tract": "26163535800" }, "geometry": { "type": "Polygon", "coordinates": [ [ [ -83.196997, 42.358129 ], [ -83.195913, 42.35815 ], [ -83.194854, 42.358174 ], [ -83.193798, 42.358198 ], [ -83.192734, 42.358222 ], [ -83.191598, 42.358249 ], [ -83.190549, 42.358272 ], [ -83.189502, 42.358296 ], [ -83.188382, 42.358323 ], [ -83.18724, 42.358348 ], [ -83.186017, 42.358373 ], [ -83.18481, 42.358397 ], [ -83.183636, 42.358421 ], [ -83.182482, 42.358445 ], [ -83.182207, 42.358452 ], [ -83.182145, 42.356066 ], [ -83.18239, 42.356061 ], [ -83.183528, 42.35604 ], [ -83.184697, 42.356023 ], [ -83.18591, 42.356005 ], [ -83.187135, 42.355981 ], [ -83.188322, 42.355954 ], [ -83.189477, 42.355929 ], [ -83.190502, 42.355905 ], [ -83.19151, 42.355881 ], [ -83.192605, 42.355856 ], [ -83.193666, 42.355833 ], [ -83.194722, 42.355807 ], [ -83.19578, 42.355783 ], [ -83.196885, 42.355758 ], [ -83.196947, 42.3569 ], [ -83.196958, 42.357344 ], [ -83.196997, 42.358129 ] ] ] } },
{ "type": "Feature", "properties": { "GEOID": "261635347001", "NAME": "15000US261635347001", "population": 427, "acs_year": "2020-2024", "ALAND": 320688, "AWATER": 0, "walk_minutes": 8.0538782428291142, "access_bin": "<= 10 min", "within_15": true, "tract": "26163534700" }, "geometry": { "type": "Polygon", "coordinates": [ [ [ -83.157963, 42.358887 ], [ -83.156765, 42.358919 ], [ -83.155586, 42.35893 ], [ -83.154412, 42.358954 ], [ -83.153502, 42.358974 ], [ -83.153048, 42.359038 ], [ -83.153044, 42.358632 ], [ -83.152926, 42.356659 ], [ -83.15278, 42.354218 ], [ -83.152635, 42.351816 ], [ -83.153987, 42.351787 ], [ -83.155163, 42.351764 ], [ -83.156339, 42.35174 ], [ -83.157525, 42.351716 ], [ -83.157554, 42.352418 ], [ -83.157654, 42.354112 ], [ -83.157799, 42.356554 ], [ -83.157963, 42.358887 ] ] ] } },
{ "type": "Feature", "properties": { "GEOID": "261635348002", "NAME": "15000US261635348002", "population": 1169, "acs_year": "2020-2024", "ALAND": 450415, "AWATER": 0, "walk_minutes": 17.646909709721733, "access_bin": "<= 20 min", "within_15": false, "tract": "26163534800" }, "geometry": { "type": "Polygon", "coordinates": [ [ [ -83.150059, 42.359114 ], [ -83.149617, 42.359123 ], [ -83.149051, 42.359135 ], [ -83.148288, 42.359151 ], [ -83.14795, 42.359158 ], [ -83.147475, 42.359168 ], [ -83.14647, 42.359188 ], [ -83.146132, 42.359194 ], [ -83.145417, 42.35921 ], [ -83.14503, 42.359219 ], [ -83.144358, 42.359234 ], [ -83.143927, 42.359244 ], [ -83.143303, 42.35926 ], [ -83.143253, 42.3585 ], [ -83.143206, 42.357741 ], [ -83.143157, 42.356983 ], [ -83.14311, 42.356225 ], [ -83.143066, 42.355537 ], [ -83.143041, 42.355469 ], [ -83.143012, 42.355402 ], [ -83.142897, 42.353561 ], [ -83.142798, 42.352014 ], [ -83.143188, 42.352006 ], [ -83.143905, 42.351992 ], [ -83.14425, 42.351985 ], [ -83.144963, 42.35197 ], [ -83.145242, 42.351965 ], [ -83.146021, 42.35195 ], [ -83.146249, 42.351946 ], [ -83.147079, 42.351929 ], [ -83.147736, 42.351916 ], [ -83.148618, 42.351898 ], [ -83.149623, 42.351877 ], [ -83.149768, 42.354283 ], [ -83.149915, 42.356723 ], [ -83.150059, 42.359114 ] ] ] } },
{ "type": "Feature", "properties": { "GEOID": "261635261001", "NAME": "15000US261635261001", "population": 1146, "acs_year": "2020-2024", "ALAND": 178793, "AWATER": 0, "walk_minutes": 27.637869311841811, "access_bin": "> 20 min", "within_15": false, "tract": "26163526100" }, "geometry": { "type": "Polygon", "coordinates": [ [ [ -83.151898, 42.335997 ], [ -83.150998, 42.336348 ], [ -83.150124, 42.336689 ], [ -83.149257, 42.337027 ], [ -83.148986, 42.336719 ], [ -83.148531, 42.336115 ], [ -83.147026, 42.33404 ], [ -83.146426, 42.333213 ], [ -83.145349, 42.331688 ], [ -83.14515, 42.331414 ], [ -83.145036, 42.331258 ], [ -83.145672, 42.331162 ], [ -83.145746, 42.331148 ], [ -83.146317, 42.331044 ], [ -83.146867, 42.330943 ], [ -83.147131, 42.330894 ], [ -83.147932, 42.330725 ], [ -83.148344, 42.330632 ], [ -83.14863, 42.330567 ], [ -83.148953, 42.330494 ], [ -83.149948, 42.330264 ], [ -83.150949, 42.330049 ], [ -83.151045, 42.330175 ], [ -83.150132, 42.330383 ], [ -83.148606, 42.33073 ], [ -83.148353, 42.330792 ], [ -83.14838, 42.33111 ], [ -83.14837, 42.331149 ], [ -83.149097, 42.332142 ], [ -83.149721, 42.332992 ], [ -83.151356, 42.335233 ], [ -83.151898, 42.335997 ] ] ] } },
{ "type": "Feature", "properties": { "GEOID": "261635301002", "NAME": "15000US261635301002", "population": 1940, "acs_year": "2020-2024", "ALAND": 556647, "AWATER": 0, "walk_minutes": 29.498093289720583, "access_bin": "> 20 min", "within_15": false, "tract": "26163530100" }, "geometry": { "type": "Polygon", "coordinates": [ [ [ -83.128149, 42.417349 ], [ -83.12699, 42.417373 ], [ -83.12576, 42.417399 ], [ -83.124349, 42.417429 ], [ -83.123123, 42.417456 ], [ -83.122515, 42.417469 ], [ -83.122335, 42.417473 ], [ -83.121932, 42.417482 ], [ -83.12139, 42.416687 ], [ -83.120855, 42.415903 ], [ -83.12031, 42.415103 ], [ -83.119765, 42.414304 ], [ -83.119224, 42.413511 ], [ -83.118684, 42.412719 ], [ -83.11816, 42.411926 ], [ -83.117661, 42.411171 ], [ -83.117495, 42.410926 ], [ -83.117146, 42.410391 ], [ -83.117524, 42.410383 ], [ -83.118529, 42.41036 ], [ -83.119478, 42.410338 ], [ -83.120456, 42.410316 ], [ -83.121554, 42.410292 ], [ -83.122085, 42.410279 ], [ -83.122763, 42.410264 ], [ -83.123987, 42.410236 ], [ -83.125218, 42.410209 ], [ -83.125419, 42.410203 ], [ -83.126426, 42.41018 ], [ -83.126654, 42.410174 ], [ -83.127689, 42.410155 ], [ -83.127807, 42.410154 ], [ -83.127921, 42.412578 ], [ -83.128035, 42.414985 ], [ -83.128122, 42.416861 ], [ -83.128149, 42.417349 ] ] ] } },
{ "type": "Feature", "properties": { "GEOID": "261635342003", "NAME": "15000US261635342003", "population": 268, "acs_year": "2020-2024", "ALAND": 397377, "AWATER": 0, "walk_minutes": 21.374012467604938, "access_bin": "> 20 min", "within_15": false, "tract": "26163534200" }, "geometry": { "type": "Polygon", "coordinates": [ [ [ -83.158979, 42.385423 ], [ -83.157958, 42.385417 ], [ -83.157406, 42.385414 ], [ -83.156909, 42.385411 ], [ -83.156847, 42.385411 ], [ -83.156603, 42.385408 ], [ -83.155954, 42.38539 ], [ -83.155567, 42.38537 ], [ -83.155399, 42.385357 ], [ -83.155261, 42.385346 ], [ -83.154956, 42.385316 ], [ -83.154633, 42.385277 ], [ -83.154205, 42.385216 ], [ -83.153886, 42.385163 ], [ -83.153464, 42.385083 ], [ -83.153151, 42.385015 ], [ -83.152737, 42.384915 ], [ -83.152429, 42.384833 ], [ -83.152072, 42.384728 ], [ -83.151722, 42.384614 ], [ -83.151334, 42.384479 ], [ -83.150921, 42.384322 ], [ -83.150516, 42.384155 ], [ -83.1492, 42.383545 ], [ -83.14903, 42.38344 ], [ -83.148847, 42.383314 ], [ -83.148496, 42.38306 ], [ -83.148191, 42.382833 ], [ -83.148016, 42.38269 ], [ -83.147847, 42.382544 ], [ -83.147582, 42.38229 ], [ -83.147314, 42.382006 ], [ -83.147187, 42.381856 ], [ -83.147067, 42.381702 ], [ -83.146892, 42.381446 ], [ -83.14686, 42.381399 ], [ -83.146637, 42.381033 ], [ -83.146963, 42.381026 ], [ -83.147196, 42.381022 ], [ -83.147428, 42.381017 ], [ -83.148116, 42.381003 ], [ -83.149049, 42.380983 ], [ -83.149573, 42.380972 ], [ -83.150595, 42.380946 ], [ -83.15168, 42.38092 ], [ -83.152816, 42.380892 ], [ -83.153904, 42.380865 ], [ -83.154872, 42.38084 ], [ -83.155857, 42.380815 ], [ -83.15684, 42.380791 ], [ -83.157821, 42.380766 ], [ -83.158834, 42.380739 ], [ -83.158926, 42.383649 ], [ -83.15896, 42.384757 ], [ -83.158969, 42.385058 ], [ -83.158974, 42.385248 ], [ -83.158976, 42.385336 ], [ -83.158979, 42.385423 ] ] ] } },
{ "type": "Feature", "properties": { "GEOID": "261635090001", "NAME": "15000US261635090001", "population": 885, "acs_year": "2020-2024", "ALAND": 540514, "AWATER": 0, "walk_minutes": 33.019366679848709, "access_bin": "> 20 min", "within_15": false, "tract": "26163509000" }, "geometry": { "type": "Polygon", "coordinates": [ [ [ -83.114981, 42.432133 ], [ -83.114704, 42.432143 ], [ -83.112145, 42.432175 ], [ -83.111162, 42.432186 ], [ -83.110181, 42.432194 ], [ -83.1092, 42.432205 ], [ -83.108219, 42.432215 ], [ -83.107266, 42.432222 ], [ -83.106227, 42.432217 ], [ -83.105172, 42.432224 ], [ -83.105002, 42.432225 ], [ -83.104116, 42.432254 ], [ -83.103965, 42.432259 ], [ -83.102381, 42.432277 ], [ -83.102347, 42.431443 ], [ -83.102314, 42.430648 ], [ -83.102282, 42.429855 ], [ -83.102249, 42.42906 ], [ -83.102216, 42.428309 ], [ -83.102188, 42.427598 ], [ -83.102156, 42.426885 ], [ -83.107036, 42.4268 ], [ -83.111117, 42.426723 ], [ -83.111318, 42.426714 ], [ -83.111768, 42.427377 ], [ -83.112249, 42.428096 ], [ -83.112692, 42.428708 ], [ -83.112806, 42.428888 ], [ -83.113063, 42.429296 ], [ -83.113318, 42.429671 ], [ -83.113873, 42.430489 ], [ -83.114452, 42.431302 ], [ -83.114892, 42.432003 ], [ -83.114981, 42.432133 ] ] ] } },
{ "type": "Feature", "properties": { "GEOID": "261635090002", "NAME": "15000US261635090002", "population": 269, "acs_year": "2020-2024", "ALAND": 269383, "AWATER": 0, "walk_minutes": 44.434490013773576, "access_bin": "> 20 min", "within_15": false, "tract": "26163509000" }, "geometry": { "type": "Polygon", "coordinates": [ [ [ -83.108593, 42.422646 ], [ -83.107976, 42.422868 ], [ -83.106106, 42.42353 ], [ -83.106004, 42.423557 ], [ -83.105897, 42.423573 ], [ -83.102029, 42.423693 ], [ -83.102008, 42.423156 ], [ -83.101995, 42.422789 ], [ -83.101978, 42.422402 ], [ -83.101962, 42.421899 ], [ -83.101953, 42.421661 ], [ -83.101933, 42.421114 ], [ -83.101926, 42.420909 ], [ -83.101899, 42.42016 ], [ -83.101871, 42.419406 ], [ -83.101864, 42.419213 ], [ -83.101846, 42.418648 ], [ -83.101812, 42.417828 ], [ -83.102989, 42.417803 ], [ -83.104547, 42.417763 ], [ -83.104989, 42.417757 ], [ -83.105293, 42.417749 ], [ -83.105681, 42.418411 ], [ -83.105858, 42.418735 ], [ -83.105884, 42.418782 ], [ -83.106004, 42.418952 ], [ -83.106025, 42.418982 ], [ -83.106241, 42.41929 ], [ -83.106395, 42.419502 ], [ -83.106574, 42.41973 ], [ -83.106942, 42.420278 ], [ -83.107126, 42.420514 ], [ -83.107487, 42.421049 ], [ -83.108023, 42.421844 ], [ -83.108593, 42.422646 ] ] ] } },
{ "type": "Feature", "properties": { "GEOID": "261635090004", "NAME": "15000US261635090004", "population": 139, "acs_year": "2020-2024", "ALAND": 1270566, "AWATER": 0, "walk_minutes": 34.19842276004097, "access_bin": "> 20 min", "within_15": false, "tract": "26163509000" }, "geometry": { "type": "Polygon", "coordinates": [ [ [ -83.102381, 42.432277 ], [ -83.101045, 42.432309 ], [ -83.100931, 42.432312 ], [ -83.100617, 42.432318 ], [ -83.100233, 42.432326 ], [ -83.099147, 42.432341 ], [ -83.098065, 42.432366 ], [ -83.096986, 42.432396 ], [ -83.096544, 42.432413 ], [ -83.095965, 42.432434 ], [ -83.095354, 42.432457 ], [ -83.094924, 42.432473 ], [ -83.094654, 42.432484 ], [ -83.094612, 42.432114 ], [ -83.094566, 42.431704 ], [ -83.094547, 42.431566 ], [ -83.09447, 42.431001 ], [ -83.094242, 42.429198 ], [ -83.094195, 42.428278 ], [ -83.094174, 42.427863 ], [ -83.094148, 42.427358 ], [ -83.094123, 42.427095 ], [ -83.094093, 42.426879 ], [ -83.094056, 42.426681 ], [ -83.093993, 42.426434 ], [ -83.093915, 42.42619 ], [ -83.09383, 42.425973 ], [ -83.093724, 42.425751 ], [ -83.093545, 42.425438 ], [ -83.093386, 42.425192 ], [ -83.093184, 42.424915 ], [ -83.091502, 42.422671 ], [ -83.090877, 42.421886 ], [ -83.090835, 42.421838 ], [ -83.090282, 42.421204 ], [ -83.089936, 42.420808 ], [ -83.088662, 42.419347 ], [ -83.088281, 42.418883 ], [ -83.087935, 42.41846 ], [ -83.08775, 42.418235 ], [ -83.088058, 42.418225 ], [ -83.088578, 42.418207 ], [ -83.089417, 42.418161 ], [ -83.089602, 42.418154 ], [ -83.091471, 42.418137 ], [ -83.092438, 42.418121 ], [ -83.093017, 42.418106 ], [ -83.09343, 42.418106 ], [ -83.093925, 42.418091 ], [ -83.094295, 42.418091 ], [ -83.094828, 42.418023 ], [ -83.095412, 42.418023 ], [ -83.096402, 42.418008 ], [ -83.097397, 42.417974 ], [ -83.097642, 42.417965 ], [ -83.098416, 42.417938 ], [ -83.101078, 42.417847 ], [ -83.101812, 42.417828 ], [ -83.101846, 42.418648 ], [ -83.101864, 42.419213 ], [ -83.101871, 42.419406 ], [ -83.101899, 42.42016 ], [ -83.101926, 42.420909 ], [ -83.101933, 42.421114 ], [ -83.101953, 42.421661 ], [ -83.101962, 42.421899 ], [ -83.101978, 42.422402 ], [ -83.101995, 42.422789 ], [ -83.102008, 42.423156 ], [ -83.102029, 42.423693 ], [ -83.102036, 42.423916 ], [ -83.102064, 42.424642 ], [ -83.102093, 42.425428 ], [ -83.102124, 42.426155 ], [ -83.102156, 42.426885 ], [ -83.102188, 42.427598 ], [ -83.102216, 42.428309 ], [ -83.102249, 42.42906 ], [ -83.102282, 42.429855 ], [ -83.102314, 42.430648 ], [ -83.102347, 42.431443 ], [ -83.102381, 42.432277 ] ] ] } }
]
}
